id_ulasan,instansi_id,instansi_nama,sumber,penulis,teks,rating,tanggal,url,scraped_at
e49aed6ade88a65e3255f903,dishub,Dinas Perhubungan DIY,berita,Suarajogja.id,"Tuntut Pelunasan Hak Pekerja Trans Jogja, KSBSI Desak Dishub DIY dan PT AMI Buka Ruang Mediasi - Suarajogja.id. <a href=""https://news.google.com/rss/articles/CBMi1wFBVV95cUxNR2pDZmhRek5ZRTRmeVZ2SC1Dck9pN2ZRaFpEVzVyVXRXeE94YkFLYzBoU1BVT2Jud2tjNkx6X084aXltWmgtQUMxVjZFVmpNOTluYUZ6R1ZMam9HQWFBYjA2LXBURnZKZEx0RVRIVVNIOFhGU2tCV2d6YTdEUUNLYUVpX014dmMxaWk5SmpBVTFBblBzYlAwSkpCWHBwWnIwMzBRMjZWNHo3dVIzNmhlYjFHbEtBbFltTFl0a3pFd2o0dnBtUDJKTVNGRnlQY3cwRVFmdXF0d9IB3AFBVV95cUxQTW9hYVRDdFhmWDBLU3VvYXZCQlljRWctVFFOcGFpb0JKUy1jaE13LXl3bVM2WmlfNThiV1FDUHR2VC1RaVFvWmJLb3ZHYUhIbXZqWXhjUXNMNmdmc2N2VmRzcXFEQlRuMnFhRmtfbjdKNzZ2S3dSTGxFSjY5LVhkbzFHVnpsdFJrZFRCQUs0b2lOVWpfRUxqYjJLNHpsZ0JubU9yRHB6SFFQRGJUSjZDSHhpYzFwTFdBYk53Qk1hZlduRF94Rm1fdjRwQ0V1TERuU2ZHazN4bm9hU0NE?oc=5"" target=""_blank"">Tuntut Pelunasan Hak Pekerja Trans Jogja, KSBSI Desak Dishub DIY dan PT AMI Buka Ruang Mediasi</a>&nbsp;&nbsp;<font color=""#6f6f6f"">Suarajogja.id</font>",,2026-08-18T13:28:07+00:00,https://news.google.com/rss/articles/CBMi1wFBVV95cUxNR2pDZmhRek5ZRTRmeVZ2SC1Dck9pN2ZRaFpEVzVyVXRXeE94YkFLYzBoU1BVT2Jud2tjNkx6X084aXltWmgtQUMxVjZFVmpNOTluYUZ6R1ZMam9HQWFBYjA2LXBURnZKZEx0RVRIVVNIOFhGU2tCV2d6YTdEUUNLYUVpX014dmMxaWk5SmpBVTFBblBzYlAwSkpCWHBwWnIwMzBRMjZWNHo3dVIzNmhlYjFHbEtBbFltTFl0a3pFd2o0dnBtUDJKTVNGRnlQY3cwRVFmdXF0d9IB3AFBVV95cUxQTW9hYVRDdFhmWDBLU3VvYXZCQlljRWctVFFOcGFpb0JKUy1jaE13LXl3bVM2WmlfNThiV1FDUHR2VC1RaVFvWmJLb3ZHYUhIbXZqWXhjUXNMNmdmc2N2VmRzcXFEQlRuMnFhRmtfbjdKNzZ2S3dSTGxFSjY5LVhkbzFHVnpsdFJrZFRCQUs0b2lOVWpfRUxqYjJLNHpsZ0JubU9yRHB6SFFQRGJUSjZDSHhpYzFwTFdBYk53Qk1hZlduRF94Rm1fdjRwQ0V1TERuU2ZHazN4bm9hU0NE?oc=5,2026-08-21T03:10:24.960819+00:00
60e29c02db9b4a5b3e218b1a,dishub,Dinas Perhubungan DIY,berita,ANTARA News Yogyakarta,"Dishub Bantul tindak jukir ilegal di Lapangan Trirenggo - ANTARA News Yogyakarta. <a href=""https://news.google.com/rss/articles/CBMinwFBVV95cUxOOXR0VnVCZkV5YU1EXzB5cXpILWE1Q1lkbzFLUEtmTk1oOHJxcHpNcGFPYWVBWUcxVFZ0ZWJfTTdNQlVnTVhuMTlkWXVNc2taUGJaRms1cVp6RmlPYkNKSi16c3N0amRkVlBPY2dTdkFvRkZoRm1OdWlFa0EtTENEOWJTOXhlWXcwbDlSTTVJN0NTd1dicDJUczJqRDBxMUU?oc=5"" target=""_blank"">Dishub Bantul tindak jukir ilegal di Lapangan Trirenggo</a>&nbsp;&nbsp;<font color=""#6f6f6f"">ANTARA News Yogyakarta</font>",,2026-08-18T10:27:00+00:00,https://news.google.com/rss/articles/CBMinwFBVV95cUxOOXR0VnVCZkV5YU1EXzB5cXpILWE1Q1lkbzFLUEtmTk1oOHJxcHpNcGFPYWVBWUcxVFZ0ZWJfTTdNQlVnTVhuMTlkWXVNc2taUGJaRms1cVp6RmlPYkNKSi16c3N0amRkVlBPY2dTdkFvRkZoRm1OdWlFa0EtTENEOWJTOXhlWXcwbDlSTTVJN0NTd1dicDJUczJqRDBxMUU?oc=5,2026-08-21T03:10:24.960819+00:00
028581c838145be8ba0d7f40,dishub,Dinas Perhubungan DIY,berita,wartajogja.id,"Target Pendapatan Dishub Kota Yogyakarta Dipangkas Nyaris Rp900 Juta, DPRD Desak Audit Eksternal dan Digitalisasi Tata Kelola Parkir - wartajogja.id. <a href=""https://news.google.com/rss/articles/CBMid0FVX3lxTFBIS1U5SkM1LVRIelQwa1N1X2k2WU16NlVaUUl5emFPOWRLekdISld6Zl9paWJ5YUxPUXhEU01iZGYyMVRoQkd2OXl2b0VrTmdyZ1dqR3BtdGNYWklBN1IwWTZsZGFwUjk4U1IwVG5RTWlkWTYyb3Jv?oc=5"" target=""_blank"">Target Pendapatan Dishub Kota Yogyakarta Dipangkas Nyaris Rp900 Juta, DPRD Desak Audit Eksternal dan Digitalisasi Tata Kelola Parkir</a>&nbsp;&nbsp;<font color=""#6f6f6f"">wartajogja.id</font>",,2026-08-18T07:31:00+00:00,https://news.google.com/rss/articles/CBMid0FVX3lxTFBIS1U5SkM1LVRIelQwa1N1X2k2WU16NlVaUUl5emFPOWRLekdISld6Zl9paWJ5YUxPUXhEU01iZGYyMVRoQkd2OXl2b0VrTmdyZ1dqR3BtdGNYWklBN1IwWTZsZGFwUjk4U1IwVG5RTWlkWTYyb3Jv?oc=5,2026-08-21T03:10:24.960819+00:00
567044024608c27739bc600f,dishub,Dinas Perhubungan DIY,berita,Media Center Sembada,"Moyudan dan Dishub DIY Tangani Lampu Jalan Padam di Jalur Klangon–Tempel - Media Center Sembada. <a href=""https://news.google.com/rss/articles/CBMivAFBVV95cUxQM01sTVl1UXU5ckpKb0Z4Q3hHbkM0ekpjMG9XZElEczM5T0xWaWxUOTVCblozN3dJY3JIc2dxZjc2Ymh0eExYMzVkVmU0QUFtOXUyVlN5ZV9EUUF2RmFHcEo2akVaZ0p4TXdjREM5cHpoSEpxQzBQakp6TEE2ZTNWaDJjYjdzVl9HX0FhUmdIVFhNZjNMUkNOMzNBVUoyUkZKUWxzWHRQdHk4Tm5VeF9Ha01rYk03LUFJVDNBRA?oc=5"" target=""_blank"">Moyudan dan Dishub DIY Tangani Lampu Jalan Padam di Jalur Klangon–Tempel</a>&nbsp;&nbsp;<font color=""#6f6f6f"">Media Center Sembada</font>",,2026-02-10T08:00:00+00:00,https://news.google.com/rss/articles/CBMivAFBVV95cUxQM01sTVl1UXU5ckpKb0Z4Q3hHbkM0ekpjMG9XZElEczM5T0xWaWxUOTVCblozN3dJY3JIc2dxZjc2Ymh0eExYMzVkVmU0QUFtOXUyVlN5ZV9EUUF2RmFHcEo2akVaZ0p4TXdjREM5cHpoSEpxQzBQakp6TEE2ZTNWaDJjYjdzVl9HX0FhUmdIVFhNZjNMUkNOMzNBVUoyUkZKUWxzWHRQdHk4Tm5VeF9Ha01rYk03LUFJVDNBRA?oc=5,2026-08-21T03:10:24.960819+00:00
8d4d41b0a701e0591dd11849,dishub,Dinas Perhubungan DIY,berita,Suara Merdeka Kedu,"Ratusan Pengemudi Betor Geruduk Dishub DIY, Tolak Penutupan Jalan Malioboro - Suara Merdeka Kedu - Suara Merdeka Kedu. <a href=""https://news.google.com/rss/articles/CBMixAFBVV95cUxPcFBXRmt1WVRteExKY3JZTlZ0NjVkUkZLeHJOUmhyZmJWQ2R5WGRLaGpPQWlOdW9UR3JqeW1oTlBtMEpOWmtkSFJoR3FLWS1wMmVZaXdZdkJXVzhqOVM3SjdObmJxWkl2WHJqa01YNWVkRmRDMThJMndaTno0dVJPSkZWUnktYmwzUkppQ3hPMXFocU96T1NhRENsS3NUWmhiNFBJQ19IYnRGdXdfakp1N2FULXZySnlyblBIeHJNOC15TWVV0gHKAUFVX3lxTE9CZVlTanExQ1JpdThaZ1doRUdnTmc3ZGVYby1wX2x4ejhIUEN6RnFyUWFwQm9XTHpCM296dzM1MkdYSzdmVHNjNkhUZk54YWlIRUo5WTVreElBakp5N3p6SmpPMnJDOV96UnZBbUZiVXhaOFU3UURmRkZVZnZTbnVFRzZkMUhBVXhvRC1qSVBZQ1ZqZkgybW9qN1ZENW0yaWZsTWozT1N2cDZzWEFkX1VCSGxCVlhfejFMenlycWRjWVA2NTZ4cGhoN2c?oc=5"" target=""_blank"">Ratusan Pengemudi Betor Geruduk Dishub DIY, Tolak Penutupan Jalan Malioboro - Suara Merdeka Kedu</a>&nbsp;&nbsp;<font color=""#6f6f6f"">Suara Merdeka Kedu</font>",,2026-07-30T06:30:17+00:00,https://news.google.com/rss/articles/CBMixAFBVV95cUxPcFBXRmt1WVRteExKY3JZTlZ0NjVkUkZLeHJOUmhyZmJWQ2R5WGRLaGpPQWlOdW9UR3JqeW1oTlBtMEpOWmtkSFJoR3FLWS1wMmVZaXdZdkJXVzhqOVM3SjdObmJxWkl2WHJqa01YNWVkRmRDMThJMndaTno0dVJPSkZWUnktYmwzUkppQ3hPMXFocU96T1NhRENsS3NUWmhiNFBJQ19IYnRGdXdfakp1N2FULXZySnlyblBIeHJNOC15TWVV0gHKAUFVX3lxTE9CZVlTanExQ1JpdThaZ1doRUdnTmc3ZGVYby1wX2x4ejhIUEN6RnFyUWFwQm9XTHpCM296dzM1MkdYSzdmVHNjNkhUZk54YWlIRUo5WTVreElBakp5N3p6SmpPMnJDOV96UnZBbUZiVXhaOFU3UURmRkZVZnZTbnVFRzZkMUhBVXhvRC1qSVBZQ1ZqZkgybW9qN1ZENW0yaWZsTWozT1N2cDZzWEFkX1VCSGxCVlhfejFMenlycWRjWVA2NTZ4cGhoN2c?oc=5,2026-08-21T03:10:24.960819+00:00
cdc8b75a66462565db025209,dishub,Dinas Perhubungan DIY,berita,detikcom,"Respons Dishub soal Bentor Minta Boleh Lewat Saat Malioboro Full Pedestrian - detikcom. <a href=""https://news.google.com/rss/articles/CBMivAFBVV95cUxQUkpRejlDb1I3WmZyRVRvWmphc0pDWFcxWk04ZUtBdkhRWmJuVmtfVnhsdzVJOVQ3Rk03THkwQ01hWTB4TU55cjlqN19manpGV25tT1EzZWJEX2hCV3NQX3E1b3piVWtCYjZQSlFRNGR4M1NkMTRMVi0tVFFXQThYek9OSExielBES0NnWkkwX092VnR6andDZ3R3X21VbkdyNXN5UUozcHNZRHVBbHplWHduc2FfakYzUUtXVdIBwgFBVV95cUxNTlVwR0JLSzNSY3hWT2kweFBxdHN2YVFqWWJEMDRQVFA3SGZqUGZiSTZodjBvODA1UXRPc2hONmotRU9UbTJVeFdsMkxNNVc2a0NhQ0oweHdwYnJSNUE4TlNrZUxoZHU5dTNQRmVkeTlsWHpTaGszekl5NE9lM0hmckNMUEEyTVFjdGg3aE9uSEFsMUNON0VaOXdrQzQtQmRIMUR1UGktV21TaGNGeU50NUZXdkpKNWY4bDVSVUYzWnM3dw?oc=5"" target=""_blank"">Respons Dishub soal Bentor Minta Boleh Lewat Saat Malioboro Full Pedestrian</a>&nbsp;&nbsp;<font color=""#6f6f6f"">detikcom</font>",,2026-07-31T07:00:00+00:00,https://news.google.com/rss/articles/CBMivAFBVV95cUxQUkpRejlDb1I3WmZyRVRvWmphc0pDWFcxWk04ZUtBdkhRWmJuVmtfVnhsdzVJOVQ3Rk03THkwQ01hWTB4TU55cjlqN19manpGV25tT1EzZWJEX2hCV3NQX3E1b3piVWtCYjZQSlFRNGR4M1NkMTRMVi0tVFFXQThYek9OSExielBES0NnWkkwX092VnR6andDZ3R3X21VbkdyNXN5UUozcHNZRHVBbHplWHduc2FfakYzUUtXVdIBwgFBVV95cUxNTlVwR0JLSzNSY3hWT2kweFBxdHN2YVFqWWJEMDRQVFA3SGZqUGZiSTZodjBvODA1UXRPc2hONmotRU9UbTJVeFdsMkxNNVc2a0NhQ0oweHdwYnJSNUE4TlNrZUxoZHU5dTNQRmVkeTlsWHpTaGszekl5NE9lM0hmckNMUEEyTVFjdGg3aE9uSEFsMUNON0VaOXdrQzQtQmRIMUR1UGktV21TaGNGeU50NUZXdkpKNWY4bDVSVUYzWnM3dw?oc=5,2026-08-21T03:10:24.960819+00:00
961f9ceb8b3e52f0c6845ea8,dishub,Dinas Perhubungan DIY,berita,Kompas.com,"Dishub DIY Akan Batasi Kendaraan di Jeron Beteng Demi Zona Rendah Emisi - Kompas.com. <a href=""https://news.google.com/rss/articles/CBMi0gFBVV95cUxPbzNPSmlTLXBpNVJ1bGVXVEdicVdlZ2xkOTNMQzJtS2pHZ1k2Qk5oUDEzYVBvU0lvY01ZeC1rWjU2LXlZNm1oMk9PTzZ3Z2o3bG0wU25jempDWm1OSHNfcDg1RUszZEVwZjhtV2RSbG4xWktZSDlJNkNkRjFHZll3VnozbF9VTURpd1NYaHItb2VwNTluTlVwRnlYWGthZk5HMUdkdjhBYWdwNjdXcVppdVlkdm9YcjdWakZickM4Qzl3X2ZJS21RZXpTbVFFVlJ5blE?oc=5"" target=""_blank"">Dishub DIY Akan Batasi Kendaraan di Jeron Beteng Demi Zona Rendah Emisi</a>&nbsp;&nbsp;<font color=""#6f6f6f"">Kompas.com</font>",,2026-02-02T08:00:00+00:00,https://news.google.com/rss/articles/CBMi0gFBVV95cUxPbzNPSmlTLXBpNVJ1bGVXVEdicVdlZ2xkOTNMQzJtS2pHZ1k2Qk5oUDEzYVBvU0lvY01ZeC1rWjU2LXlZNm1oMk9PTzZ3Z2o3bG0wU25jempDWm1OSHNfcDg1RUszZEVwZjhtV2RSbG4xWktZSDlJNkNkRjFHZll3VnozbF9VTURpd1NYaHItb2VwNTluTlVwRnlYWGthZk5HMUdkdjhBYWdwNjdXcVppdVlkdm9YcjdWakZickM4Qzl3X2ZJS21RZXpTbVFFVlJ5blE?oc=5,2026-08-21T03:10:24.960819+00:00
0b6a54ea1ce9f84423c61326,dishub,Dinas Perhubungan DIY,berita,Pemerintah Kota Yogyakarta,"Pemkot Yogya Akan Upayakan Percepatan Transformasi ke Becak Listrik Lewat APBD - Pemerintah Kota Yogyakarta. <a href=""https://news.google.com/rss/articles/CBMiXEFVX3lxTE1VNjlrc2stN1lyVkhYbl95U182Q1h4dzdaU01VS0x1VjkxMDdaTU55WWJscVFnekNBLVZwdHdWaU16M1ZxN0hIYk50czVMM1lXSDhnRFNlYkI1ak1M?oc=5"" target=""_blank"">Pemkot Yogya Akan Upayakan Percepatan Transformasi ke Becak Listrik Lewat APBD</a>&nbsp;&nbsp;<font color=""#6f6f6f"">Pemerintah Kota Yogyakarta</font>",,2026-06-05T07:00:00+00:00,https://news.google.com/rss/articles/CBMiXEFVX3lxTE1VNjlrc2stN1lyVkhYbl95U182Q1h4dzdaU01VS0x1VjkxMDdaTU55WWJscVFnekNBLVZwdHdWaU16M1ZxN0hIYk50czVMM1lXSDhnRFNlYkI1ak1M?oc=5,2026-08-21T03:10:24.960819+00:00
bf0195f917056e6e50e45bff,dishub,Dinas Perhubungan DIY,berita,Harian Jogja,"Dishub DIY Siapkan Rekayasa Parkir Jelang Malioboro Full Pedestrian - Harian Jogja. <a href=""https://news.google.com/rss/articles/CBMiqAFBVV95cUxOeXNBMzYxZERzT0VabmVFSVJ4MlBveUMweTdwa1lHTVZ6ZUFPVmxaUlJ2RTRCc3lKSmlOSUJlY1ZESUpBbEZhQkpKVURBNnRFSmQzbFA2a2taU2toZXZSLVVib3VGUVVhWjhGWlR6OWxFRWJYZmxvVjk2cVFKT0N6dXBXM195Y3N5X1pIQnA3cHVKVVBpZkdSTVpVcHQydnBteExfU3ZBaDM?oc=5"" target=""_blank"">Dishub DIY Siapkan Rekayasa Parkir Jelang Malioboro Full Pedestrian</a>&nbsp;&nbsp;<font color=""#6f6f6f"">Harian Jogja</font>",,2026-07-02T07:00:00+00:00,https://news.google.com/rss/articles/CBMiqAFBVV95cUxOeXNBMzYxZERzT0VabmVFSVJ4MlBveUMweTdwa1lHTVZ6ZUFPVmxaUlJ2RTRCc3lKSmlOSUJlY1ZESUpBbEZhQkpKVURBNnRFSmQzbFA2a2taU2toZXZSLVVib3VGUVVhWjhGWlR6OWxFRWJYZmxvVjk2cVFKT0N6dXBXM195Y3N5X1pIQnA3cHVKVVBpZkdSTVpVcHQydnBteExfU3ZBaDM?oc=5,2026-08-21T03:10:24.960819+00:00
ba1d7fb8add094168ee9ad24,dishub,Dinas Perhubungan DIY,berita,ANTARA News Yogyakarta,"Jelang HUT RI, PLN UID Yogyakarta dan Dishub DIY tambah sebaran SPKLU - ANTARA News Yogyakarta. <a href=""https://news.google.com/rss/articles/CBMisAFBVV95cUxNSldBemlkVVhyeWZoa2w4QVdmcktQTXRnZHppOUM1S0tSdi1ZbVM0NmpxSk51cDY4aWR5TWViaEhSQXcycVk0VGFXNzVTZVpvMzA4R1FUaC1VMWp3UURTXzVWNDBfbmhHN0hpbkhqODFLal9OU2JjZHNoUU1KZnRLemNlaFZ0eUsxTl9CLWc0N0xhWWlSSHdrWDN6bVFvZjJud3F5a0F0WFVDMHdMU3JmdA?oc=5"" target=""_blank"">Jelang HUT RI, PLN UID Yogyakarta dan Dishub DIY tambah sebaran SPKLU</a>&nbsp;&nbsp;<font color=""#6f6f6f"">ANTARA News Yogyakarta</font>",,2026-07-27T07:00:00+00:00,https://news.google.com/rss/articles/CBMisAFBVV95cUxNSldBemlkVVhyeWZoa2w4QVdmcktQTXRnZHppOUM1S0tSdi1ZbVM0NmpxSk51cDY4aWR5TWViaEhSQXcycVk0VGFXNzVTZVpvMzA4R1FUaC1VMWp3UURTXzVWNDBfbmhHN0hpbkhqODFLal9OU2JjZHNoUU1KZnRLemNlaFZ0eUsxTl9CLWc0N0xhWWlSSHdrWDN6bVFvZjJud3F5a0F0WFVDMHdMU3JmdA?oc=5,2026-08-21T03:10:24.960819+00:00
307d9515332d4402db2ef02a,dishub,Dinas Perhubungan DIY,berita,detikcom,"Dishub DIY Buka Lowongaan Tenaga Ahli, Simak di Sini! - detikcom. <a href=""https://news.google.com/rss/articles/CBMinAFBVV95cUxPTmozX2xJdzhKUnkwczljTVVieHVrNXlWS0FWU3ZEdXpiU0VnMk5aQjEzTWtoRHpaampocEFyZ0E5QUpySDlSQmFJb3lYbVBqWWVuRHY3dWdSWkNWanJ6TDVlN096ZUlDSW9SdVo4ajNaSWxvUjRpT0VsdG4xTkJwbGpCUkwzUjJwVXM2Y1BvUHYwVHVwZ1hFZjZhQVbSAaIBQVVfeXFMT1gtNnNjMDE2U3JtMUdWZnV1YWpteUtuV2R3NGVycUZQTTlwUVNOWlpUVUlCOHVPSFIyUENYZnNsQUoxdnZzdkxRMHRPeFVYSFFteHlJWTc3M2ZRT2VfRmUwZGtMd2tLSUZPUEdqMzBrUG55X25RaFJzU25OZ1l5Y0hCQmlrbERyVlRXdEZ4Tm5CSlBfY0ctWXBDaDVJcTJVWm5n?oc=5"" target=""_blank"">Dishub DIY Buka Lowongaan Tenaga Ahli, Simak di Sini!</a>&nbsp;&nbsp;<font color=""#6f6f6f"">detikcom</font>",,2026-01-23T08:00:00+00:00,https://news.google.com/rss/articles/CBMinAFBVV95cUxPTmozX2xJdzhKUnkwczljTVVieHVrNXlWS0FWU3ZEdXpiU0VnMk5aQjEzTWtoRHpaampocEFyZ0E5QUpySDlSQmFJb3lYbVBqWWVuRHY3dWdSWkNWanJ6TDVlN096ZUlDSW9SdVo4ajNaSWxvUjRpT0VsdG4xTkJwbGpCUkwzUjJwVXM2Y1BvUHYwVHVwZ1hFZjZhQVbSAaIBQVVfeXFMT1gtNnNjMDE2U3JtMUdWZnV1YWpteUtuV2R3NGVycUZQTTlwUVNOWlpUVUlCOHVPSFIyUENYZnNsQUoxdnZzdkxRMHRPeFVYSFFteHlJWTc3M2ZRT2VfRmUwZGtMd2tLSUZPUEdqMzBrUG55X25RaFJzU25OZ1l5Y0hCQmlrbERyVlRXdEZ4Tm5CSlBfY0ctWXBDaDVJcTJVWm5n?oc=5,2026-08-21T03:10:24.960819+00:00
1a7adf30ea6adf471e999f1e,dishub,Dinas Perhubungan DIY,berita,Kompas.com,"Dishub DIY Pasang 13 Portal di Sirip-sirip Malioboro, Telan Anggaran Rp 230 Juta - Kompas.com. <a href=""https://news.google.com/rss/articles/CBMixAFBVV95cUxPZklZTWN4TmtFd2V1U0N2UGlJQnZnN3h2RWxKOHp3WGg5M01aOVhBdzZYalhBNXJ1VmtlMzE1LWZGbjYxbVJ4bGJaR2FBVHdjUXFWZXRqOUhWakJQRGRBek94MDJOakNkMnpYLWVkck0yREpXU3gySm1MYjBVMFQ3dEswQVJuS25zcmxJYW5mNl90aXpSaW12a0lCeTdLZk1LUEM1Y2ZQQ2NFaXNtOHItX0JteWxpOEVNcWVyWWZ4WXhqRlND?oc=5"" target=""_blank"">Dishub DIY Pasang 13 Portal di Sirip-sirip Malioboro, Telan Anggaran Rp 230 Juta</a>&nbsp;&nbsp;<font color=""#6f6f6f"">Kompas.com</font>",,2026-07-06T07:00:00+00:00,https://news.google.com/rss/articles/CBMixAFBVV95cUxPZklZTWN4TmtFd2V1U0N2UGlJQnZnN3h2RWxKOHp3WGg5M01aOVhBdzZYalhBNXJ1VmtlMzE1LWZGbjYxbVJ4bGJaR2FBVHdjUXFWZXRqOUhWakJQRGRBek94MDJOakNkMnpYLWVkck0yREpXU3gySm1MYjBVMFQ3dEswQVJuS25zcmxJYW5mNl90aXpSaW12a0lCeTdLZk1LUEM1Y2ZQQ2NFaXNtOHItX0JteWxpOEVNcWVyWWZ4WXhqRlND?oc=5,2026-08-21T03:10:24.960819+00:00
84db6809cfb38fd8e6f3afb0,dishub,Dinas Perhubungan DIY,berita,Harian Jogja,"Dishub DIY Siapkan Pembatasan Kendaraan di Jeron Benteng Kraton Jogja - Harian Jogja. <a href=""https://news.google.com/rss/articles/CBMitwFBVV95cUxQM3FYNkR1WDlmemRYeG1CSUhGc3YzUnZHakY2UUhlSmpLTUg5c1FnRFdqQnExX05rSmNXaXdEWVFqT1hEUGd0RklsSGNocVpxNXhQNThlaGpSOHhtczlBWlhSWGo0bXRTd29LOWNSZHAtMkJTTnh1SU95ZXdUdUFRU0VVWGJ1SGt2ZkhINjVnYzdFdFZxeU92c0d3M3BMUDdSSnRJcGJwS24xTFViVzYtTy1pRUdDWVk?oc=5"" target=""_blank"">Dishub DIY Siapkan Pembatasan Kendaraan di Jeron Benteng Kraton Jogja</a>&nbsp;&nbsp;<font color=""#6f6f6f"">Harian Jogja</font>",,2026-02-01T08:00:00+00:00,https://news.google.com/rss/articles/CBMitwFBVV95cUxQM3FYNkR1WDlmemRYeG1CSUhGc3YzUnZHakY2UUhlSmpLTUg5c1FnRFdqQnExX05rSmNXaXdEWVFqT1hEUGd0RklsSGNocVpxNXhQNThlaGpSOHhtczlBWlhSWGo0bXRTd29LOWNSZHAtMkJTTnh1SU95ZXdUdUFRU0VVWGJ1SGt2ZkhINjVnYzdFdFZxeU92c0d3M3BMUDdSSnRJcGJwS24xTFViVzYtTy1pRUdDWVk?oc=5,2026-08-21T03:10:24.960819+00:00
2a2411f43407b880a71c7755,dishub,Dinas Perhubungan DIY,berita,ANTARA News Yogyakarta,"Dishub DIY adakan bimtek operasional becak listrik untuk pengemudi - ANTARA News Yogyakarta. <a href=""https://news.google.com/rss/articles/CBMirgFBVV95cUxQZUNtVTdBQktjZFctb0JPZVhWUWw1ZGRlMmYyTnVoTFAzWjV0OG9kVl9tWWk3Y2MtamJ2bHFuVkkzeEJOMnlSZ0VsWVhhamhFQWVzR2dtVTgxUmVja0VDNGtsQnJyeWxIR3Y0WnhqUVJrMkpfb2V2bTc3TlMxdzBmXzdCcFUyUFZmQ2Ryem1EX0NLanNidGxOSjJoWFhaMEJpTFpsMXQ3VzluN1FQUlE?oc=5"" target=""_blank"">Dishub DIY adakan bimtek operasional becak listrik untuk pengemudi</a>&nbsp;&nbsp;<font color=""#6f6f6f"">ANTARA News Yogyakarta</font>",,2026-06-17T07:00:00+00:00,https://news.google.com/rss/articles/CBMirgFBVV95cUxQZUNtVTdBQktjZFctb0JPZVhWUWw1ZGRlMmYyTnVoTFAzWjV0OG9kVl9tWWk3Y2MtamJ2bHFuVkkzeEJOMnlSZ0VsWVhhamhFQWVzR2dtVTgxUmVja0VDNGtsQnJyeWxIR3Y0WnhqUVJrMkpfb2V2bTc3TlMxdzBmXzdCcFUyUFZmQ2Ryem1EX0NLanNidGxOSjJoWFhaMEJpTFpsMXQ3VzluN1FQUlE?oc=5,2026-08-21T03:10:24.960819+00:00
c091f0f771ee3157fceaa87d,dishub,Dinas Perhubungan DIY,berita,Kompas.com,"Menuju Malioboro Full Pedestrian, Dishub DIY Mulai Pasang Portal - Kompas.com. <a href=""https://news.google.com/rss/articles/CBMiuwFBVV95cUxQcEhaZVh4bm9KWjdSdjdIM1RUWTNEOExkenBtWF9WSEQwYkdxcTZidEVGdDMyYUFWN2NiZXRKZ0tLa1RTckxtNFVnNjlMU2ZJVjNlVGhmXzZkRXQ5MzNFZGNpdjhHT3k2ZE9ndGZKUTB0U0pwVUtEaWRwendZN2hWbEYzY3FnRUh4bTc5ZHdNb1FEckxqYy1MMngzQXl6UEM2Rmw2eUxiWk1RRVE4dDROSjRsZ1FfelpucmFF?oc=5"" target=""_blank"">Menuju Malioboro Full Pedestrian, Dishub DIY Mulai Pasang Portal</a>&nbsp;&nbsp;<font color=""#6f6f6f"">Kompas.com</font>",,2026-07-03T07:00:00+00:00,https://news.google.com/rss/articles/CBMiuwFBVV95cUxQcEhaZVh4bm9KWjdSdjdIM1RUWTNEOExkenBtWF9WSEQwYkdxcTZidEVGdDMyYUFWN2NiZXRKZ0tLa1RTckxtNFVnNjlMU2ZJVjNlVGhmXzZkRXQ5MzNFZGNpdjhHT3k2ZE9ndGZKUTB0U0pwVUtEaWRwendZN2hWbEYzY3FnRUh4bTc5ZHdNb1FEckxqYy1MMngzQXl6UEM2Rmw2eUxiWk1RRVE4dDROSjRsZ1FfelpucmFF?oc=5,2026-08-21T03:10:24.960819+00:00
dfb9e63f3bb76bef31e808ff,dishub,Dinas Perhubungan DIY,berita,detikcom,"Ramai Trans Jogja Jalur 14 Dikeluhkan, Dishub DIY Buka Suara - detikcom. <a href=""https://news.google.com/rss/articles/CBMipwFBVV95cUxNVURLU0d5R3V6cUUyOW96QW5BMmNmMVBWamxjSGZfbzlxY1BVbVFtX2lfSE5TdFFFNjlEaTZwVmVoTFZYb09QeC1uTW5zcHhmblBiOXBCZmZGSVZQUlB3UENxYjA5TU9HTXVxeFJNQzNLS0NHSlhOWkdKNFZYTVhFZml4emExX2VUX0NnMWEtank2T0FnblUwSUM5TUtJSmNCc0p4R1Rta9IBrAFBVV95cUxNb19NcTBJd2poRUhXMG42SkZJajlDTHdVNE5ZaEVSMy1LQno5VjNtUHRvaFhHSVN0TjM5cnJLTzh0SkpkV1ZmbXlpelJHZGkwYVpoc200bHZKWFN6cFotR1Z0SWFFbmdVVl9vbXNqY1B3eW9fY0FKNzc1RlQxT2IwUEpOLW8yNF9PVGFubDEtMk4wbkdjYWg3alh5U3luSUhZbGQ3WW0walUzTUZE?oc=5"" target=""_blank"">Ramai Trans Jogja Jalur 14 Dikeluhkan, Dishub DIY Buka Suara</a>&nbsp;&nbsp;<font color=""#6f6f6f"">detikcom</font>",,2026-02-05T08:00:00+00:00,https://news.google.com/rss/articles/CBMipwFBVV95cUxNVURLU0d5R3V6cUUyOW96QW5BMmNmMVBWamxjSGZfbzlxY1BVbVFtX2lfSE5TdFFFNjlEaTZwVmVoTFZYb09QeC1uTW5zcHhmblBiOXBCZmZGSVZQUlB3UENxYjA5TU9HTXVxeFJNQzNLS0NHSlhOWkdKNFZYTVhFZml4emExX2VUX0NnMWEtank2T0FnblUwSUM5TUtJSmNCc0p4R1Rta9IBrAFBVV95cUxNb19NcTBJd2poRUhXMG42SkZJajlDTHdVNE5ZaEVSMy1LQno5VjNtUHRvaFhHSVN0TjM5cnJLTzh0SkpkV1ZmbXlpelJHZGkwYVpoc200bHZKWFN6cFotR1Z0SWFFbmdVVl9vbXNqY1B3eW9fY0FKNzc1RlQxT2IwUEpOLW8yNF9PVGFubDEtMk4wbkdjYWg3alh5U3luSUhZbGQ3WW0walUzTUZE?oc=5,2026-08-21T03:10:24.960819+00:00
6701bc2178f54e6ca79023dc,dishub,Dinas Perhubungan DIY,berita,ANTARA News Yogyakarta,"Dishub DIY sebut transformasi becak listrik adaptasi transportasi lebih ramah - ANTARA News Yogyakarta. <a href=""https://news.google.com/rss/articles/CBMivAFBVV95cUxOa0FpSlJpa1hLVUVvek1pc1d4elM5YzRESFF4RndfbXVhLVFLZEN2dFl4VzZua3lONzZLQW1MMUlmY3VreFVCYVpRUUF5em14TmxXcjRTcGJsSkFjVmc0UE43OWxJWjRlM0UybjdZMWlFVmx5UE0ySWd2ZnY1Sm9iS3cwNWlia1RORFBvMXlMeHJUbUpOTk5pQWZtNEtDU2x2anFoU20xcV82anc5THRxTXFSU0lUSXZPeW83TQ?oc=5"" target=""_blank"">Dishub DIY sebut transformasi becak listrik adaptasi transportasi lebih ramah</a>&nbsp;&nbsp;<font color=""#6f6f6f"">ANTARA News Yogyakarta</font>",,2026-06-03T07:00:00+00:00,https://news.google.com/rss/articles/CBMivAFBVV95cUxOa0FpSlJpa1hLVUVvek1pc1d4elM5YzRESFF4RndfbXVhLVFLZEN2dFl4VzZua3lONzZLQW1MMUlmY3VreFVCYVpRUUF5em14TmxXcjRTcGJsSkFjVmc0UE43OWxJWjRlM0UybjdZMWlFVmx5UE0ySWd2ZnY1Sm9iS3cwNWlia1RORFBvMXlMeHJUbUpOTk5pQWZtNEtDU2x2anFoU20xcV82anc5THRxTXFSU0lUSXZPeW83TQ?oc=5,2026-08-21T03:10:24.960819+00:00
44ddec4c457e8290b5a4cbc4,dishub,Dinas Perhubungan DIY,berita,detikcom,"Dishub DIY Bakal Tertibkan Maxride - detikcom. <a href=""https://news.google.com/rss/articles/CBMihgFBVV95cUxPSlRhY2FDNEVWOXFhZ3dyRnJHTklGNTVhN2FJZV9CODYzQXVvVUd1TllhejBza2c4VEFBZmhKOXY5cndrNWE5SlZXcS1PZ2NIOU9ZdXBGSVA5LXJTMHJZT0hhQmpaWlNweTBQQ0F6dXFNSG12RFgzV3o5NG5DR0NaM3I5RFpSZ9IBiwFBVV95cUxQcDZrdlRXVl9mTjA5LTZXU05Sb2RnT2JWSnFXV1ozamxyYXVCTmJkN1NNMUNlNW9CMHhKUkRIU1BwZl9wMHVWUWpDcl9faUNqRU1ldHA1ZWk3ay1ZR09FWnZscDhNUm9lZlM2MTUzV0dYckF5d1R5RE5laTN5RzRRQkFNak9ZZU9iNXBB?oc=5"" target=""_blank"">Dishub DIY Bakal Tertibkan Maxride</a>&nbsp;&nbsp;<font color=""#6f6f6f"">detikcom</font>",,2025-09-30T07:00:00+00:00,https://news.google.com/rss/articles/CBMihgFBVV95cUxPSlRhY2FDNEVWOXFhZ3dyRnJHTklGNTVhN2FJZV9CODYzQXVvVUd1TllhejBza2c4VEFBZmhKOXY5cndrNWE5SlZXcS1PZ2NIOU9ZdXBGSVA5LXJTMHJZT0hhQmpaWlNweTBQQ0F6dXFNSG12RFgzV3o5NG5DR0NaM3I5RFpSZ9IBiwFBVV95cUxQcDZrdlRXVl9mTjA5LTZXU05Sb2RnT2JWSnFXV1ozamxyYXVCTmJkN1NNMUNlNW9CMHhKUkRIU1BwZl9wMHVWUWpDcl9faUNqRU1ldHA1ZWk3ay1ZR09FWnZscDhNUm9lZlM2MTUzV0dYckF5d1R5RE5laTN5RzRRQkFNak9ZZU9iNXBB?oc=5,2026-08-21T03:10:24.960819+00:00
775791f21623c72f34c868dc,dishub,Dinas Perhubungan DIY,berita,ANTARA News Yogyakarta,"Dishub: Kendaraan masuk DIY via Tol Prambanan meningkat - ANTARA News Yogyakarta. <a href=""https://news.google.com/rss/articles/CBMingFBVV95cUxOcVlkaEt2cnRfZWpJSGV1YldvZXFDSFV1VVVCamxrNnQzclktQVBSc2VULVVQUUk5VkxPeUFmay1Ib3RfQ09BWFRMOE5iaktOTkMzSTNZTm1WN2didFQxbHJkM1BBWW1DVmdrRWx3UGRkVTFwSHBRd1Zkb1NnX0FQSDBPMjMyMEJ3RmZmSVNJY0JNdGFEaV94VElDSnNRUQ?oc=5"" target=""_blank"">Dishub: Kendaraan masuk DIY via Tol Prambanan meningkat</a>&nbsp;&nbsp;<font color=""#6f6f6f"">ANTARA News Yogyakarta</font>",,2026-03-15T07:00:00+00:00,https://news.google.com/rss/articles/CBMingFBVV95cUxOcVlkaEt2cnRfZWpJSGV1YldvZXFDSFV1VVVCamxrNnQzclktQVBSc2VULVVQUUk5VkxPeUFmay1Ib3RfQ09BWFRMOE5iaktOTkMzSTNZTm1WN2didFQxbHJkM1BBWW1DVmdrRWx3UGRkVTFwSHBRd1Zkb1NnX0FQSDBPMjMyMEJ3RmZmSVNJY0JNdGFEaV94VElDSnNRUQ?oc=5,2026-08-21T03:10:24.961835+00:00
22532ec827fe3cc79982b7ff,dishub,Dinas Perhubungan DIY,berita,ANTARA News Yogyakarta,"Dishub DIY imbau kendaraan melintas tak masuk Kota Yogya saat Nataru - Berita Terkini Yogyakarta - ANTARA News Yogyakarta. <a href=""https://news.google.com/rss/articles/CBMisAFBVV95cUxOWXhXTW9Fc0RRY2dYRDh1MXRldWpqSHVOZkV2OTFIb3hHMDdGY0JWYWYyMHVHYjBBRXVIcmZlaWt2WXFvZTNRRmN1RDg4d0pKbWIxN1NWZEE1MmltV2dOcE5Kc2w1XzQ0MVRtVGpfblZCLUVyMVkwa3czRWxaUXh2OG0wbmRpcndmMmJFOElYM0c2dy1xbW5IMU56cWNydEEwRFMtT3FCeWZFMzMtdUIzZQ?oc=5"" target=""_blank"">Dishub DIY imbau kendaraan melintas tak masuk Kota Yogya saat Nataru - Berita Terkini Yogyakarta</a>&nbsp;&nbsp;<font color=""#6f6f6f"">ANTARA News Yogyakarta</font>",,2025-12-10T08:00:00+00:00,https://news.google.com/rss/articles/CBMisAFBVV95cUxOWXhXTW9Fc0RRY2dYRDh1MXRldWpqSHVOZkV2OTFIb3hHMDdGY0JWYWYyMHVHYjBBRXVIcmZlaWt2WXFvZTNRRmN1RDg4d0pKbWIxN1NWZEE1MmltV2dOcE5Kc2w1XzQ0MVRtVGpfblZCLUVyMVkwa3czRWxaUXh2OG0wbmRpcndmMmJFOElYM0c2dy1xbW5IMU56cWNydEEwRFMtT3FCeWZFMzMtdUIzZQ?oc=5,2026-08-21T03:10:24.961835+00:00
ee1e8f566580623a1ff851d9,dishub,Dinas Perhubungan DIY,berita,IDN Times Jogja,"Malioboro Full Pedestrian Dishub DIY Pasang 13 Portal, Ini Lokasinya - IDN Times Jogja. <a href=""https://news.google.com/rss/articles/CBMivgFBVV95cUxOakpnZzNxd3dwZnlUSWpwTDMtVzNDMDhGWDk5TW9HQXd5OUY4OUVHYzQzV3BzdTVlYmRzN0Z0Z1pDRW5hUjFVcHFyQ3h5ZVpGaUw0ZEY0QWM3ejFCbnc2VkRqbTJMUzdHeGdTRmZVR3ZIblJDbEIxb0xrbmlweU45Qy00czFNclRXM0xVVThucWF1QU9NV1FIaUNJTks0bWRHM1NOU2JzSk1ZTHFNYS1LNWFoNzFYNVpXLW9GaWln0gHDAUFVX3lxTE9UMzdBcGZ0LWhzSHkxcnJadzBYYVBhZXh5am5WdG8wSG9jMUJSWFBDTmhmNXlUVHJ1NGZuMVZQT0tJeFNnQ1dsVEFqbG5aek9jU0NZYXNGSUZGeTl4dDBmcU1PQWxud0R4R2hjR1VQYWZFZEQ4QzlmZzlfaUI0VVh6MUJXQklhT3hpUVU2TzZzazVxcHJGTXM3TnIyQ2tnTG9nOGpFSmlmY2VoWmd6ZWNPZkRkR1JxVzJpYjRtUG03aFBEcw?oc=5"" target=""_blank"">Malioboro Full Pedestrian Dishub DIY Pasang 13 Portal, Ini Lokasinya</a>&nbsp;&nbsp;<font color=""#6f6f6f"">IDN Times Jogja</font>",,2026-07-05T07:00:00+00:00,https://news.google.com/rss/articles/CBMivgFBVV95cUxOakpnZzNxd3dwZnlUSWpwTDMtVzNDMDhGWDk5TW9HQXd5OUY4OUVHYzQzV3BzdTVlYmRzN0Z0Z1pDRW5hUjFVcHFyQ3h5ZVpGaUw0ZEY0QWM3ejFCbnc2VkRqbTJMUzdHeGdTRmZVR3ZIblJDbEIxb0xrbmlweU45Qy00czFNclRXM0xVVThucWF1QU9NV1FIaUNJTks0bWRHM1NOU2JzSk1ZTHFNYS1LNWFoNzFYNVpXLW9GaWln0gHDAUFVX3lxTE9UMzdBcGZ0LWhzSHkxcnJadzBYYVBhZXh5am5WdG8wSG9jMUJSWFBDTmhmNXlUVHJ1NGZuMVZQT0tJeFNnQ1dsVEFqbG5aek9jU0NZYXNGSUZGeTl4dDBmcU1PQWxud0R4R2hjR1VQYWZFZEQ4QzlmZzlfaUI0VVh6MUJXQklhT3hpUVU2TzZzazVxcHJGTXM3TnIyQ2tnTG9nOGpFSmlmY2VoWmd6ZWNPZkRkR1JxVzJpYjRtUG03aFBEcw?oc=5,2026-08-21T03:10:24.961835+00:00
d3b330729f86340099dd8ad5,dishub,Dinas Perhubungan DIY,berita,ANTARA News,"Dishub prediksi puncak arus balik di DIY terjadi hari ini - ANTARA News. <a href=""https://news.google.com/rss/articles/CBMioAFBVV95cUxOUmdGd0txVGJMYjlMeHdDQTR5VFJoRHBLUWxiVFkzX2x5ckpHa3dwaVg2TDVvUVd5LU5VT3ZKazFBdVUteEVqeWlVX3FZMEFPUTVXTVpfSTRoWVpMLW1sR05sQXBPVGczNzBEcVZXbkNrLWl1aDBnMWZwT09BbHpfRG5xOGh3WTY0eDhJUnZfTWNzSDFrSV9aZ0NLSGR1c1dW0gGjAUFVX3lxTE4wd2JLMHptN0ZSWXItbGstWV9vV0UzdzgzM2xSSDl2cU9FMDloZjhFSlFoclRQVzJ5U0hBV2NKOE9GRUotcm1SUUFwcDhQMTV6eGhaenNZcjVPMVpVeFE5QlZXaW9kTVc1OS1Xcy16c3U4cGZGcXZOcXhhamRJTUpQbmZvZGlZVzJ3dXhNTUJ2QlBrRVZibVBpU2Iyc2N6NmVaSFE?oc=5"" target=""_blank"">Dishub prediksi puncak arus balik di DIY terjadi hari ini</a>&nbsp;&nbsp;<font color=""#6f6f6f"">ANTARA News</font>",,2026-03-24T07:00:00+00:00,https://news.google.com/rss/articles/CBMioAFBVV95cUxOUmdGd0txVGJMYjlMeHdDQTR5VFJoRHBLUWxiVFkzX2x5ckpHa3dwaVg2TDVvUVd5LU5VT3ZKazFBdVUteEVqeWlVX3FZMEFPUTVXTVpfSTRoWVpMLW1sR05sQXBPVGczNzBEcVZXbkNrLWl1aDBnMWZwT09BbHpfRG5xOGh3WTY0eDhJUnZfTWNzSDFrSV9aZ0NLSGR1c1dW0gGjAUFVX3lxTE4wd2JLMHptN0ZSWXItbGstWV9vV0UzdzgzM2xSSDl2cU9FMDloZjhFSlFoclRQVzJ5U0hBV2NKOE9GRUotcm1SUUFwcDhQMTV6eGhaenNZcjVPMVpVeFE5QlZXaW9kTVc1OS1Xcy16c3U4cGZGcXZOcXhhamRJTUpQbmZvZGlZVzJ3dXhNTUJ2QlBrRVZibVBpU2Iyc2N6NmVaSFE?oc=5,2026-08-21T03:10:24.961835+00:00
807d97f2544e9796ebab4a62,dishub,Dinas Perhubungan DIY,berita,detikcom,"4 Juta Kendaraan Diprediksi Masuk DIY Saat Nataru, Ternyata... - detikcom. <a href=""https://news.google.com/rss/articles/CBMipgFBVV95cUxOeWtiVnpQVWNpekg0UzNVMkVuSWxRcGRnS0x2YjF0S2xadkcyemU4UlhVSjhxa0E5c19ZaDctVGIyNUtORjJiS0FRSEhBWEZ2ZmFBcjBnSmRRYTFRbmtQejRJektBT1dldWFuNkpCWE5zamRVU3Q2c3dHbl9TNmdjMmV5MUJsS1pCZlpadVE4TmtiUjh1Qkd4dkhRVWYxWGltUDN5dF9n0gGrAUFVX3lxTE9HTlA4LVZWUUl3Yk1mSXdqbDhEcXhyY1duQkMyTjFsemdCUUc1eHBZYmtYV09fU05UeXowSjVvQUlUQlJQQUJyTWZLOVl2RDV1RVFISXF3UWFxRWxKOGlJQVRXU013OTZ3YURuUmtYYUNLNjdTVGF5QmZUaXRybVBmOGlRanJEdVkyNEtwamltcEJnVzN5bVFERU5fWjNGRVQtaUdvQkRMR0I2cw?oc=5"" target=""_blank"">4 Juta Kendaraan Diprediksi Masuk DIY Saat Nataru, Ternyata...</a>&nbsp;&nbsp;<font color=""#6f6f6f"">detikcom</font>",,2026-01-05T08:00:00+00:00,https://news.google.com/rss/articles/CBMipgFBVV95cUxOeWtiVnpQVWNpekg0UzNVMkVuSWxRcGRnS0x2YjF0S2xadkcyemU4UlhVSjhxa0E5c19ZaDctVGIyNUtORjJiS0FRSEhBWEZ2ZmFBcjBnSmRRYTFRbmtQejRJektBT1dldWFuNkpCWE5zamRVU3Q2c3dHbl9TNmdjMmV5MUJsS1pCZlpadVE4TmtiUjh1Qkd4dkhRVWYxWGltUDN5dF9n0gGrAUFVX3lxTE9HTlA4LVZWUUl3Yk1mSXdqbDhEcXhyY1duQkMyTjFsemdCUUc1eHBZYmtYV09fU05UeXowSjVvQUlUQlJQQUJyTWZLOVl2RDV1RVFISXF3UWFxRWxKOGlJQVRXU013OTZ3YURuUmtYYUNLNjdTVGF5QmZUaXRybVBmOGlRanJEdVkyNEtwamltcEJnVzN5bVFERU5fWjNGRVQtaUdvQkRMR0I2cw?oc=5,2026-08-21T03:10:24.961835+00:00
e54d34c3c10f9eb26c57397e,dishub,Dinas Perhubungan DIY,berita,detikcom,"Kendaraan Pribadi di Jeron Beteng Mau Dibatasi, Dishub DIY Izin Keraton Jogja - detikcom. <a href=""https://news.google.com/rss/articles/CBMivgFBVV95cUxNb1MycF9MR1VhcENpRU0xRDROX1pRQkljeWtvbjBjT1lHc3NhdHFTVWdET0pDQzRUN3h5NGFpMzhqTlB2bFZnMHdFQTVwRldIY29MOS0xb1EydElNRlNFRDFpYnp4OVktWWRvTER5SlQ4SUM2YXphSDJNdUVfdlROV0k3Y1l0Y0lqbDB6dmhGNEFDMU50VWFaOHBUZnU1QWtIaGhFcXZuRzFDakQ3VW5CN0RKLUFkams4d0d1YVBn0gHDAUFVX3lxTFBvUG94dy1DX2VHY2c4ZUxqX2tsdm0xemtPcXl1RWt3bTVUVDhsVUZhNjBnN3IyMmJ3UENrQmR1aHhLMWNLSUlpR3R3NEJhOTFhUnFWZElqZDVwdVlId2tNUWIwRkV5ZG5sLS0teURXN2NVc3M0Y0JvSDd2bjFQQVUybUVINDRQcmZoVXRwb1hJNW5WX083c0hGNy1VejgtZmk0VE0tbTd5RDROUDEySV94alpzYlFLV1BsallfZXV4X251Yw?oc=5"" target=""_blank"">Kendaraan Pribadi di Jeron Beteng Mau Dibatasi, Dishub DIY Izin Keraton Jogja</a>&nbsp;&nbsp;<font color=""#6f6f6f"">detikcom</font>",,2026-02-03T08:00:00+00:00,https://news.google.com/rss/articles/CBMivgFBVV95cUxNb1MycF9MR1VhcENpRU0xRDROX1pRQkljeWtvbjBjT1lHc3NhdHFTVWdET0pDQzRUN3h5NGFpMzhqTlB2bFZnMHdFQTVwRldIY29MOS0xb1EydElNRlNFRDFpYnp4OVktWWRvTER5SlQ4SUM2YXphSDJNdUVfdlROV0k3Y1l0Y0lqbDB6dmhGNEFDMU50VWFaOHBUZnU1QWtIaGhFcXZuRzFDakQ3VW5CN0RKLUFkams4d0d1YVBn0gHDAUFVX3lxTFBvUG94dy1DX2VHY2c4ZUxqX2tsdm0xemtPcXl1RWt3bTVUVDhsVUZhNjBnN3IyMmJ3UENrQmR1aHhLMWNLSUlpR3R3NEJhOTFhUnFWZElqZDVwdVlId2tNUWIwRkV5ZG5sLS0teURXN2NVc3M0Y0JvSDd2bjFQQVUybUVINDRQcmZoVXRwb1hJNW5WX083c0hGNy1VejgtZmk0VE0tbTd5RDROUDEySV94alpzYlFLV1BsallfZXV4X251Yw?oc=5,2026-08-21T03:10:24.961835+00:00
a35693be93298fd760736d4e,dishub,Dinas Perhubungan DIY,berita,Harian Jogja,"Arus Balik Lebaran DIY Terbagi Dua Gelombang, Dishub Siaga - Harian Jogja. <a href=""https://news.google.com/rss/articles/CBMipwFBVV95cUxPakJRTVNGUDVDcU44Tm56cDZxVEFJaEpDdnBGNzdwdl9kb3I1bkhPY1lWVTFSeXUzYzdMcVBvaWtNeGRTcGRBUGZpbDZ2ZXo3a2Z2b0staUw1OFFrcVhOc2ZQUF93bXhxRF9TMjFnOU85UHhwWWJwMlR0MmQ4d2ljZko1QUV1d2poZmhEUzRHOFBaSlNXWkF2RENMY3MyNGUwaFUtY2JiMA?oc=5"" target=""_blank"">Arus Balik Lebaran DIY Terbagi Dua Gelombang, Dishub Siaga</a>&nbsp;&nbsp;<font color=""#6f6f6f"">Harian Jogja</font>",,2026-03-26T07:00:00+00:00,https://news.google.com/rss/articles/CBMipwFBVV95cUxPakJRTVNGUDVDcU44Tm56cDZxVEFJaEpDdnBGNzdwdl9kb3I1bkhPY1lWVTFSeXUzYzdMcVBvaWtNeGRTcGRBUGZpbDZ2ZXo3a2Z2b0staUw1OFFrcVhOc2ZQUF93bXhxRF9TMjFnOU85UHhwWWJwMlR0MmQ4d2ljZko1QUV1d2poZmhEUzRHOFBaSlNXWkF2RENMY3MyNGUwaFUtY2JiMA?oc=5,2026-08-21T03:10:24.961835+00:00
11759860bf1c0f59c27f9c01,dishub,Dinas Perhubungan DIY,berita,ANTARA News Yogyakarta,"Pemda DIY siapkan Malioboro jadi kawasan pedestrian penuh mulai 2026 - ANTARA News Yogyakarta. <a href=""https://news.google.com/rss/articles/CBMisAFBVV95cUxOakVUaUczTVpfZ3dzZUEtOFVHYVpUek5yNEZqdUNWQUMtdVhIRTNIN3pGT3hKamZ3OFhScEdEUWd0Q0ZFY19PNXNpdnRUcXlULUNqY0JkVEgzUWx6ck9aOGNhaWwyMW5mdzh2LVBiQVM1U3IzSUE1blFOUlVIcFh1ejA1dTVrMllhUHlaWloxT25uNFVRMW5VTWtEWW4tMEk4SUxKU0w1RGJFc2ZHZFZWVQ?oc=5"" target=""_blank"">Pemda DIY siapkan Malioboro jadi kawasan pedestrian penuh mulai 2026</a>&nbsp;&nbsp;<font color=""#6f6f6f"">ANTARA News Yogyakarta</font>",,2026-02-05T08:00:00+00:00,https://news.google.com/rss/articles/CBMisAFBVV95cUxOakVUaUczTVpfZ3dzZUEtOFVHYVpUek5yNEZqdUNWQUMtdVhIRTNIN3pGT3hKamZ3OFhScEdEUWd0Q0ZFY19PNXNpdnRUcXlULUNqY0JkVEgzUWx6ck9aOGNhaWwyMW5mdzh2LVBiQVM1U3IzSUE1blFOUlVIcFh1ejA1dTVrMllhUHlaWloxT25uNFVRMW5VTWtEWW4tMEk4SUxKU0w1RGJFc2ZHZFZWVQ?oc=5,2026-08-21T03:10:24.961835+00:00
86104522c4ca3842c9fce40b,dishub,Dinas Perhubungan DIY,berita,ANTARA News Yogyakarta,"Yogyakarta targetkan kawasan Malioboro bebas dari becak motor - ANTARA News Yogyakarta. <a href=""https://news.google.com/rss/articles/CBMipwFBVV95cUxPRlpKMDAyRkVBOVlzYURKU0RLOUlWYTU1RUo4c2ttRUM5VTdQSlhTV0JCMFNVbFF0WXlnSjZjT3NaY0ZoaVhIWkJqRTBkUmRyUTJtRTN5ZHI2X1hsN3BoQmhFaHJ5MFI2T1N6VVdkODFiVUxtVzVPNmljZ1llZ1g2Z2VKXzRuNF96dTMtSjMxQXFIb2FBdHhPa1JHSml2VVhib2lyMWR1dw?oc=5"" target=""_blank"">Yogyakarta targetkan kawasan Malioboro bebas dari becak motor</a>&nbsp;&nbsp;<font color=""#6f6f6f"">ANTARA News Yogyakarta</font>",,2026-05-29T07:00:00+00:00,https://news.google.com/rss/articles/CBMipwFBVV95cUxPRlpKMDAyRkVBOVlzYURKU0RLOUlWYTU1RUo4c2ttRUM5VTdQSlhTV0JCMFNVbFF0WXlnSjZjT3NaY0ZoaVhIWkJqRTBkUmRyUTJtRTN5ZHI2X1hsN3BoQmhFaHJ5MFI2T1N6VVdkODFiVUxtVzVPNmljZ1llZ1g2Z2VKXzRuNF96dTMtSjMxQXFIb2FBdHhPa1JHSml2VVhib2lyMWR1dw?oc=5,2026-08-21T03:10:24.961835+00:00
1fd2818bc77175969f69ec35,dishub,Dinas Perhubungan DIY,berita,Harian Jogja,"Dishub DIY Targetkan Peremajaan 97 Armada Trans Jogja pada 2027 - Harian Jogja. <a href=""https://news.google.com/rss/articles/CBMirwFBVV95cUxNSmNJd01hZzV6OVBwOU9tbFFVUFhDOFd5VXFJeWZWU29ibDgzNFBDNElYeDRzaEVKNXduVXB2MHhWcHppRmw0VWVHR3VQeGNWaWpwb0RfMk9tUkJ4czhIUG5QNkwycThKZ25SUTB4N2tZNk9FR3RSWmxtQ0p0OEt6aTFIZ2pqN0ViQWNsU1IxVmtBdnZ1a3FSVGNYaUlNdktaVWtGMUdtX0IwTUpMYnV3?oc=5"" target=""_blank"">Dishub DIY Targetkan Peremajaan 97 Armada Trans Jogja pada 2027</a>&nbsp;&nbsp;<font color=""#6f6f6f"">Harian Jogja</font>",,2026-02-20T08:00:00+00:00,https://news.google.com/rss/articles/CBMirwFBVV95cUxNSmNJd01hZzV6OVBwOU9tbFFVUFhDOFd5VXFJeWZWU29ibDgzNFBDNElYeDRzaEVKNXduVXB2MHhWcHppRmw0VWVHR3VQeGNWaWpwb0RfMk9tUkJ4czhIUG5QNkwycThKZ25SUTB4N2tZNk9FR3RSWmxtQ0p0OEt6aTFIZ2pqN0ViQWNsU1IxVmtBdnZ1a3FSVGNYaUlNdktaVWtGMUdtX0IwTUpMYnV3?oc=5,2026-08-21T03:10:24.961835+00:00
02afaa0e52e4fe7d22ba7c7a,dishub,Dinas Perhubungan DIY,berita,detikcom,"Alasan Pemda DIY Izinkan Jogja Last Friday Ride Lintasi Malioboro - detikcom. <a href=""https://news.google.com/rss/articles/CBMirwFBVV95cUxNTmYxb1lWOE5rR1hFU3c1VXU5ZHByamhCZ3I1endXRHpQSGlEcDA5Y3oyQ0xRYUxUUWJIVFZTOVdQOF9JVjVpUERsV2hlbmo5V1AzYlNTUlhfU2NpZml0ZXNHdWV1ZTlqSnRCUFNTLThuLUdBSElJanNEZGJfVHEtY2MzcGxBazdLLUFGUkpKa015UHZfMmh4TmdBMndFeHB1SHVoSlowRU1KVml3NWJn0gG0AUFVX3lxTFBGNE1QMmhyd3phRGxITFQ2UVVjN2dxNkxaTXRqTzQwTXRvbzdmdU9COUYtblh6VzAzVmtGYUVmMG9oVnpuNC05Ym9GcWR3WlZnLVBNMzgwVm41YUVqa1FDREZaNXJZUVFvWTlGRmI2LUVEOXJnc2FxeGdKZVhKaWNESWVleER4NHdkc1NFTXhQOFpEMWZrdnFpNDBWbGFlMHVVcUduM0J4eS1kc01nTGJrTEoxXw?oc=5"" target=""_blank"">Alasan Pemda DIY Izinkan Jogja Last Friday Ride Lintasi Malioboro</a>&nbsp;&nbsp;<font color=""#6f6f6f"">detikcom</font>",,2026-07-23T07:00:00+00:00,https://news.google.com/rss/articles/CBMirwFBVV95cUxNTmYxb1lWOE5rR1hFU3c1VXU5ZHByamhCZ3I1endXRHpQSGlEcDA5Y3oyQ0xRYUxUUWJIVFZTOVdQOF9JVjVpUERsV2hlbmo5V1AzYlNTUlhfU2NpZml0ZXNHdWV1ZTlqSnRCUFNTLThuLUdBSElJanNEZGJfVHEtY2MzcGxBazdLLUFGUkpKa015UHZfMmh4TmdBMndFeHB1SHVoSlowRU1KVml3NWJn0gG0AUFVX3lxTFBGNE1QMmhyd3phRGxITFQ2UVVjN2dxNkxaTXRqTzQwTXRvbzdmdU9COUYtblh6VzAzVmtGYUVmMG9oVnpuNC05Ym9GcWR3WlZnLVBNMzgwVm41YUVqa1FDREZaNXJZUVFvWTlGRmI2LUVEOXJnc2FxeGdKZVhKaWNESWVleER4NHdkc1NFTXhQOFpEMWZrdnFpNDBWbGFlMHVVcUduM0J4eS1kc01nTGJrTEoxXw?oc=5,2026-08-21T03:10:24.961835+00:00
b8e10a2f29e8aa1757f479e9,dishub,Dinas Perhubungan DIY,berita,detikcom,"Trans Jogja Jalur 14 Banjir Keluhan, Ini Solusi Dishub Sleman - detikcom. <a href=""https://news.google.com/rss/articles/CBMiqAFBVV95cUxNV3M1TXE0Wl8yaWpqUklMdzNRLXR6N0dLS3VVY1RaNEJSX0Jqei1rb0JyeWFpMnVSZDdBWGNJX085UGtDb0xpb09Hd3BWMVF2eXUtSmZ4NGlsOFZPNWh5VmJKSU5wRGpNUUlXZ0t5dFdzMkdJeDdhVzJaZHhzRTVIOUxtY3k0Zk9iWFJPWE9NTnU5X3l1WXoxUW9GcDhCSzNpV1dlcThEUHHSAa4BQVVfeXFMUFdWdkdnc3dqT3p0NzFtZGkzQ3ZGRXE1Ums4SEcwQTc4aTZjVWRyd3dDOFdRNWViTzNrcHhhT3N0RVNUTnJUTDJQMjNMeEFrdW9YcWg4aE11T2NNVnV1bEM3YURENWNFZlFyX1FIZFRqU2NXWF9vbF9aMkN0WUcyeDd2anpMOFVKYllYaTE0LThrMnZXUjZCYkNOa1ZONi1EbXNDeFRiTWNsT3R6akFn?oc=5"" target=""_blank"">Trans Jogja Jalur 14 Banjir Keluhan, Ini Solusi Dishub Sleman</a>&nbsp;&nbsp;<font color=""#6f6f6f"">detikcom</font>",,2026-02-09T08:00:00+00:00,https://news.google.com/rss/articles/CBMiqAFBVV95cUxNV3M1TXE0Wl8yaWpqUklMdzNRLXR6N0dLS3VVY1RaNEJSX0Jqei1rb0JyeWFpMnVSZDdBWGNJX085UGtDb0xpb09Hd3BWMVF2eXUtSmZ4NGlsOFZPNWh5VmJKSU5wRGpNUUlXZ0t5dFdzMkdJeDdhVzJaZHhzRTVIOUxtY3k0Zk9iWFJPWE9NTnU5X3l1WXoxUW9GcDhCSzNpV1dlcThEUHHSAa4BQVVfeXFMUFdWdkdnc3dqT3p0NzFtZGkzQ3ZGRXE1Ums4SEcwQTc4aTZjVWRyd3dDOFdRNWViTzNrcHhhT3N0RVNUTnJUTDJQMjNMeEFrdW9YcWg4aE11T2NNVnV1bEM3YURENWNFZlFyX1FIZFRqU2NXWF9vbF9aMkN0WUcyeDd2anpMOFVKYllYaTE0LThrMnZXUjZCYkNOa1ZONi1EbXNDeFRiTWNsT3R6akFn?oc=5,2026-08-21T03:10:24.961835+00:00
9e55bd5c300f1412fcfe8009,dishub,Dinas Perhubungan DIY,google_maps,Riyanta Buncit,"Pak,Bu petugas dishub....itu jalan pabringan/ selatan pasar Beringharjo dan timur taman pintar,parkiran mbok di tertibkan ..kalau parkir resmi kok gak ada karcis,pemasukan Pemda gimana..kalau liat kok di hisrkan.....ini masukan warga,saya cuman meneruskan,makasih respon dan follow-up nya...ini setiap hari",5.0,4 tahun lalu,"https://www.google.com/maps/place/Dinas+Perhubungan+DI+Yogyakarta/@-7.8339138,110.2474087,12z/data=!4m12!1m2!2m1!1sdishub+jogja!3m8!1s0x2e7a59ee2a7693d9:0x95d003dc7c3c42e2!8m2!3d-7.7778592!4d110.4151622!9m1!1b1!15sCgxkaXNodWIgam9namGSARFnb3Zlcm5tZW50X29mZmljZeABAA!16s%2Fg%2F1hd_y8chq?entry=ttu&g_ep=EgoyMDI2MDgxNy4wIKXMDSoASAFQAw%3D%3D",2026-08-21T03:12:21.370756+00:00
cb4c0de7f3a9884744d6f61d,dishub,Dinas Perhubungan DIY,google_maps,Asmi Rahmah,"Ada urusan dg transjogja, bisa di sini

Pengalaman urusan ke sini, untuk agenda fieldtrip sekolah, di mana anak merasakan naik Transjogja, minta izin dulu di tempat ini di lantai 2.

Masukan saja, mohon dikendarai tidak ugal2an saat dipakai fieldtrip terutama untuk anak2.
Dan juga, jika memang sdh dibooking utk kegiatan tsb, lebih baik yg tidak memasukkan penumpang lain ke dalam, karena menimbulkan tdk kenyamanan kepada anak.
Dari pengalaman itu, ada penumpang yang  mengambil kursi anak, utk dipakai sendiri padahal sudah diduduki anak.",2.0,Diedit 7 tahun lalu,"https://www.google.com/maps/place/Dinas+Perhubungan+DI+Yogyakarta/@-7.8339138,110.2474087,12z/data=!4m12!1m2!2m1!1sdishub+jogja!3m8!1s0x2e7a59ee2a7693d9:0x95d003dc7c3c42e2!8m2!3d-7.7778592!4d110.4151622!9m1!1b1!15sCgxkaXNodWIgam9namGSARFnb3Zlcm5tZW50X29mZmljZeABAA!16s%2Fg%2F1hd_y8chq?entry=ttu&g_ep=EgoyMDI2MDgxNy4wIKXMDSoASAFQAw%3D%3D",2026-08-21T03:12:21.479516+00:00
a45171d139dcd671ae2491f5,dishub,Dinas Perhubungan DIY,google_maps,altha funnisa,"Yth. BP /Ibu tolong parkir di sekitar Malioboro ditertibkan, parkir gak ada karcis, ditarik Rp. 25.000 mohon perhatiannya ( parkir 2 liar )",1.0,4 tahun lalu,"https://www.google.com/maps/place/Dinas+Perhubungan+DI+Yogyakarta/@-7.8339138,110.2474087,12z/data=!4m12!1m2!2m1!1sdishub+jogja!3m8!1s0x2e7a59ee2a7693d9:0x95d003dc7c3c42e2!8m2!3d-7.7778592!4d110.4151622!9m1!1b1!15sCgxkaXNodWIgam9namGSARFnb3Zlcm5tZW50X29mZmljZeABAA!16s%2Fg%2F1hd_y8chq?entry=ttu&g_ep=EgoyMDI2MDgxNy4wIKXMDSoASAFQAw%3D%3D",2026-08-21T03:12:21.586263+00:00
a91942057e3603935203a7eb,dishub,Dinas Perhubungan DIY,google_maps,Perri Ramadhon,"Pak dishub tolong dong,,,parkiran mie gacoan gejayan Jogja,,,di revisi,,,masa kita orang ga bawa kendaraan dsna,,,di suruh bayar parkir,,,masuk akal tidak kira""...",5.0,4 tahun lalu,"https://www.google.com/maps/place/Dinas+Perhubungan+DI+Yogyakarta/@-7.8339138,110.2474087,12z/data=!4m12!1m2!2m1!1sdishub+jogja!3m8!1s0x2e7a59ee2a7693d9:0x95d003dc7c3c42e2!8m2!3d-7.7778592!4d110.4151622!9m1!1b1!15sCgxkaXNodWIgam9namGSARFnb3Zlcm5tZW50X29mZmljZeABAA!16s%2Fg%2F1hd_y8chq?entry=ttu&g_ep=EgoyMDI2MDgxNy4wIKXMDSoASAFQAw%3D%3D",2026-08-21T03:12:21.697445+00:00
572d0863f55cc8881395b4c7,dishub,Dinas Perhubungan DIY,google_maps,rsdyn,"Menerapkan sosial distancing, pas mau masuk cek suhu badan dan disuruh cuci tangan sama security",5.0,5 tahun lalu,"https://www.google.com/maps/place/Dinas+Perhubungan+DI+Yogyakarta/@-7.8339138,110.2474087,12z/data=!4m12!1m2!2m1!1sdishub+jogja!3m8!1s0x2e7a59ee2a7693d9:0x95d003dc7c3c42e2!8m2!3d-7.7778592!4d110.4151622!9m1!1b1!15sCgxkaXNodWIgam9namGSARFnb3Zlcm5tZW50X29mZmljZeABAA!16s%2Fg%2F1hd_y8chq?entry=ttu&g_ep=EgoyMDI2MDgxNy4wIKXMDSoASAFQAw%3D%3D",2026-08-21T03:12:21.802844+00:00
e689f16e1042cd21a8d37ba7,dishub,Dinas Perhubungan DIY,google_maps,Syafril Harahap,Kantor yg mudah diakses dari arah Utara dan Selatan.,5.0,7 tahun lalu,"https://www.google.com/maps/place/Dinas+Perhubungan+DI+Yogyakarta/@-7.8339138,110.2474087,12z/data=!4m12!1m2!2m1!1sdishub+jogja!3m8!1s0x2e7a59ee2a7693d9:0x95d003dc7c3c42e2!8m2!3d-7.7778592!4d110.4151622!9m1!1b1!15sCgxkaXNodWIgam9namGSARFnb3Zlcm5tZW50X29mZmljZeABAA!16s%2Fg%2F1hd_y8chq?entry=ttu&g_ep=EgoyMDI2MDgxNy4wIKXMDSoASAFQAw%3D%3D",2026-08-21T03:58:47.974509+00:00
6b63d7ba51bb0d70074480f2,dishub,Dinas Perhubungan DIY,google_maps,Jani Iskandar,Di mana ya bisa di dapat yang namanya set to box itu...?,3.0,10 tahun lalu,"https://www.google.com/maps/place/Dinas+Perhubungan+DI+Yogyakarta/@-7.8339138,110.2474087,12z/data=!4m12!1m2!2m1!1sdishub+jogja!3m8!1s0x2e7a59ee2a7693d9:0x95d003dc7c3c42e2!8m2!3d-7.7778592!4d110.4151622!9m1!1b1!15sCgxkaXNodWIgam9namGSARFnb3Zlcm5tZW50X29mZmljZeABAA!16s%2Fg%2F1hd_y8chq?entry=ttu&g_ep=EgoyMDI2MDgxNy4wIKXMDSoASAFQAw%3D%3D",2026-08-21T03:58:48.082821+00:00
e1c07bd173987f17cf623440,dishub,Dinas Perhubungan DIY,google_maps,Huda Yute,lampu merah 1 jam lampu hijau 5 detik,1.0,4 tahun lalu,"https://www.google.com/maps/place/Dinas+Perhubungan+DI+Yogyakarta/@-7.8339138,110.2474087,12z/data=!4m12!1m2!2m1!1sdishub+jogja!3m8!1s0x2e7a59ee2a7693d9:0x95d003dc7c3c42e2!8m2!3d-7.7778592!4d110.4151622!9m1!1b1!15sCgxkaXNodWIgam9namGSARFnb3Zlcm5tZW50X29mZmljZeABAA!16s%2Fg%2F1hd_y8chq?entry=ttu&g_ep=EgoyMDI2MDgxNy4wIKXMDSoASAFQAw%3D%3D",2026-08-21T03:58:48.189089+00:00
b3d9cd2ed78fd6a62718cc18,dishub,Dinas Perhubungan DIY,google_maps,Java Multi Trans,kantor dinas perhubungan daerah istimewa yogyakarta,5.0,8 tahun lalu,"https://www.google.com/maps/place/Dinas+Perhubungan+DI+Yogyakarta/@-7.8339138,110.2474087,12z/data=!4m12!1m2!2m1!1sdishub+jogja!3m8!1s0x2e7a59ee2a7693d9:0x95d003dc7c3c42e2!8m2!3d-7.7778592!4d110.4151622!9m1!1b1!15sCgxkaXNodWIgam9namGSARFnb3Zlcm5tZW50X29mZmljZeABAA!16s%2Fg%2F1hd_y8chq?entry=ttu&g_ep=EgoyMDI2MDgxNy4wIKXMDSoASAFQAw%3D%3D",2026-08-21T04:13:34.860464+00:00
c81ea447fbc672a500f93d17,dishub,Dinas Perhubungan DIY,google_maps,Story Artis,Kantor jm,5.0,8 tahun lalu,"https://www.google.com/maps/place/Dinas+Perhubungan+DI+Yogyakarta/@-7.8339138,110.2474087,12z/data=!4m12!1m2!2m1!1sdishub+jogja!3m8!1s0x2e7a59ee2a7693d9:0x95d003dc7c3c42e2!8m2!3d-7.7778592!4d110.4151622!9m1!1b1!15sCgxkaXNodWIgam9namGSARFnb3Zlcm5tZW50X29mZmljZeABAA!16s%2Fg%2F1hd_y8chq?entry=ttu&g_ep=EgoyMDI2MDgxNy4wIKXMDSoASAFQAw%3D%3D",2026-08-21T04:13:34.960082+00:00
9ace824f6f1483e0a150872d,dishub,Dinas Perhubungan DIY,google_maps,Setan Laut,Dishub DIY,5.0,7 tahun lalu,"https://www.google.com/maps/place/Dinas+Perhubungan+DI+Yogyakarta/@-7.8339138,110.2474087,12z/data=!4m12!1m2!2m1!1sdishub+jogja!3m8!1s0x2e7a59ee2a7693d9:0x95d003dc7c3c42e2!8m2!3d-7.7778592!4d110.4151622!9m1!1b1!15sCgxkaXNodWIgam9namGSARFnb3Zlcm5tZW50X29mZmljZeABAA!16s%2Fg%2F1hd_y8chq?entry=ttu&g_ep=EgoyMDI2MDgxNy4wIKXMDSoASAFQAw%3D%3D",2026-08-21T04:13:35.060861+00:00
2640505a1b39ac9bf3650b9d,dishub,Dinas Perhubungan DIY,google_maps,yunan musiyanto,"pinggir jalan, mudah ditemukan",5.0,9 tahun lalu,"https://www.google.com/maps/place/Dinas+Perhubungan+DI+Yogyakarta/@-7.8339138,110.2474087,12z/data=!4m12!1m2!2m1!1sdishub+jogja!3m8!1s0x2e7a59ee2a7693d9:0x95d003dc7c3c42e2!8m2!3d-7.7778592!4d110.4151622!9m1!1b1!15sCgxkaXNodWIgam9namGSARFnb3Zlcm5tZW50X29mZmljZeABAA!16s%2Fg%2F1hd_y8chq?entry=ttu&g_ep=EgoyMDI2MDgxNy4wIKXMDSoASAFQAw%3D%3D",2026-08-21T04:13:35.161080+00:00
d9bb2e68d1f7be940d6ba085,dishub,Dinas Perhubungan DIY,google_maps,Thaariq Suryanullah Sukma Sanjaya,Bagus,5.0,9 tahun lalu,"https://www.google.com/maps/place/Dinas+Perhubungan+DI+Yogyakarta/@-7.8339138,110.2474087,12z/data=!4m12!1m2!2m1!1sdishub+jogja!3m8!1s0x2e7a59ee2a7693d9:0x95d003dc7c3c42e2!8m2!3d-7.7778592!4d110.4151622!9m1!1b1!15sCgxkaXNodWIgam9namGSARFnb3Zlcm5tZW50X29mZmljZeABAA!16s%2Fg%2F1hd_y8chq?entry=ttu&g_ep=EgoyMDI2MDgxNy4wIKXMDSoASAFQAw%3D%3D",2026-08-21T04:13:35.261669+00:00
d9bd2ca18c0d773e6d97036b,disnakertrans,Dinas Tenaga Kerja dan Transmigrasi DIY,berita,ANTARA News Yogyakarta,"Bantul kerjakan program padat karya BKK DIY di 124 lokasi - ANTARA News Yogyakarta. <a href=""https://news.google.com/rss/articles/CBMiogFBVV95cUxOZ25SakFDdzk2Y2RVcHFIQ3YtZkk2ZlA1NWhKU2lEcVZfb1g5UFVaTTY0c25ZckhqekgyTTNPMk5sSmdHNUg2WENtRzRwYkxWMHM4Y001M20yREtnNGZLWlNqWnRTeUJ3S2VUM2RqYnJralBFQnhoRElrbUdUd0JzMnVrQ1NPX25JSWJfMWhlQUVCTzJ2ZlgyNFNnN3ZET0RXeUE?oc=5"" target=""_blank"">Bantul kerjakan program padat karya BKK DIY di 124 lokasi</a>&nbsp;&nbsp;<font color=""#6f6f6f"">ANTARA News Yogyakarta</font>",,2026-08-03T07:00:00+00:00,https://news.google.com/rss/articles/CBMiogFBVV95cUxOZ25SakFDdzk2Y2RVcHFIQ3YtZkk2ZlA1NWhKU2lEcVZfb1g5UFVaTTY0c25ZckhqekgyTTNPMk5sSmdHNUg2WENtRzRwYkxWMHM4Y001M20yREtnNGZLWlNqWnRTeUJ3S2VUM2RqYnJralBFQnhoRElrbUdUd0JzMnVrQ1NPX25JSWJfMWhlQUVCTzJ2ZlgyNFNnN3ZET0RXeUE?oc=5,2026-08-21T03:15:14.072331+00:00
af6f0cfc50c2572f5a4c56f6,disnakertrans,Dinas Tenaga Kerja dan Transmigrasi DIY,berita,Harian Jogja,"584 Pekerja Kena PHK di DIY hingga Mei 2026, Disnakertrans Buka Suara - Harian Jogja. <a href=""https://news.google.com/rss/articles/CBMitgFBVV95cUxOc1JiZUFSMm9aTHNKanp6MWIwRUc5VmNndUVLOFB0OHdUUXpXVWpKOXB6ckR0V1N0LTEwLUQ4YVJscUxxbmhycnZRRk1rd0VWVUQ3dVRjYWk0Ri11OUFKenVxZFFpMy1BSmprTUJsUkV4b2w0UTJLbFJJYTRjc3hsLXFmbWFvT2V5eHI2UUNUdk9YOUhMa3dBT2pzSnAzQ25sOWdnb2NpQlJ0M1o1cG5jbVN3SDN3dw?oc=5"" target=""_blank"">584 Pekerja Kena PHK di DIY hingga Mei 2026, Disnakertrans Buka Suara</a>&nbsp;&nbsp;<font color=""#6f6f6f"">Harian Jogja</font>",,2026-08-06T09:37:31+00:00,https://news.google.com/rss/articles/CBMitgFBVV95cUxOc1JiZUFSMm9aTHNKanp6MWIwRUc5VmNndUVLOFB0OHdUUXpXVWpKOXB6ckR0V1N0LTEwLUQ4YVJscUxxbmhycnZRRk1rd0VWVUQ3dVRjYWk0Ri11OUFKenVxZFFpMy1BSmprTUJsUkV4b2w0UTJLbFJJYTRjc3hsLXFmbWFvT2V5eHI2UUNUdk9YOUhMa3dBT2pzSnAzQ25sOWdnb2NpQlJ0M1o1cG5jbVN3SDN3dw?oc=5,2026-08-21T03:15:14.072331+00:00
cabefa4bda695c99a7e7f943,disnakertrans,Dinas Tenaga Kerja dan Transmigrasi DIY,berita,Pemerintah Kota Yogyakarta,"Pemkot Gelar Job Fair Jogja 2026, Siapkan 2.000 Lowongan Pekerjaan - Pemerintah Kota Yogyakarta. <a href=""https://news.google.com/rss/articles/CBMiXEFVX3lxTE90TGNOYmI5MWh5UWxfZ20wNENSajRHSmJEWHV3Znc4RFM2X3RpZy1Uai1rV0hFeG02dlU4OGVrcDJnMGM2djV0Zk9jUmE3RUFXT3FlOEthcE5pMmtZ?oc=5"" target=""_blank"">Pemkot Gelar Job Fair Jogja 2026, Siapkan 2.000 Lowongan Pekerjaan</a>&nbsp;&nbsp;<font color=""#6f6f6f"">Pemerintah Kota Yogyakarta</font>",,2026-07-13T07:00:00+00:00,https://news.google.com/rss/articles/CBMiXEFVX3lxTE90TGNOYmI5MWh5UWxfZ20wNENSajRHSmJEWHV3Znc4RFM2X3RpZy1Uai1rV0hFeG02dlU4OGVrcDJnMGM2djV0Zk9jUmE3RUFXT3FlOEthcE5pMmtZ?oc=5,2026-08-21T03:15:14.072331+00:00
e1c1aa3b70ed9276873251b8,disnakertrans,Dinas Tenaga Kerja dan Transmigrasi DIY,berita,Kompas.tv,"Job Fair 2026 UNY dan Disnakertrans Jogja Digelar 10 11 Juni, 40 Perusahaan Buka Lowongan Kerja - Kompas.tv. <a href=""https://news.google.com/rss/articles/CBMiywFBVV95cUxPWVlfZVdWUGVTdVMtMkRwbFdFczFyNlg2X203dl9jQ0JOXzJQSmVPYmladUViLW45cGFqRTlfYkpKdTI5UHpqZGRUd3NISFUzUmwtS1NiLThfNlRrV3dpOVJyM1l6emRZT25KUFlLZGxydl82WTl0VnBQTW9QUGFtWnhaQ0ZTNThTbEF6NWlMUXBkbm1Tem1pSEhuS3hkM0YwVmotSEtrMl81NEM2UlNWTlRyUXlTemxQNEZKQ1ZHV0ZfaHZYNkI0aHRmRdIB0AFBVV95cUxNUWNEdTZoMF9NalRwaEhQOTRMUmp0dnhBSDh0Y1N1TGZIdEU1ZlpaNWd1dlF6UTNHN0psek04YlR4ZV9HelB1TlFUSkJZVEtkY2xwXzI2YmRsVmMxU1JxdjJXSkNWbWZCR3ZQUmZfVkt4dFB1c1Y0azY0UGRScXRDOHRyN1B2ODhWOGNKUlhPM1g4MU9OZXVLdVZPSEN3aHpnWEZGalFnQl9VcDRvNVhuMXRLOWZWNFc1amNONnpiOENiMm1tX2JYVl9sd25YRXo0?oc=5"" target=""_blank"">Job Fair 2026 UNY dan Disnakertrans Jogja Digelar 10 11 Juni, 40 Perusahaan Buka Lowongan Kerja</a>&nbsp;&nbsp;<font color=""#6f6f6f"">Kompas.tv</font>",,2026-06-06T07:00:00+00:00,https://news.google.com/rss/articles/CBMiywFBVV95cUxPWVlfZVdWUGVTdVMtMkRwbFdFczFyNlg2X203dl9jQ0JOXzJQSmVPYmladUViLW45cGFqRTlfYkpKdTI5UHpqZGRUd3NISFUzUmwtS1NiLThfNlRrV3dpOVJyM1l6emRZT25KUFlLZGxydl82WTl0VnBQTW9QUGFtWnhaQ0ZTNThTbEF6NWlMUXBkbm1Tem1pSEhuS3hkM0YwVmotSEtrMl81NEM2UlNWTlRyUXlTemxQNEZKQ1ZHV0ZfaHZYNkI0aHRmRdIB0AFBVV95cUxNUWNEdTZoMF9NalRwaEhQOTRMUmp0dnhBSDh0Y1N1TGZIdEU1ZlpaNWd1dlF6UTNHN0psek04YlR4ZV9HelB1TlFUSkJZVEtkY2xwXzI2YmRsVmMxU1JxdjJXSkNWbWZCR3ZQUmZfVkt4dFB1c1Y0azY0UGRScXRDOHRyN1B2ODhWOGNKUlhPM1g4MU9OZXVLdVZPSEN3aHpnWEZGalFnQl9VcDRvNVhuMXRLOWZWNFc1amNONnpiOENiMm1tX2JYVl9sd25YRXo0?oc=5,2026-08-21T03:15:14.072331+00:00
65ffe1e97a15b9218c40d6f6,disnakertrans,Dinas Tenaga Kerja dan Transmigrasi DIY,berita,Jogjaprov,"Puluhan Aduan THR Masuk, Pemda DIY Gerak Cepat Pastikan Hak ... - Jogjaprov. <a href=""https://news.google.com/rss/articles/CBMiqwFBVV95cUxOLVRlWXd0S2pJeEVaME5CS0NLNXBtV0k0LWVsSHk4Y3VjNjNhMWFySjBGQmtIMndtWkVfaUZvUF9WZFpLZXU3b3B3MGRzUTZOWlU5NTFEblQtbHlGQWNGWVdHMi15NTY2WGJtdklqb0dXMmlIWlZCdFdZRTJzOUFORGlzZ2UxNDA1ejVid3lGZ2pDUndEaU82NWVocnpGbGlHaWVEQl9kQ2ktUWs?oc=5"" target=""_blank"">Puluhan Aduan THR Masuk, Pemda DIY Gerak Cepat Pastikan Hak ...</a>&nbsp;&nbsp;<font color=""#6f6f6f"">Jogjaprov</font>",,2026-03-17T07:00:00+00:00,https://news.google.com/rss/articles/CBMiqwFBVV95cUxOLVRlWXd0S2pJeEVaME5CS0NLNXBtV0k0LWVsSHk4Y3VjNjNhMWFySjBGQmtIMndtWkVfaUZvUF9WZFpLZXU3b3B3MGRzUTZOWlU5NTFEblQtbHlGQWNGWVdHMi15NTY2WGJtdklqb0dXMmlIWlZCdFdZRTJzOUFORGlzZ2UxNDA1ejVid3lGZ2pDUndEaU82NWVocnpGbGlHaWVEQl9kQ2ktUWs?oc=5,2026-08-21T03:15:14.072331+00:00
47aa542c0d1117a9a773f46b,disnakertrans,Dinas Tenaga Kerja dan Transmigrasi DIY,berita,Polda DIY,"Ratusan Buruh Gelar Aksi di Kepatihan, Polisi Lakukan Pengamanan dan Kawal Audiensi - Polda DIY. <a href=""https://news.google.com/rss/articles/CBMi6AFBVV95cUxPeVZZbGxCODVKUlZwSnhZemVqd3kzMGJzNlpYSnk4VkM5ZER0LXE2dVdWR29WazU1Y0Y5X3VwWTJlVm9qN0REUEpOczhDSEpaRy15MXNtN08yd3VSQlFrN0hXQ0tvMDdvWGlpVEJNMm9PUl9meTJrMWxFQVI3S1VtUXZBUFBPaE13RHBMd09KZGotTUdHYmg2bWJGQ21ENHZhbTFsRXJkSk5ZNE9KZEpieGRvRlgxSTFmZkN0b09CWGdkc2tFdEdLQmhTMzdJaXNsOGx1TkdtbVhYNHNlcThzck9Sb0tHLVVq?oc=5"" target=""_blank"">Ratusan Buruh Gelar Aksi di Kepatihan, Polisi Lakukan Pengamanan dan Kawal Audiensi</a>&nbsp;&nbsp;<font color=""#6f6f6f"">Polda DIY</font>",,2026-03-31T07:00:00+00:00,https://news.google.com/rss/articles/CBMi6AFBVV95cUxPeVZZbGxCODVKUlZwSnhZemVqd3kzMGJzNlpYSnk4VkM5ZER0LXE2dVdWR29WazU1Y0Y5X3VwWTJlVm9qN0REUEpOczhDSEpaRy15MXNtN08yd3VSQlFrN0hXQ0tvMDdvWGlpVEJNMm9PUl9meTJrMWxFQVI3S1VtUXZBUFBPaE13RHBMd09KZGotTUdHYmg2bWJGQ21ENHZhbTFsRXJkSk5ZNE9KZEpieGRvRlgxSTFmZkN0b09CWGdkc2tFdEdLQmhTMzdJaXNsOGx1TkdtbVhYNHNlcThzck9Sb0tHLVVq?oc=5,2026-08-21T03:15:14.072331+00:00
9debb15b2f2ec3165c9a156f,disnakertrans,Dinas Tenaga Kerja dan Transmigrasi DIY,berita,Harian Jogja,"Disnakertrans DIY Gelar Edukasi Verifikasi Data Serikat Buruh - Harian Jogja. <a href=""https://news.google.com/rss/articles/CBMioAFBVV95cUxOSlBLR1hQbTQ4SEVZc0dBM1VpSHR5aVZSckhjQkxYc0htS1hPYW4tRkx4bWRPMXR1S1hCTUJwUW9id2JIQm9DSHdpQUloY2FqX0NpT1BWQzBrU3JEU0E3eW5ER0J3cnNWTWgwLXJFU2NaT1ZvaU5Gd0xGVExVLWdDOHFrTk9Relp6YjFjZVYtM1ppVEdPTkI5MlkyWWZnbWV1?oc=5"" target=""_blank"">Disnakertrans DIY Gelar Edukasi Verifikasi Data Serikat Buruh</a>&nbsp;&nbsp;<font color=""#6f6f6f"">Harian Jogja</font>",,2026-07-23T07:00:00+00:00,https://news.google.com/rss/articles/CBMioAFBVV95cUxOSlBLR1hQbTQ4SEVZc0dBM1VpSHR5aVZSckhjQkxYc0htS1hPYW4tRkx4bWRPMXR1S1hCTUJwUW9id2JIQm9DSHdpQUloY2FqX0NpT1BWQzBrU3JEU0E3eW5ER0J3cnNWTWgwLXJFU2NaT1ZvaU5Gd0xGVExVLWdDOHFrTk9Relp6YjFjZVYtM1ppVEdPTkI5MlkyWWZnbWV1?oc=5,2026-08-21T03:15:14.072331+00:00
dfee40d6a1634248ccbf72a5,disnakertrans,Dinas Tenaga Kerja dan Transmigrasi DIY,berita,detikcom,"Disnakertrans DIY Terima Puluhan Aduan soal Pembayaran THR - detikcom. <a href=""https://news.google.com/rss/articles/CBMipgFBVV95cUxOSGdWSnUtWnBkRUdoMnJIb2ZhekpVcnFaSkx1Um52OUNlOW0zTGhzVEhrZlg3ZmlMLXlRODNoa3dxYlNOdkhmejZEa2Q4V3E2NDBGZEFOVzhlXzFMODlXSHBlZjE1QklGUHVwVjk0c251STlXWEpBR2p1MHlNN2xaa0JBT1BQTXF0UXltYV9CdFpQZUdQeG1LSklGUTFSQlFxWEZwYkVR0gGrAUFVX3lxTE1NM0JIam4zUWNzOVhCNWVoZHB6Q1dJbkttTThJeXQ2UTczVkIzbWhncVh4WU54VXJ0STFRZmJ1empBaVZ3TF9zcXp1S2pjZWJURFI0Y3BMSU5PVkE4TlNGbE9JVFRzdkprbWktZ1I3TGUzdlVLVFJpdm5HT25xYndKakh2a3lMRlhVQ3ZyTGtoX3FiTWRrX1dxSWtDTkREOUx3b0RnUXQyNFNNVQ?oc=5"" target=""_blank"">Disnakertrans DIY Terima Puluhan Aduan soal Pembayaran THR</a>&nbsp;&nbsp;<font color=""#6f6f6f"">detikcom</font>",,2026-03-16T07:00:00+00:00,https://news.google.com/rss/articles/CBMipgFBVV95cUxOSGdWSnUtWnBkRUdoMnJIb2ZhekpVcnFaSkx1Um52OUNlOW0zTGhzVEhrZlg3ZmlMLXlRODNoa3dxYlNOdkhmejZEa2Q4V3E2NDBGZEFOVzhlXzFMODlXSHBlZjE1QklGUHVwVjk0c251STlXWEpBR2p1MHlNN2xaa0JBT1BQTXF0UXltYV9CdFpQZUdQeG1LSklGUTFSQlFxWEZwYkVR0gGrAUFVX3lxTE1NM0JIam4zUWNzOVhCNWVoZHB6Q1dJbkttTThJeXQ2UTczVkIzbWhncVh4WU54VXJ0STFRZmJ1empBaVZ3TF9zcXp1S2pjZWJURFI0Y3BMSU5PVkE4TlNGbE9JVFRzdkprbWktZ1I3TGUzdlVLVFJpdm5HT25xYndKakh2a3lMRlhVQ3ZyTGtoX3FiTWRrX1dxSWtDTkREOUx3b0RnUXQyNFNNVQ?oc=5,2026-08-21T03:15:14.072331+00:00
170b657b5ff8e4bf07a35e3c,disnakertrans,Dinas Tenaga Kerja dan Transmigrasi DIY,berita,Kompas.com,"Ratusan Pekerja DIY Kena PHK, Disnakertrans Soroti Dugaan PHK Terselubung di Bantul - Kompas.com. <a href=""https://news.google.com/rss/articles/CBMi0wFBVV95cUxNYk04a0pGVF9qM0xrTFoycS1fdV9tUmtEQjdYT3FNREFLeEV2SDRhd0tETTBPaG9Fa1lRUW40YUZsN2xmZmxTd0l1Qm9WOWQybV9UZDlEZXBFMGhEM0tITWtLMDd6SjgzSUNVX3l3cVNvLVMtVmx2ajdMd1FZM3l4c2xoU1JmS2JvRFhmWE1ueTlqUlV1eEFhdGxZcXBvTGMxZV9mTkdIX3RrelJUUG5jLV9qVUF1Y2tMZXkzNmY1cUpUNVltWC1rQ1lZaDhPS2F6bWE4?oc=5"" target=""_blank"">Ratusan Pekerja DIY Kena PHK, Disnakertrans Soroti Dugaan PHK Terselubung di Bantul</a>&nbsp;&nbsp;<font color=""#6f6f6f"">Kompas.com</font>",,2026-06-28T07:00:00+00:00,https://news.google.com/rss/articles/CBMi0wFBVV95cUxNYk04a0pGVF9qM0xrTFoycS1fdV9tUmtEQjdYT3FNREFLeEV2SDRhd0tETTBPaG9Fa1lRUW40YUZsN2xmZmxTd0l1Qm9WOWQybV9UZDlEZXBFMGhEM0tITWtLMDd6SjgzSUNVX3l3cVNvLVMtVmx2ajdMd1FZM3l4c2xoU1JmS2JvRFhmWE1ueTlqUlV1eEFhdGxZcXBvTGMxZV9mTkdIX3RrelJUUG5jLV9qVUF1Y2tMZXkzNmY1cUpUNVltWC1rQ1lZaDhPS2F6bWE4?oc=5,2026-08-21T03:15:14.072331+00:00
e2dc7b6da79d7f548f659ee9,disnakertrans,Dinas Tenaga Kerja dan Transmigrasi DIY,berita,DPRD DIY,"Monitoring Hubungan Industrial, Komisi D Tinjau Kondisi Ketenagakerjaan di PT YTI Bantul - DPRD DIY. <a href=""https://news.google.com/rss/articles/CBMivgFBVV95cUxPWU9Hek9KT3BHREtwSURfanduRG5OT3dOSVBWQV9xZTJxZnZ1RTBIWU16RzNlZERwRUFCbW5zZ1otUElCbTNlamVWRzdtYUpWUVBON01NY1lsU3hyRFdpYXl6WWxrYjhFRVpvLVBmQ0luX0dkdTBveTFtOFk1SG9sQWh4UlQ2VkpyLUoxSHhzMXRadkVYUnZ6eUZfRnlqZjF2NlZ4eGktX0xZWWVIdWtMcWNvTmc0OG1lTWY5aTFR?oc=5"" target=""_blank"">Monitoring Hubungan Industrial, Komisi D Tinjau Kondisi Ketenagakerjaan di PT YTI Bantul</a>&nbsp;&nbsp;<font color=""#6f6f6f"">DPRD DIY</font>",,2026-06-19T08:28:31+00:00,https://news.google.com/rss/articles/CBMivgFBVV95cUxPWU9Hek9KT3BHREtwSURfanduRG5OT3dOSVBWQV9xZTJxZnZ1RTBIWU16RzNlZERwRUFCbW5zZ1otUElCbTNlamVWRzdtYUpWUVBON01NY1lsU3hyRFdpYXl6WWxrYjhFRVpvLVBmQ0luX0dkdTBveTFtOFk1SG9sQWh4UlQ2VkpyLUoxSHhzMXRadkVYUnZ6eUZfRnlqZjF2NlZ4eGktX0xZWWVIdWtMcWNvTmc0OG1lTWY5aTFR?oc=5,2026-08-21T03:15:14.072331+00:00
3d44380ff63b32d915a31ca2,disnakertrans,Dinas Tenaga Kerja dan Transmigrasi DIY,berita,Pemerintah Kota Yogyakarta,"Penanganan Gepeng di Kota Yogya, Tangani Orangnya dan Edukasi Masyarakat - Pemerintah Kota Yogyakarta. <a href=""https://news.google.com/rss/articles/CBMiywFBVV95cUxNZ0Q3LXB3TzcxZVRVdE81dkxBckRjZ1M0M1Jnc21KZnpPbG1vQ1JTSnEyOGtjWl9XUUpuT1dHWWxzM2QxQmplc1p0WEZ5MDRkZG1wVUhtVklwMl9ocVB3dERoRnJLbFhha2hzckNzdFhHTGh4NEpONUFqOWswLVMxandUc0NKQWNXVm51VE43Z1ZYc1NGVlI2MGZEUmFOaU9KU1VQNk9lczRKOHBObG5pa3RYMElGRGswNU0xOWNJNjN5eXp3YjZHQkxJaw?oc=5"" target=""_blank"">Penanganan Gepeng di Kota Yogya, Tangani Orangnya dan Edukasi Masyarakat</a>&nbsp;&nbsp;<font color=""#6f6f6f"">Pemerintah Kota Yogyakarta</font>",,2026-06-23T07:00:00+00:00,https://news.google.com/rss/articles/CBMiywFBVV95cUxNZ0Q3LXB3TzcxZVRVdE81dkxBckRjZ1M0M1Jnc21KZnpPbG1vQ1JTSnEyOGtjWl9XUUpuT1dHWWxzM2QxQmplc1p0WEZ5MDRkZG1wVUhtVklwMl9ocVB3dERoRnJLbFhha2hzckNzdFhHTGh4NEpONUFqOWswLVMxandUc0NKQWNXVm51VE43Z1ZYc1NGVlI2MGZEUmFOaU9KU1VQNk9lczRKOHBObG5pa3RYMElGRGswNU0xOWNJNjN5eXp3YjZHQkxJaw?oc=5,2026-08-21T03:15:14.072331+00:00
c8dc2e15e928028edc654c90,disnakertrans,Dinas Tenaga Kerja dan Transmigrasi DIY,berita,Kompas.tv,"Pemagangan Dalam Negeri 2026 Dibuka! Disnakertrans DIY Tawarkan Segudang Benefit, Simak Detilnya - Kompas.tv. <a href=""https://news.google.com/rss/articles/CBMiywFBVV95cUxQaXVzc0JYT2s4bDg1WHBDYThhanBNUGxZbVJEd2FQcV8wR2Jsd05CVXZmR3pmbVpMdTVvbzhpSURwQm84M0lkT2ZmM0Z0T2F3QU8xWjdQVS1zV3Y1Wk5wc29WbkQxMG5MWklzMVdGc0tiTUVaQ0hNVEpqd0dqLTA3S2Q2eDRiVE5pZUpFdk95aG5vVXBNY25qNkJITkhqRDRaWXpfaFJFd0VnNGNrcm53SWlYdVNIamRocTVLbUt2OTZGbFl1VHg5NHRCb9IB0AFBVV95cUxNQTI4YVN3RGNqdWc0dEFndlU3Q3JyQkJsdGlTLWNXOHhlV3gwLUEtQmE2ZkRfXzBBOUc3ZC0zUEZ0c3hFOG1NdWVXSkZPb3BRRlRmeFNQWW4zRUNjck42aHNQZ29qWEhiLXpjcU5uZlZfSEdObGRzaVZzSThuN2JTMlVFem9qRTJiWjdpdmctT1JVR1ZmY0hIdjVjWGxMdnFLZ0xrVlVPTkZCVlVJOGRDYnEtaV9DMWhXaEJNYnNoRWRMT3lSTVJIZjFVekZHS3FO?oc=5"" target=""_blank"">Pemagangan Dalam Negeri 2026 Dibuka! Disnakertrans DIY Tawarkan Segudang Benefit, Simak Detilnya</a>&nbsp;&nbsp;<font color=""#6f6f6f"">Kompas.tv</font>",,2026-04-15T07:00:00+00:00,https://news.google.com/rss/articles/CBMiywFBVV95cUxQaXVzc0JYT2s4bDg1WHBDYThhanBNUGxZbVJEd2FQcV8wR2Jsd05CVXZmR3pmbVpMdTVvbzhpSURwQm84M0lkT2ZmM0Z0T2F3QU8xWjdQVS1zV3Y1Wk5wc29WbkQxMG5MWklzMVdGc0tiTUVaQ0hNVEpqd0dqLTA3S2Q2eDRiVE5pZUpFdk95aG5vVXBNY25qNkJITkhqRDRaWXpfaFJFd0VnNGNrcm53SWlYdVNIamRocTVLbUt2OTZGbFl1VHg5NHRCb9IB0AFBVV95cUxNQTI4YVN3RGNqdWc0dEFndlU3Q3JyQkJsdGlTLWNXOHhlV3gwLUEtQmE2ZkRfXzBBOUc3ZC0zUEZ0c3hFOG1NdWVXSkZPb3BRRlRmeFNQWW4zRUNjck42aHNQZ29qWEhiLXpjcU5uZlZfSEdObGRzaVZzSThuN2JTMlVFem9qRTJiWjdpdmctT1JVR1ZmY0hIdjVjWGxMdnFLZ0xrVlVPTkZCVlVJOGRDYnEtaV9DMWhXaEJNYnNoRWRMT3lSTVJIZjFVekZHS3FO?oc=5,2026-08-21T03:15:14.072331+00:00
3b2ccff1456e8be242da811f,disnakertrans,Dinas Tenaga Kerja dan Transmigrasi DIY,berita,Polda DIY,"Aksi Buruh di Kepatihan Berjalan Tertib, Polisi Pastikan Pengamanan Humanis - Polda DIY. <a href=""https://news.google.com/rss/articles/CBMi1wFBVV95cUxQX0pla1FZUjhaa0VobEpFeTB6a3VwZDMzUFRuTU00c3VfSHpEdm0wRVlYSVEwelJNNm50eDBsU0hHVnJWSVRsZFpUMkRoc1N4WmhxZlBtM0s4c0ZVUVc4aGdxOG5YNkxRaTNMRjNVNzQyT3RjUlBIT3hidkZxTXJvZl9fUnlYeTBYM0ZMRFF0bU13UTlHQjFMZ0xhVzREQmt6MlNDTVJwRTRVNVQwRHJzX0hldGlQaEJpX1J2dzgwOHdFd1RaNFB6bF9UbkN2cVpQVjU5b1ZOQQ?oc=5"" target=""_blank"">Aksi Buruh di Kepatihan Berjalan Tertib, Polisi Pastikan Pengamanan Humanis</a>&nbsp;&nbsp;<font color=""#6f6f6f"">Polda DIY</font>",,2026-03-31T07:00:00+00:00,https://news.google.com/rss/articles/CBMi1wFBVV95cUxQX0pla1FZUjhaa0VobEpFeTB6a3VwZDMzUFRuTU00c3VfSHpEdm0wRVlYSVEwelJNNm50eDBsU0hHVnJWSVRsZFpUMkRoc1N4WmhxZlBtM0s4c0ZVUVc4aGdxOG5YNkxRaTNMRjNVNzQyT3RjUlBIT3hidkZxTXJvZl9fUnlYeTBYM0ZMRFF0bU13UTlHQjFMZ0xhVzREQmt6MlNDTVJwRTRVNVQwRHJzX0hldGlQaEJpX1J2dzgwOHdFd1RaNFB6bF9UbkN2cVpQVjU5b1ZOQQ?oc=5,2026-08-21T03:15:14.072331+00:00
3c4623f346ea524125b3d61b,disnakertrans,Dinas Tenaga Kerja dan Transmigrasi DIY,berita,detikcom,"Pemda DIY Pelototi 120 Perusahaan yang Tahun Lalu Tunggak THR - detikcom. <a href=""https://news.google.com/rss/articles/CBMiqgFBVV95cUxQenIwVV9Mel9UbmRFdldpQ1A4d1doOXotWFdVVEdBc2gtcEItdzRTTXlNSEJ3REJMUUJaSEt0OGNKMW13eW5JNjhYd0RLa3NKM29PMUMtNjhmNFBxQkJCaTJTVDZ1Nk1YdlBvcnRURmZBZmZwTk5xd21jVGtnWjl1YmluYm5OVkQ2ZkQxTXM0R3Z2R3poOTBMTFp2M25Zd2JLUVJNRjlTZzcyQdIBrwFBVV95cUxNYlI3Rm5rQzYyVjJ3ZG55Tkx2RFp6X09CQm5COXJ1dVVaaWFpV3o3SHpPNEhDNTNsRW5UUkdZYVdJV1BwdWdLMjVUV19oazdZcEtTQmE1MXE1dEhnZ2gzblo0QXJ5Rm1JaHJlcWpQb0VtVGg4am44RGx2SjRTa0NoaWpUdGgwRWtERG1hYzNWWHNnSTNWXzd5OXB5UnpHcjQ4bDdQVU53QWhuWmlrN3Q0?oc=5"" target=""_blank"">Pemda DIY Pelototi 120 Perusahaan yang Tahun Lalu Tunggak THR</a>&nbsp;&nbsp;<font color=""#6f6f6f"">detikcom</font>",,2026-03-05T08:00:00+00:00,https://news.google.com/rss/articles/CBMiqgFBVV95cUxQenIwVV9Mel9UbmRFdldpQ1A4d1doOXotWFdVVEdBc2gtcEItdzRTTXlNSEJ3REJMUUJaSEt0OGNKMW13eW5JNjhYd0RLa3NKM29PMUMtNjhmNFBxQkJCaTJTVDZ1Nk1YdlBvcnRURmZBZmZwTk5xd21jVGtnWjl1YmluYm5OVkQ2ZkQxTXM0R3Z2R3poOTBMTFp2M25Zd2JLUVJNRjlTZzcyQdIBrwFBVV95cUxNYlI3Rm5rQzYyVjJ3ZG55Tkx2RFp6X09CQm5COXJ1dVVaaWFpV3o3SHpPNEhDNTNsRW5UUkdZYVdJV1BwdWdLMjVUV19oazdZcEtTQmE1MXE1dEhnZ2gzblo0QXJ5Rm1JaHJlcWpQb0VtVGg4am44RGx2SjRTa0NoaWpUdGgwRWtERG1hYzNWWHNnSTNWXzd5OXB5UnpHcjQ4bDdQVU53QWhuWmlrN3Q0?oc=5,2026-08-21T03:15:14.072331+00:00
3b5ee706228a86a1f87f8785,disnakertrans,Dinas Tenaga Kerja dan Transmigrasi DIY,berita,Harian Jogja,"Pengangguran DIY Turun, Pariwisata dan UMKM Serap Banyak Tenaga Kerja - Harian Jogja. <a href=""https://news.google.com/rss/articles/CBMitgFBVV95cUxNUXkwaDZ1S0RtUjRyTVZfUUF1ckk5bkpST3k2SHNNN1BzSkJMS3dXWHVaeC03aFlHOUtRYmQ5WDVscHNRRFVVNE9RdVBBMURLVlppNkFfcmsyVFJPRnQ2QTJ2dktRc3JDUUE5NWo0US1RRDdfbm9fVENjVGl0RGZyU2x5MGxDS1A1NkNoVG94b29VMnNMQ2dkYlAxX25nMTZIYjh5R09XRHpTd0J1bHBIdU9EcmctQQ?oc=5"" target=""_blank"">Pengangguran DIY Turun, Pariwisata dan UMKM Serap Banyak Tenaga Kerja</a>&nbsp;&nbsp;<font color=""#6f6f6f"">Harian Jogja</font>",,2026-05-21T07:00:00+00:00,https://news.google.com/rss/articles/CBMitgFBVV95cUxNUXkwaDZ1S0RtUjRyTVZfUUF1ckk5bkpST3k2SHNNN1BzSkJMS3dXWHVaeC03aFlHOUtRYmQ5WDVscHNRRFVVNE9RdVBBMURLVlppNkFfcmsyVFJPRnQ2QTJ2dktRc3JDUUE5NWo0US1RRDdfbm9fVENjVGl0RGZyU2x5MGxDS1A1NkNoVG94b29VMnNMQ2dkYlAxX25nMTZIYjh5R09XRHpTd0J1bHBIdU9EcmctQQ?oc=5,2026-08-21T03:15:14.072331+00:00
60b2218f842fb283d227cd51,disnakertrans,Dinas Tenaga Kerja dan Transmigrasi DIY,berita,Harian Jogja,"BPJS Ketenagakerjaan Gelar Klaim JHT Massal Bagi Pekerja PT MTG Jogja - Harian Jogja. <a href=""https://news.google.com/rss/articles/CBMitwFBVV95cUxOaXk0cXQxQ1Rva3BqSGQ5SHJTWkp5SEgySE16S19yR1FmejJ6bkRUU2cwUkdqSEF0aUlPRUxydi1FdGpWSDlBOTg2TGp6cnEyV1NYcjI3UFlvUTY0Vm5aLW9neWQ1R25BZ3VUbDJhMnpTYzVOMlZoLTNjdGhlTkF3MTBjUUdDQnBzZGlrY3pBaUJnZTZzeTRSaS02TF9CLVEwZ0ZjVmhBYjI0OGZDVkNMbEZSX2lBMUU?oc=5"" target=""_blank"">BPJS Ketenagakerjaan Gelar Klaim JHT Massal Bagi Pekerja PT MTG Jogja</a>&nbsp;&nbsp;<font color=""#6f6f6f"">Harian Jogja</font>",,2026-05-12T07:00:00+00:00,https://news.google.com/rss/articles/CBMitwFBVV95cUxOaXk0cXQxQ1Rva3BqSGQ5SHJTWkp5SEgySE16S19yR1FmejJ6bkRUU2cwUkdqSEF0aUlPRUxydi1FdGpWSDlBOTg2TGp6cnEyV1NYcjI3UFlvUTY0Vm5aLW9neWQ1R25BZ3VUbDJhMnpTYzVOMlZoLTNjdGhlTkF3MTBjUUdDQnBzZGlrY3pBaUJnZTZzeTRSaS02TF9CLVEwZ0ZjVmhBYjI0OGZDVkNMbEZSX2lBMUU?oc=5,2026-08-21T03:15:14.072331+00:00
fa6fdc610a34a72f0a02569f,disnakertrans,Dinas Tenaga Kerja dan Transmigrasi DIY,berita,Harian Jogja,"Pemda DIY Tekan Pengangguran Lewat Job Fair 2026, Ada 2.671 Lowongan - Harian Jogja. <a href=""https://news.google.com/rss/articles/CBMipwFBVV95cUxPcVNqemV2MkhEV1JNa2w2ajEzcVo5LXJpVDgyRUhkOGtZNERGM1JoVFQ5eTg1cHRycWptcHF4eGd0U21jY3V5OGdPaHFhak90aTZSTlZXMXBHeGhtTjZXVGN0SjRKWkNPTzFfNXlsR1dXN2hVZ25fUlpYRHNDVHFHOXJMTnNZSG54N0thQTFFRlUyZXhsYlJpVThMYlZsV0NEamx2a1pNSQ?oc=5"" target=""_blank"">Pemda DIY Tekan Pengangguran Lewat Job Fair 2026, Ada 2.671 Lowongan</a>&nbsp;&nbsp;<font color=""#6f6f6f"">Harian Jogja</font>",,2026-06-10T07:00:00+00:00,https://news.google.com/rss/articles/CBMipwFBVV95cUxPcVNqemV2MkhEV1JNa2w2ajEzcVo5LXJpVDgyRUhkOGtZNERGM1JoVFQ5eTg1cHRycWptcHF4eGd0U21jY3V5OGdPaHFhak90aTZSTlZXMXBHeGhtTjZXVGN0SjRKWkNPTzFfNXlsR1dXN2hVZ25fUlpYRHNDVHFHOXJMTnNZSG54N0thQTFFRlUyZXhsYlJpVThMYlZsV0NEamx2a1pNSQ?oc=5,2026-08-21T03:15:14.072331+00:00
0d4a4afe32ea5324f0bf94dd,disnakertrans,Dinas Tenaga Kerja dan Transmigrasi DIY,berita,Harian Jogja,"Disnakertrans DIY Dorong Penyandang Disabilitas Naik Kelas - Harian Jogja. <a href=""https://news.google.com/rss/articles/CBMinAFBVV95cUxQMzdGVHAtM0NZaFQ5dl9Jd1VNbDBxMkRCWXR3ZEktVmlja0lRdnE4VVdIaVVOQ1h6eEZwT3hPN3JIT3ZFSEFLLXQwb0p0WmtwZjNQcVVrMnJqQ28waE9FTnpMNHhDUlNkbmtmTFdPaGVKNVBLajkySnA5SExaUllUX2hmdTBLYTV2UWdyY1kxODRhc1Zja2RVYVc3QUE?oc=5"" target=""_blank"">Disnakertrans DIY Dorong Penyandang Disabilitas Naik Kelas</a>&nbsp;&nbsp;<font color=""#6f6f6f"">Harian Jogja</font>",,2026-05-18T07:00:00+00:00,https://news.google.com/rss/articles/CBMinAFBVV95cUxQMzdGVHAtM0NZaFQ5dl9Jd1VNbDBxMkRCWXR3ZEktVmlja0lRdnE4VVdIaVVOQ1h6eEZwT3hPN3JIT3ZFSEFLLXQwb0p0WmtwZjNQcVVrMnJqQ28waE9FTnpMNHhDUlNkbmtmTFdPaGVKNVBLajkySnA5SExaUllUX2hmdTBLYTV2UWdyY1kxODRhc1Zja2RVYVc3QUE?oc=5,2026-08-21T03:15:14.072331+00:00
263e47f91bb6a968e6c275b5,disnakertrans,Dinas Tenaga Kerja dan Transmigrasi DIY,berita,Harian Jogja,"DIY Buka Rekrutmen Magang Dalam Negeri hingga 30 April, Ini Syaratnya - Harian Jogja. <a href=""https://news.google.com/rss/articles/CBMitgFBVV95cUxOUnRvdUNUUGZ0RmQ1OEkxeks1cmZvYVZLX0FiQmVUdVY5UTIzY0d0ZzluZS0xT1NZN1dvTTBPWkV1aWQyckhKLVdMelJzRXUxVzhYbEtTS3VvVGZGQl9zR0NHTTU1NHMxcWJXWmw4WldYWDNRVU5wMjJJeGI1aGhocVd4bWxLR2FVZ3JQajBKZ1hnVGd0dUt1VExfMTNHSURDbFp3M2ZtQkpwNy1DS3JlcFlNenlIUQ?oc=5"" target=""_blank"">DIY Buka Rekrutmen Magang Dalam Negeri hingga 30 April, Ini Syaratnya</a>&nbsp;&nbsp;<font color=""#6f6f6f"">Harian Jogja</font>",,2026-04-13T07:00:00+00:00,https://news.google.com/rss/articles/CBMitgFBVV95cUxOUnRvdUNUUGZ0RmQ1OEkxeks1cmZvYVZLX0FiQmVUdVY5UTIzY0d0ZzluZS0xT1NZN1dvTTBPWkV1aWQyckhKLVdMelJzRXUxVzhYbEtTS3VvVGZGQl9zR0NHTTU1NHMxcWJXWmw4WldYWDNRVU5wMjJJeGI1aGhocVd4bWxLR2FVZ3JQajBKZ1hnVGd0dUt1VExfMTNHSURDbFp3M2ZtQkpwNy1DS3JlcFlNenlIUQ?oc=5,2026-08-21T03:15:14.072331+00:00
d84054fb161dcc21751db8bc,disnakertrans,Dinas Tenaga Kerja dan Transmigrasi DIY,berita,Harian Jogja,"Pelatihan Menjahit Disnaker DIY Siapkan Ibu-ibu Buka Usaha - Harian Jogja. <a href=""https://news.google.com/rss/articles/CBMinAFBVV95cUxQVFJGYlBfU2hBV0FkdkxoTlpHb05lT2t2bkhYYVUyb1R4cnRUZDl2RVVDTHUxR19mOHpjVzZKb1hYSmttWlJYeWxIRnphN1ZfTWFJMWQ4c2N2c3N3Y3pwNkdTR0NrV0ljNVR2d2l2M3BoelZCbXdQUVp4T1VKUFFweFFvVmdHRjVRVFBhbnpQMldGQWtJUjFIVkliY3Q?oc=5"" target=""_blank"">Pelatihan Menjahit Disnaker DIY Siapkan Ibu-ibu Buka Usaha</a>&nbsp;&nbsp;<font color=""#6f6f6f"">Harian Jogja</font>",,2026-05-12T07:00:00+00:00,https://news.google.com/rss/articles/CBMinAFBVV95cUxQVFJGYlBfU2hBV0FkdkxoTlpHb05lT2t2bkhYYVUyb1R4cnRUZDl2RVVDTHUxR19mOHpjVzZKb1hYSmttWlJYeWxIRnphN1ZfTWFJMWQ4c2N2c3N3Y3pwNkdTR0NrV0ljNVR2d2l2M3BoelZCbXdQUVp4T1VKUFFweFFvVmdHRjVRVFBhbnpQMldGQWtJUjFIVkliY3Q?oc=5,2026-08-21T03:15:14.072331+00:00
1df56c4c5c73457ae74787fd,disnakertrans,Dinas Tenaga Kerja dan Transmigrasi DIY,berita,Harian Jogja,"Efisiensi Picu PHK di DIY, Ratusan Pekerja Terdampak - Harian Jogja. <a href=""https://news.google.com/rss/articles/CBMinwFBVV95cUxPeW1zWjh5UVBoMnoxOWZIWHZXUTA5SXIxTHI4QURONVdOYU10eGt2YUM3aGMwcUtXSmZaVWpMR1kxemtnaWRHTFpJRjl5V2luYml5Slk3ZEJvSjNPX001MDBQZVhEUjY1MDZQbDA5aXJ1eXk4aEhETnNfNldQTldtVWxwQWdUZlZzRFZYNzhQWjV0VDVJM3NFakhlbEtWcHc?oc=5"" target=""_blank"">Efisiensi Picu PHK di DIY, Ratusan Pekerja Terdampak</a>&nbsp;&nbsp;<font color=""#6f6f6f"">Harian Jogja</font>",,2026-04-14T07:00:00+00:00,https://news.google.com/rss/articles/CBMinwFBVV95cUxPeW1zWjh5UVBoMnoxOWZIWHZXUTA5SXIxTHI4QURONVdOYU10eGt2YUM3aGMwcUtXSmZaVWpMR1kxemtnaWRHTFpJRjl5V2luYml5Slk3ZEJvSjNPX001MDBQZVhEUjY1MDZQbDA5aXJ1eXk4aEhETnNfNldQTldtVWxwQWdUZlZzRFZYNzhQWjV0VDVJM3NFakhlbEtWcHc?oc=5,2026-08-21T03:15:14.072331+00:00
dd33de3e3b469fb00bfd64eb,disnakertrans,Dinas Tenaga Kerja dan Transmigrasi DIY,berita,MetroTVNews.com,"67 Perusahaan di DIY Dilaporkan Belum Bayar THR - MetroTVNews.com. <a href=""https://news.google.com/rss/articles/CBMikwFBVV95cUxPa0Z5ZXdLY2Q3aHRmNENkRFdYZDJYZmZEdnQ5Ym9jd1N4dXAxcVMwY3lHT0t4QVFuSFVMVXhHQjRDUG1WYmROSFBla1AtN3dvV1drLV90OThFbjF3VV84UGJwRWc3dWFHeUc5NExpenhOSUNLeEwxM0ZJY0h1N01hX2NMR2FDNUU2V0ptazFqT05JOXc?oc=5"" target=""_blank"">67 Perusahaan di DIY Dilaporkan Belum Bayar THR</a>&nbsp;&nbsp;<font color=""#6f6f6f"">MetroTVNews.com</font>",,2026-03-28T07:00:00+00:00,https://news.google.com/rss/articles/CBMikwFBVV95cUxPa0Z5ZXdLY2Q3aHRmNENkRFdYZDJYZmZEdnQ5Ym9jd1N4dXAxcVMwY3lHT0t4QVFuSFVMVXhHQjRDUG1WYmROSFBla1AtN3dvV1drLV90OThFbjF3VV84UGJwRWc3dWFHeUc5NExpenhOSUNLeEwxM0ZJY0h1N01hX2NMR2FDNUU2V0ptazFqT05JOXc?oc=5,2026-08-21T03:15:14.072331+00:00
6995427fb8759c6b01b62fdd,disnakertrans,Dinas Tenaga Kerja dan Transmigrasi DIY,berita,MetroTVNews.com,"Perusahaan di DIY Diimbau Bayar THR Maksimal H-7 Lebaran - MetroTVNews.com. <a href=""https://news.google.com/rss/articles/CBMinwFBVV95cUxOVDBtRHhsLWQ2VGtXT0d0MHFiZzJBa09ZaEMzblJycEpLM18xZWpqZDZLanBtaFpJTUdoWjBOUnB5RlY0ZmhDN29SbEVmUzZ4YWwySzV5QXFQVVVIVFhrYy10MEpmRkNsLWxIUFlqTGQtNGxYUV9YWkdfY2lmNUxfWFU3dThtNnA0d012T2FZS1JKWVFYd0gxSXZrS0EzSUE?oc=5"" target=""_blank"">Perusahaan di DIY Diimbau Bayar THR Maksimal H-7 Lebaran</a>&nbsp;&nbsp;<font color=""#6f6f6f"">MetroTVNews.com</font>",,2026-03-02T08:00:00+00:00,https://news.google.com/rss/articles/CBMinwFBVV95cUxOVDBtRHhsLWQ2VGtXT0d0MHFiZzJBa09ZaEMzblJycEpLM18xZWpqZDZLanBtaFpJTUdoWjBOUnB5RlY0ZmhDN29SbEVmUzZ4YWwySzV5QXFQVVVIVFhrYy10MEpmRkNsLWxIUFlqTGQtNGxYUV9YWkdfY2lmNUxfWFU3dThtNnA0d012T2FZS1JKWVFYd0gxSXZrS0EzSUE?oc=5,2026-08-21T03:15:14.072331+00:00
3e5e464ef99e81e63180161f,disnakertrans,Dinas Tenaga Kerja dan Transmigrasi DIY,berita,radarpurworejo.jawapos.com,"Job Fair di Jogja Diserbu 1.858 Pencari Kerja, Pemkot Targetkan Minilam 50 Orang Diterima - radarpurworejo.jawapos.com. <a href=""https://news.google.com/rss/articles/CBMi3AFBVV95cUxOenE2OVJmbTF4VEw5UXdXWjgxNHBrbGNYYmRKN3FNSU1sOEI1WDNPWmw4UkN3cE1zOElBS2toWVJSYTZRUlZNRFc1dEg5aU9Dd3l5X2NiSXpZMU5Vc0x2WkRMb0xkNXhLZnhIbUxhVEhGd19idmRNcGRQemhMWE80cnkxX1R4cWZVR3ZJaHFaRVI5aXhWeW44YnRCZFRaN0JiQnhQdUcyMkx3RGNRaWVfMVV4OVllMmFER2ZuMmJzbVA4bGdfSzJpVjZQLUlwSTNYUUpPZTBNRi1yUnVl0gHiAUFVX3lxTE04RzFNZ1pVTnZXa2otbi00S29wLTM0MUgtZjd2Z1dzNERMXzB1LVZvOUo5Q2o1MXI4eG5CSjU4cUtreG81M3h6cHcyM3NjUEdwRXVUWlFtcWtfODVJdDhlVEgybUNwTVMzTktzY01mcUZfcEhzdjJ2UVpZbVQ2VEFCbUhFOVpSSnZrRnVmcnQ1eVJ2QWpjbmRGb0MteDh1VlB5YjdILTY1Zk0tVWFRbXg4Zm1lUFd1NUhZdDBrYzZyWlhDbWhncVlmU2Rkcl9ZRGl3VDd4ZVF2UGlQUlhabUw1Zmc?oc=5"" target=""_blank"">Job Fair di Jogja Diserbu 1.858 Pencari Kerja, Pemkot Targetkan Minilam 50 Orang Diterima</a>&nbsp;&nbsp;<font color=""#6f6f6f"">radarpurworejo.jawapos.com</font>",,2026-07-21T07:00:00+00:00,https://news.google.com/rss/articles/CBMi3AFBVV95cUxOenE2OVJmbTF4VEw5UXdXWjgxNHBrbGNYYmRKN3FNSU1sOEI1WDNPWmw4UkN3cE1zOElBS2toWVJSYTZRUlZNRFc1dEg5aU9Dd3l5X2NiSXpZMU5Vc0x2WkRMb0xkNXhLZnhIbUxhVEhGd19idmRNcGRQemhMWE80cnkxX1R4cWZVR3ZJaHFaRVI5aXhWeW44YnRCZFRaN0JiQnhQdUcyMkx3RGNRaWVfMVV4OVllMmFER2ZuMmJzbVA4bGdfSzJpVjZQLUlwSTNYUUpPZTBNRi1yUnVl0gHiAUFVX3lxTE04RzFNZ1pVTnZXa2otbi00S29wLTM0MUgtZjd2Z1dzNERMXzB1LVZvOUo5Q2o1MXI4eG5CSjU4cUtreG81M3h6cHcyM3NjUEdwRXVUWlFtcWtfODVJdDhlVEgybUNwTVMzTktzY01mcUZfcEhzdjJ2UVpZbVQ2VEFCbUhFOVpSSnZrRnVmcnQ1eVJ2QWpjbmRGb0MteDh1VlB5YjdILTY1Zk0tVWFRbXg4Zm1lUFd1NUhZdDBrYzZyWlhDbWhncVlmU2Rkcl9ZRGl3VDd4ZVF2UGlQUlhabUw1Zmc?oc=5,2026-08-21T03:15:14.073346+00:00
dd892a745b7ffc70c35b6131,disnakertrans,Dinas Tenaga Kerja dan Transmigrasi DIY,berita,detikcom,"Buruh Garmen di Kalasan Geruduk Kantor Gubernur DIY Buntut 3 Bulan Tak Digaji - detikcom. <a href=""https://news.google.com/rss/articles/CBMivwFBVV95cUxNMkg2bU83Wl9aSUFtYlBlcHVQZERVdTJ3NjBmOXZCUEVBYXJFR1B4dnhvR3hFS3RyeTZhYWZlS2dvOGpZUklJUk92a2N4QkNPYWJtWjB6OFV3YVIyeU9kOHRDTjRKWHB2Z1pRZ3g4ekpKaDFWWEd0M0tfVjFia0R1ZlRQU0pfRE1weVhHVHJIanhiZkxlVHB6MjRIM0M2UlpLWE5QejFiUXBVMWgwTHJrN2N4TGgxWmhfZFdqajVRUdIBxAFBVV95cUxPZ2NsXzFGWEZSaFIwa1d0R1lwNTBMdUFkRDMtS1A0MU16VmlybWtkSE4tYVhDaXhfa1plMXVJZkJOTTZnZ3JpY2FXdmFSSlp5bVdNTlo0S3FqZk1tTU4xeHVfZXpOaHJHRFkwYXM5U01Ca09CVVFmV0JIRld4RTdOM0xwblVucktRaFNCbzZlUkVrbFk5ZkZqdVdxbEFNYlpZTU9TRllaOFkyUGw2RFFRdDlsVVNxUFdaWHFXUmdMQXl0LVdS?oc=5"" target=""_blank"">Buruh Garmen di Kalasan Geruduk Kantor Gubernur DIY Buntut 3 Bulan Tak Digaji</a>&nbsp;&nbsp;<font color=""#6f6f6f"">detikcom</font>",,2026-03-31T07:00:00+00:00,https://news.google.com/rss/articles/CBMivwFBVV95cUxNMkg2bU83Wl9aSUFtYlBlcHVQZERVdTJ3NjBmOXZCUEVBYXJFR1B4dnhvR3hFS3RyeTZhYWZlS2dvOGpZUklJUk92a2N4QkNPYWJtWjB6OFV3YVIyeU9kOHRDTjRKWHB2Z1pRZ3g4ekpKaDFWWEd0M0tfVjFia0R1ZlRQU0pfRE1weVhHVHJIanhiZkxlVHB6MjRIM0M2UlpLWE5QejFiUXBVMWgwTHJrN2N4TGgxWmhfZFdqajVRUdIBxAFBVV95cUxPZ2NsXzFGWEZSaFIwa1d0R1lwNTBMdUFkRDMtS1A0MU16VmlybWtkSE4tYVhDaXhfa1plMXVJZkJOTTZnZ3JpY2FXdmFSSlp5bVdNTlo0S3FqZk1tTU4xeHVfZXpOaHJHRFkwYXM5U01Ca09CVVFmV0JIRld4RTdOM0xwblVucktRaFNCbzZlUkVrbFk5ZkZqdVdxbEFNYlpZTU9TRllaOFkyUGw2RFFRdDlsVVNxUFdaWHFXUmdMQXl0LVdS?oc=5,2026-08-21T03:15:14.073346+00:00
3c8eb1f32a4dff805320d5d2,disnakertrans,Dinas Tenaga Kerja dan Transmigrasi DIY,berita,Herald ID,"Belum Ada Aduan THR 2026, Disnakertrans DIY Catat 11 Perusahaan Kena Sanksi Tahun Lalu - Herald ID. <a href=""https://news.google.com/rss/articles/CBMitgFBVV95cUxNY2xYdElneXpjSWNGOU9fRzB6X3h2amNfWjZaM082TVNvS2NmY0NvQWQtdVdlTTFNNVBPWEdWQk1rb2pDWXJINGlpN0I5SkFJemhGVlpzQU1XLWlaSTZaN2Q4OC0wVU5jekVydGRBVjFDMjk4V1Q0NVc5bVpGM1dLdFBrZUhmT1dBWVY0SFgwN1d0RlRqcWNsVm9VQXllcjYyMmpWbHBNckdMYjZiRUgxQ281TTJKUQ?oc=5"" target=""_blank"">Belum Ada Aduan THR 2026, Disnakertrans DIY Catat 11 Perusahaan Kena Sanksi Tahun Lalu</a>&nbsp;&nbsp;<font color=""#6f6f6f"">Herald ID</font>",,2026-03-03T08:00:00+00:00,https://news.google.com/rss/articles/CBMitgFBVV95cUxNY2xYdElneXpjSWNGOU9fRzB6X3h2amNfWjZaM082TVNvS2NmY0NvQWQtdVdlTTFNNVBPWEdWQk1rb2pDWXJINGlpN0I5SkFJemhGVlpzQU1XLWlaSTZaN2Q4OC0wVU5jekVydGRBVjFDMjk4V1Q0NVc5bVpGM1dLdFBrZUhmT1dBWVY0SFgwN1d0RlRqcWNsVm9VQXllcjYyMmpWbHBNckdMYjZiRUgxQ281TTJKUQ?oc=5,2026-08-21T03:15:14.073346+00:00
bac176ef506579a8e0eedb83,disnakertrans,Dinas Tenaga Kerja dan Transmigrasi DIY,berita,fornews.co,"Aksi May Day di Jogja “Mei Melawan” - fornews.co. <a href=""https://news.google.com/rss/articles/CBMiakFVX3lxTE9UOUducENlVlAyREtsNTRUeWc4MFpaRG13UnRoa1puM1lWa0d1NkhPeG5OcWdTQm1mOGtpX3R0UWVhLW1Uckc1djdyOWdaTU9iZFo3cFY0My1sQ1FuSkZrZnJUZ2FhcmpTS3c?oc=5"" target=""_blank"">Aksi May Day di Jogja “Mei Melawan”</a>&nbsp;&nbsp;<font color=""#6f6f6f"">fornews.co</font>",,2026-05-02T07:00:00+00:00,https://news.google.com/rss/articles/CBMiakFVX3lxTE9UOUducENlVlAyREtsNTRUeWc4MFpaRG13UnRoa1puM1lWa0d1NkhPeG5OcWdTQm1mOGtpX3R0UWVhLW1Uckc1djdyOWdaTU9iZFo3cFY0My1sQ1FuSkZrZnJUZ2FhcmpTS3c?oc=5,2026-08-21T03:15:14.073346+00:00
5bdbfda4fbfd16f881b6a6d5,disnakertrans,Dinas Tenaga Kerja dan Transmigrasi DIY,berita,IDN Times Jogja,"Cara Daftar Pelatihan Kerja Gratis 2026 Kota Jogja, Satpam hingga AI - IDN Times Jogja. <a href=""https://news.google.com/rss/articles/CBMivgFBVV95cUxPamtNcWt4MjNEYXFnY3pGWGl5NkRGdGpPdHcwTjRYRnppeGVOblBvY1l5YV9VSTBucWpwR2dVNzRGNFB6Q0lERWZZWHRJZy1vMUZFc01XS3RwVTJFVFFLTi1oVkpLd3pxTGRhYkxPSXZKTER6eTBGRFQ1a0VHdlJtSE1mcnBLd09kQnMyRWllOHRWM2NsdVlJMjVHRXhyQS1qYzNUOURtQ1h2NlkxTlg3UExjUnhscl8ybkZuNmpB0gHDAUFVX3lxTE5xekFuYXVRVHRJMDRBM3F4TVZzS2c0cktzQVQxY3M5SzB2bE5iS0daS1ZwLU1ISi03aHJSZ3NEaUpNSDBRX0kzWXlrd0hpRGVHS0YweF85bWpJZHZOekpYaG9DRXBIZ3hqVmVJUlowSUVqY3RiWUFtN3JBOVo3R2dtbTNIRG5oYmhRREp4SXR2N2FVbEF0YVRpa19wQ3c4Q3VxU3JuLXZSa3doaWtibEVwT1NXbEJCTFdxR24yVGpwZ09NMA?oc=5"" target=""_blank"">Cara Daftar Pelatihan Kerja Gratis 2026 Kota Jogja, Satpam hingga AI</a>&nbsp;&nbsp;<font color=""#6f6f6f"">IDN Times Jogja</font>",,2026-04-03T07:00:00+00:00,https://news.google.com/rss/articles/CBMivgFBVV95cUxPamtNcWt4MjNEYXFnY3pGWGl5NkRGdGpPdHcwTjRYRnppeGVOblBvY1l5YV9VSTBucWpwR2dVNzRGNFB6Q0lERWZZWHRJZy1vMUZFc01XS3RwVTJFVFFLTi1oVkpLd3pxTGRhYkxPSXZKTER6eTBGRFQ1a0VHdlJtSE1mcnBLd09kQnMyRWllOHRWM2NsdVlJMjVHRXhyQS1qYzNUOURtQ1h2NlkxTlg3UExjUnhscl8ybkZuNmpB0gHDAUFVX3lxTE5xekFuYXVRVHRJMDRBM3F4TVZzS2c0cktzQVQxY3M5SzB2bE5iS0daS1ZwLU1ISi03aHJSZ3NEaUpNSDBRX0kzWXlrd0hpRGVHS0YweF85bWpJZHZOekpYaG9DRXBIZ3hqVmVJUlowSUVqY3RiWUFtN3JBOVo3R2dtbTNIRG5oYmhRREp4SXR2N2FVbEF0YVRpa19wQ3c4Q3VxU3JuLXZSa3doaWtibEVwT1NXbEJCTFdxR24yVGpwZ09NMA?oc=5,2026-08-21T03:15:14.073346+00:00
b63bff93ec73c91649da0cce,disnakertrans,Dinas Tenaga Kerja dan Transmigrasi DIY,berita,Jogjaprov,"Gubernur DIY Peroleh Penghargaan Pembina Produktivitas Tahun... - Jogjaprov. <a href=""https://news.google.com/rss/articles/CBMinAFBVV95cUxQa1RFdkhpcUlIUVgwMmVaVE1mUW9udGZ3UjdSdm5Md2pFQ0cteVZ1NDRWQTB2SFk0aWlDak5TdV9aYktodmdBQzR4amdoZ3drNkxNbzRMM0Z1QjJpaWpPbk5Ca1J1Q1N2eGNqaUZCYURKZV9rQ056S2ZtNTJxVzZkQ0g4QW5PTzExb3RHa2l0MGcyNmN2dDNaYXZkbDM?oc=5"" target=""_blank"">Gubernur DIY Peroleh Penghargaan Pembina Produktivitas Tahun...</a>&nbsp;&nbsp;<font color=""#6f6f6f"">Jogjaprov</font>",,2025-12-12T08:00:00+00:00,https://news.google.com/rss/articles/CBMinAFBVV95cUxQa1RFdkhpcUlIUVgwMmVaVE1mUW9udGZ3UjdSdm5Md2pFQ0cteVZ1NDRWQTB2SFk0aWlDak5TdV9aYktodmdBQzR4amdoZ3drNkxNbzRMM0Z1QjJpaWpPbk5Ca1J1Q1N2eGNqaUZCYURKZV9rQ056S2ZtNTJxVzZkQ0g4QW5PTzExb3RHa2l0MGcyNmN2dDNaYXZkbDM?oc=5,2026-08-21T03:15:14.073346+00:00
e4fccf6decf72ae26b63c361,disnakertrans,Dinas Tenaga Kerja dan Transmigrasi DIY,berita,Kementerian Transmigrasi Republik Indonesia,"Menteri Transmigrasi Kunjungi Dinas Tenaga Kerja dan Transmigrasi DIY - Kementerian Transmigrasi Republik Indonesia. <a href=""https://news.google.com/rss/articles/CBMiqgFBVV95cUxPbld2dU8wUGUyNGdfWVNvWmNQWS1nb2ctekJFeVI0S0NOZElKOU5NX2xXS0VNcnJHRW1adlZJVzc5X0ExUGRyTDljYzdlVmNrdm8xTVFFZ3lxSzBQQWwxUjdncGpHbjdJT0I1YkRnLTdPTll1bUJNdGJwM25PcWhhMXlSUk1IV2QxOGlpeHlldVlZcFNXM1N5TDdxbF9vend5bERfVEF6Q0Fkdw?oc=5"" target=""_blank"">Menteri Transmigrasi Kunjungi Dinas Tenaga Kerja dan Transmigrasi DIY</a>&nbsp;&nbsp;<font color=""#6f6f6f"">Kementerian Transmigrasi Republik Indonesia</font>",,2025-01-23T08:00:00+00:00,https://news.google.com/rss/articles/CBMiqgFBVV95cUxPbld2dU8wUGUyNGdfWVNvWmNQWS1nb2ctekJFeVI0S0NOZElKOU5NX2xXS0VNcnJHRW1adlZJVzc5X0ExUGRyTDljYzdlVmNrdm8xTVFFZ3lxSzBQQWwxUjdncGpHbjdJT0I1YkRnLTdPTll1bUJNdGJwM25PcWhhMXlSUk1IV2QxOGlpeHlldVlZcFNXM1N5TDdxbF9vend5bERfVEF6Q0Fkdw?oc=5,2026-08-21T03:15:14.073346+00:00
f135cc74ffcd933ddb9faba2,disnakertrans,Dinas Tenaga Kerja dan Transmigrasi DIY,google_maps,gilary gemilar,Terima kasih Disnakrtrans DIY karena sudah menyelenggarakan program pelatihan dan memberikan fasilitas untuk belajar bahasa korea persiapan EPS TOPIK 2026.,5.0,3 bulan lalu,"https://www.google.com/maps/place/Disnakertrans+Provinsi+D+I+Yogyakarta/@-7.7679571,110.429264,17z/data=!4m8!3m7!1s0x2e7a5a1ea2077521:0xca6065b1ffa55014!8m2!3d-7.7679624!4d110.4318389!9m1!1b1!16s%2Fg%2F1pv083h00?entry=ttu&g_ep=EgoyMDI2MDgxNy4wIKXMDSoASAFQAw%3D%3D",2026-08-21T03:26:13.542443+00:00
9424ebd42b0d01bbf90aa025,disnakertrans,Dinas Tenaga Kerja dan Transmigrasi DIY,google_maps,Larasati Lintang S.,Terima kasih banyak sudah memfasilitasi kami belajar bahas Korea dan skill nya untuk mendukung persiapan bekerja ke Korea. Sangat membantu dan bermanfaat untuk masa depan kami,5.0,3 bulan lalu,"https://www.google.com/maps/place/Disnakertrans+Provinsi+D+I+Yogyakarta/@-7.7679571,110.429264,17z/data=!4m8!3m7!1s0x2e7a5a1ea2077521:0xca6065b1ffa55014!8m2!3d-7.7679624!4d110.4318389!9m1!1b1!16s%2Fg%2F1pv083h00?entry=ttu&g_ep=EgoyMDI2MDgxNy4wIKXMDSoASAFQAw%3D%3D",2026-08-21T03:26:13.646745+00:00
28672630abad3d2116bf8af4,disnakertrans,Dinas Tenaga Kerja dan Transmigrasi DIY,google_maps,Alia Al Hasna,Terima kasih atas bantuan dan dukungan Disnakertrans DIY dalam menunjang fasilitas belajar para calon pekerja migran Indonesia yang akan mengikuti EPS TOPIK 2026,5.0,3 bulan lalu,"https://www.google.com/maps/place/Disnakertrans+Provinsi+D+I+Yogyakarta/@-7.7679571,110.429264,17z/data=!4m8!3m7!1s0x2e7a5a1ea2077521:0xca6065b1ffa55014!8m2!3d-7.7679624!4d110.4318389!9m1!1b1!16s%2Fg%2F1pv083h00?entry=ttu&g_ep=EgoyMDI2MDgxNy4wIKXMDSoASAFQAw%3D%3D",2026-08-21T03:26:13.747784+00:00
6cfef2458b611ad2f1728e94,disnakertrans,Dinas Tenaga Kerja dan Transmigrasi DIY,google_maps,Arin Dian,Terimakasih sudah memfasilitasi untuk program pelatihan Diklat bahasa Korea dan Semoga Disnakertrans semakin maju,5.0,3 bulan lalu,"https://www.google.com/maps/place/Disnakertrans+Provinsi+D+I+Yogyakarta/@-7.7679571,110.429264,17z/data=!4m8!3m7!1s0x2e7a5a1ea2077521:0xca6065b1ffa55014!8m2!3d-7.7679624!4d110.4318389!9m1!1b1!16s%2Fg%2F1pv083h00?entry=ttu&g_ep=EgoyMDI2MDgxNy4wIKXMDSoASAFQAw%3D%3D",2026-08-21T03:26:13.848452+00:00
287fe5f61cbaf6f9c50547a9,disnakertrans,Dinas Tenaga Kerja dan Transmigrasi DIY,google_maps,novannn,terimakasih trans diy telah memfasilitasi kami belajar bahasa korea tanpa pungutan biaya,5.0,3 bulan lalu,"https://www.google.com/maps/place/Disnakertrans+Provinsi+D+I+Yogyakarta/@-7.7679571,110.429264,17z/data=!4m8!3m7!1s0x2e7a5a1ea2077521:0xca6065b1ffa55014!8m2!3d-7.7679624!4d110.4318389!9m1!1b1!16s%2Fg%2F1pv083h00?entry=ttu&g_ep=EgoyMDI2MDgxNy4wIKXMDSoASAFQAw%3D%3D",2026-08-21T03:26:13.948872+00:00
b7f20244a31eb24cbc9ce38b,disnakertrans,Dinas Tenaga Kerja dan Transmigrasi DIY,google_maps,6244 Nabilla Shaulikhadevi,Terimakasih kepada Disnakertrans DIY karena telah menyelenggarakan pelatihan bahasa Korea untuk persiapan EPS-TOPIK dan atas kesempatannya yang telah diberikan kepada saya untuk bisa mengikuti pelatihan ini. Saya akan lolos di setiap tahapan-tahapan ujian dan test skill wawancara bersama teman-teman di pelatihan batch 1 ini supaya bisa bekerja ke Korea Selatan dan dapat membanggakan terutama untuk kota DIY tercinta. 감사함니다!!,5.0,3 bulan lalu,"https://www.google.com/maps/place/Disnakertrans+Provinsi+D+I+Yogyakarta/@-7.7679571,110.429264,17z/data=!4m8!3m7!1s0x2e7a5a1ea2077521:0xca6065b1ffa55014!8m2!3d-7.7679624!4d110.4318389!9m1!1b1!16s%2Fg%2F1pv083h00?entry=ttu&g_ep=EgoyMDI2MDgxNy4wIKXMDSoASAFQAw%3D%3D",2026-08-21T04:01:22.239438+00:00
4cd71792c4ff854d57f44cd3,disnakertrans,Dinas Tenaga Kerja dan Transmigrasi DIY,google_maps,Aan dwi Amboro putra,"makasih disnakertrans diy sudah membiayai  saya dan teman"" saya sekolah 한국어.
감사합니다 🙏🏼 …",5.0,3 bulan lalu,"https://www.google.com/maps/place/Disnakertrans+Provinsi+D+I+Yogyakarta/@-7.7679571,110.429264,17z/data=!4m8!3m7!1s0x2e7a5a1ea2077521:0xca6065b1ffa55014!8m2!3d-7.7679624!4d110.4318389!9m1!1b1!16s%2Fg%2F1pv083h00?entry=ttu&g_ep=EgoyMDI2MDgxNy4wIKXMDSoASAFQAw%3D%3D",2026-08-21T04:01:22.348843+00:00
20a75644ebad7258f5e1c223,disnakertrans,Dinas Tenaga Kerja dan Transmigrasi DIY,google_maps,Rizky Saputra,"• Kesan: Program diklat ini sangat bermanfaat dan membantu saya memahami bahasa serta budaya Korea dengan lebih mudah.
• Pesan: Semoga program ini terus ada dan kuotanya ditambah agar lebih banyak yang bisa ikut.",5.0,3 bulan lalu,"https://www.google.com/maps/place/Disnakertrans+Provinsi+D+I+Yogyakarta/@-7.7679571,110.429264,17z/data=!4m8!3m7!1s0x2e7a5a1ea2077521:0xca6065b1ffa55014!8m2!3d-7.7679624!4d110.4318389!9m1!1b1!16s%2Fg%2F1pv083h00?entry=ttu&g_ep=EgoyMDI2MDgxNy4wIKXMDSoASAFQAw%3D%3D",2026-08-21T04:01:22.454590+00:00
2c54a3e23082f21e45e7230e,disnakertrans,Dinas Tenaga Kerja dan Transmigrasi DIY,google_maps,Bambang Suwardono,"2 bulan laporan tidak ada tanggapan. Sebelumnya sudah datang ke kantor 2x. Kemudian katanya akan diproses. Sudah saya kirimkan semua data yg diperlukan, namun sampai saat ini tidak ada proses apapun. Kapok ke sini lagi.",1.0,3 bulan lalu,"https://www.google.com/maps/place/Disnakertrans+Provinsi+D+I+Yogyakarta/@-7.7679571,110.429264,17z/data=!4m8!3m7!1s0x2e7a5a1ea2077521:0xca6065b1ffa55014!8m2!3d-7.7679624!4d110.4318389!9m1!1b1!16s%2Fg%2F1pv083h00?entry=ttu&g_ep=EgoyMDI2MDgxNy4wIKXMDSoASAFQAw%3D%3D",2026-08-21T04:01:22.556621+00:00
f713afb358f100a8c1f0721f,disnakertrans,Dinas Tenaga Kerja dan Transmigrasi DIY,google_maps,DOT'S,"• Kesan: Diklat Korea dari Disnaker sangat keren, profesional, dan sangat membantu persiapan kerja saya.
• Pesan: Sukses selalu Disnaker! Semoga ke depannya makin banyak pelatihan kreatif seperti ini.",5.0,3 bulan lalu,"https://www.google.com/maps/place/Disnakertrans+Provinsi+D+I+Yogyakarta/@-7.7679571,110.429264,17z/data=!4m8!3m7!1s0x2e7a5a1ea2077521:0xca6065b1ffa55014!8m2!3d-7.7679624!4d110.4318389!9m1!1b1!16s%2Fg%2F1pv083h00?entry=ttu&g_ep=EgoyMDI2MDgxNy4wIKXMDSoASAFQAw%3D%3D",2026-08-21T04:01:22.661130+00:00
818f3e38f44de05fb72225a7,disnakertrans,Dinas Tenaga Kerja dan Transmigrasi DIY,google_maps,Kustiyanto Kustiyanto,"Tolong sampaikan ke kemenaker,bawasannya sampai detik ini dari pihak aplikator shope dan grab blm ada kejelasan kapan bhr 2026 cair,sedangkan dari gojek sudah cair seminggu yg lalu",5.0,5 bulan lalu,"https://www.google.com/maps/place/Disnakertrans+Provinsi+D+I+Yogyakarta/@-7.7679571,110.429264,17z/data=!4m8!3m7!1s0x2e7a5a1ea2077521:0xca6065b1ffa55014!8m2!3d-7.7679624!4d110.4318389!9m1!1b1!16s%2Fg%2F1pv083h00?entry=ttu&g_ep=EgoyMDI2MDgxNy4wIKXMDSoASAFQAw%3D%3D",2026-08-21T04:01:22.766641+00:00
a7ef5e600ac0b14ac0d72313,disnakertrans,Dinas Tenaga Kerja dan Transmigrasi DIY,google_maps,Maria Rona Ayu,"Terimakasih kepada Disnakertrans DIY yang telah memfasilitasi saya dalam pelatihan bahasa korea
Saya sangat senang dan sangat bermaanfaat untuk saya
Dan memberikan motivasi untuk bekerja ke Korea ✨✨
감사합니다",5.0,3 bulan lalu,"https://www.google.com/maps/place/Disnakertrans+Provinsi+D+I+Yogyakarta/@-7.7679571,110.429264,17z/data=!4m8!3m7!1s0x2e7a5a1ea2077521:0xca6065b1ffa55014!8m2!3d-7.7679624!4d110.4318389!9m1!1b1!16s%2Fg%2F1pv083h00?entry=ttu&g_ep=EgoyMDI2MDgxNy4wIKXMDSoASAFQAw%3D%3D",2026-08-21T04:01:22.875495+00:00
14605ba627cc59de01470719,disnakertrans,Dinas Tenaga Kerja dan Transmigrasi DIY,google_maps,Annisa Rahmawati,"Terima kasih disnakertrans DIY, telah memfasilitasi kami untuk belajar bahasa Korea, sehingga kami bisa maksimal untuk mempersiapkan diri untuk ke Korea🫰🏻 …",5.0,3 bulan lalu,"https://www.google.com/maps/place/Disnakertrans+Provinsi+D+I+Yogyakarta/@-7.7679571,110.429264,17z/data=!4m8!3m7!1s0x2e7a5a1ea2077521:0xca6065b1ffa55014!8m2!3d-7.7679624!4d110.4318389!9m1!1b1!16s%2Fg%2F1pv083h00?entry=ttu&g_ep=EgoyMDI2MDgxNy4wIKXMDSoASAFQAw%3D%3D",2026-08-21T04:01:22.979678+00:00
3ec8f51b80f66eae932d66e5,disnakertrans,Dinas Tenaga Kerja dan Transmigrasi DIY,google_maps,Rohmah Ratri,Terima kasih Disnakertrans DIY yang telah memfasilitasi pelatihan bahasa korea. Smoga kedepannya sesuai dengan apa yang diharapkan.,5.0,3 bulan lalu,"https://www.google.com/maps/place/Disnakertrans+Provinsi+D+I+Yogyakarta/@-7.7679571,110.429264,17z/data=!4m8!3m7!1s0x2e7a5a1ea2077521:0xca6065b1ffa55014!8m2!3d-7.7679624!4d110.4318389!9m1!1b1!16s%2Fg%2F1pv083h00?entry=ttu&g_ep=EgoyMDI2MDgxNy4wIKXMDSoASAFQAw%3D%3D",2026-08-21T04:01:23.080433+00:00
aba518dd9e603ed59090c1e1,disnakertrans,Dinas Tenaga Kerja dan Transmigrasi DIY,google_maps,Bengkel Arkan,Izin tanya bapak/ibu..untuk pra seleksi magang ke Jepang di buka bln apa ya.. Terima kasih,5.0,2 bulan lalu,"https://www.google.com/maps/place/Disnakertrans+Provinsi+D+I+Yogyakarta/@-7.7679571,110.429264,17z/data=!4m8!3m7!1s0x2e7a5a1ea2077521:0xca6065b1ffa55014!8m2!3d-7.7679624!4d110.4318389!9m1!1b1!16s%2Fg%2F1pv083h00?entry=ttu&g_ep=EgoyMDI2MDgxNy4wIKXMDSoASAFQAw%3D%3D",2026-08-21T04:01:23.182709+00:00
7af5d4f0e84d06235a14b772,disnakertrans,Dinas Tenaga Kerja dan Transmigrasi DIY,google_maps,Hafidz Yanuar,Semoga ada program lagi kedepannya terimakasih yang telah memfasilitasi disnakrtrans diy di bina insani,5.0,3 bulan lalu,"https://www.google.com/maps/place/Disnakertrans+Provinsi+D+I+Yogyakarta/@-7.7679571,110.429264,17z/data=!4m8!3m7!1s0x2e7a5a1ea2077521:0xca6065b1ffa55014!8m2!3d-7.7679624!4d110.4318389!9m1!1b1!16s%2Fg%2F1pv083h00?entry=ttu&g_ep=EgoyMDI2MDgxNy4wIKXMDSoASAFQAw%3D%3D",2026-08-21T04:01:23.301398+00:00
2de89ad3cf6f54acd2f18912,disnakertrans,Dinas Tenaga Kerja dan Transmigrasi DIY,google_maps,viky ridwantoro,Terimakasih DisnakerTrans DIY yang telah memfasilitasi kami untuk belajar di BINA INSANI DIY,5.0,3 bulan lalu,"https://www.google.com/maps/place/Disnakertrans+Provinsi+D+I+Yogyakarta/@-7.7679571,110.429264,17z/data=!4m8!3m7!1s0x2e7a5a1ea2077521:0xca6065b1ffa55014!8m2!3d-7.7679624!4d110.4318389!9m1!1b1!16s%2Fg%2F1pv083h00?entry=ttu&g_ep=EgoyMDI2MDgxNy4wIKXMDSoASAFQAw%3D%3D",2026-08-21T04:01:23.405396+00:00
d99d3d00444ebd4731e789bb,disnakertrans,Dinas Tenaga Kerja dan Transmigrasi DIY,google_maps,マルフイノء Fino,"Petugasnya sudah menindaklanjuti aduan saya, tapi proses dan respon awalnya cukup lama. Saat dihubungi lewat WA juga butuh waktu lama untuk mendapat jawaban. Semoga ke depannya pelayanan bisa lebih cepat dan responsif agar masyarakat merasa lebih terbantu. Terima kasih.",3.0,9 bulan lalu,"https://www.google.com/maps/place/Disnakertrans+Provinsi+D+I+Yogyakarta/@-7.7679571,110.429264,17z/data=!4m8!3m7!1s0x2e7a5a1ea2077521:0xca6065b1ffa55014!8m2!3d-7.7679624!4d110.4318389!9m1!1b1!16s%2Fg%2F1pv083h00?entry=ttu&g_ep=EgoyMDI2MDgxNy4wIKXMDSoASAFQAw%3D%3D",2026-08-21T04:01:23.506099+00:00
2aae67e14283a41e54db6667,disnakertrans,Dinas Tenaga Kerja dan Transmigrasi DIY,google_maps,Ruges Rugas1408,Assalamualaikum  kami punya masalah dengan tempat kami bekerja apakah kami bisa membuat pengaduan ...🙏🙏🙏 …,5.0,2 bulan lalu,"https://www.google.com/maps/place/Disnakertrans+Provinsi+D+I+Yogyakarta/@-7.7679571,110.429264,17z/data=!4m8!3m7!1s0x2e7a5a1ea2077521:0xca6065b1ffa55014!8m2!3d-7.7679624!4d110.4318389!9m1!1b1!16s%2Fg%2F1pv083h00?entry=ttu&g_ep=EgoyMDI2MDgxNy4wIKXMDSoASAFQAw%3D%3D",2026-08-21T04:18:13.600865+00:00
1d4a0ff43c0fb51a25a21a58,disnakertrans,Dinas Tenaga Kerja dan Transmigrasi DIY,google_maps,Sayankarum Nurul,"Perusahaan kami tidak konsisten dalam menangani BPJS,karna dri saya keluar dari perusahaan dah 3 bulanan masih tidak di off kan,alasan nya bnyak..mohon bantuanya,.yg punya nomer wa yang bisa di hubungi minn",2.0,9 bulan lalu,"https://www.google.com/maps/place/Disnakertrans+Provinsi+D+I+Yogyakarta/@-7.7679571,110.429264,17z/data=!4m8!3m7!1s0x2e7a5a1ea2077521:0xca6065b1ffa55014!8m2!3d-7.7679624!4d110.4318389!9m1!1b1!16s%2Fg%2F1pv083h00?entry=ttu&g_ep=EgoyMDI2MDgxNy4wIKXMDSoASAFQAw%3D%3D",2026-08-21T04:18:13.698307+00:00
e3e0c67fe281221baa1752df,disnakertrans,Dinas Tenaga Kerja dan Transmigrasi DIY,google_maps,Diandra Alisha Putri Maharani,Terimakasih disnakertrans diy untuk program gratis pelatihan bahasa di Bina Insani👍🏻 …,5.0,3 bulan lalu,"https://www.google.com/maps/place/Disnakertrans+Provinsi+D+I+Yogyakarta/@-7.7679571,110.429264,17z/data=!4m8!3m7!1s0x2e7a5a1ea2077521:0xca6065b1ffa55014!8m2!3d-7.7679624!4d110.4318389!9m1!1b1!16s%2Fg%2F1pv083h00?entry=ttu&g_ep=EgoyMDI2MDgxNy4wIKXMDSoASAFQAw%3D%3D",2026-08-21T04:18:13.800628+00:00
320e55f82976d689e9cf6378,disnakertrans,Dinas Tenaga Kerja dan Transmigrasi DIY,google_maps,Adhitya Wirawan,"Mayday 2025...acaranya seru sekali..sukses dan jaya selalu Disnakertrans DIY ""May Day is Collaboration Day""",5.0,setahun lalu,"https://www.google.com/maps/place/Disnakertrans+Provinsi+D+I+Yogyakarta/@-7.7679571,110.429264,17z/data=!4m8!3m7!1s0x2e7a5a1ea2077521:0xca6065b1ffa55014!8m2!3d-7.7679624!4d110.4318389!9m1!1b1!16s%2Fg%2F1pv083h00?entry=ttu&g_ep=EgoyMDI2MDgxNy4wIKXMDSoASAFQAw%3D%3D",2026-08-21T04:18:13.916789+00:00
c1461edbf16b8dbc44b16f9c,disnakertrans,Dinas Tenaga Kerja dan Transmigrasi DIY,google_maps,M94 Ndr,"Ijin mau nanya ,
Apa bisa di proses tentang Gaji seorang karyawan koperasi",3.0,2 bulan lalu,"https://www.google.com/maps/place/Disnakertrans+Provinsi+D+I+Yogyakarta/@-7.7679571,110.429264,17z/data=!4m8!3m7!1s0x2e7a5a1ea2077521:0xca6065b1ffa55014!8m2!3d-7.7679624!4d110.4318389!9m1!1b1!16s%2Fg%2F1pv083h00?entry=ttu&g_ep=EgoyMDI2MDgxNy4wIKXMDSoASAFQAw%3D%3D",2026-08-21T04:18:14.019183+00:00
dec1ee2102ecbf4644ccdcd0,disnakertrans,Dinas Tenaga Kerja dan Transmigrasi DIY,google_maps,Aksa,Terima kasih Disnaker DIY atas bantuannya. Masalah pengembalian ijazah saya selesai dengan baik berkat koordinasi dan pendampingan dari tim. Sangat menghargai pelayanan yang cepat dan profesional,5.0,10 bulan lalu,"https://www.google.com/maps/place/Disnakertrans+Provinsi+D+I+Yogyakarta/@-7.7679571,110.429264,17z/data=!4m8!3m7!1s0x2e7a5a1ea2077521:0xca6065b1ffa55014!8m2!3d-7.7679624!4d110.4318389!9m1!1b1!16s%2Fg%2F1pv083h00?entry=ttu&g_ep=EgoyMDI2MDgxNy4wIKXMDSoASAFQAw%3D%3D",2026-08-21T04:18:14.134029+00:00
65a3f60532f075faa020ce41,disnakertrans,Dinas Tenaga Kerja dan Transmigrasi DIY,google_maps,"Dr Sir Kalifatullah Ermaya, ST SM MM","Akhirnya masalah yang berkaitan dengan:
1. Penahanan Ijazah dan Transkip nilai
2. Denda Rp 500.000.000 yang sangat tidak masuk akal jika mengundurkan diri
3. Bekerja hingga umur 65 tahun
Yang semua itu dilakukan oleh sebuah Universitas swasta di daerah S*n*s*w*, Bantul terhadap saya telah terselesaikan.

Saya tidak tahu nasib saya jika tidak dibantu oleh Disnaker DIY, pasti seumur hidup saya akan menderita tersiksa terus oleh salah satu PTS yang ada di Bantul ini.

Terima Kasih Disnaker DIY 🙏😇",5.0,setahun lalu,"https://www.google.com/maps/place/Disnakertrans+Provinsi+D+I+Yogyakarta/@-7.7679571,110.429264,17z/data=!4m8!3m7!1s0x2e7a5a1ea2077521:0xca6065b1ffa55014!8m2!3d-7.7679624!4d110.4318389!9m1!1b1!16s%2Fg%2F1pv083h00?entry=ttu&g_ep=EgoyMDI2MDgxNy4wIKXMDSoASAFQAw%3D%3D",2026-08-21T04:18:14.236871+00:00
f20d5cc6271c34a64972070a,disnakertrans,Dinas Tenaga Kerja dan Transmigrasi DIY,google_maps,The Blog santjoko,"Lokasi mudah dicar, terlihat jelas dari jalan, ring road utara tentunya, layanan bagus,",4.0,7 tahun lalu,"https://www.google.com/maps/place/Disnakertrans+Provinsi+D+I+Yogyakarta/@-7.7679571,110.429264,17z/data=!4m8!3m7!1s0x2e7a5a1ea2077521:0xca6065b1ffa55014!8m2!3d-7.7679624!4d110.4318389!9m1!1b1!16s%2Fg%2F1pv083h00?entry=ttu&g_ep=EgoyMDI2MDgxNy4wIKXMDSoASAFQAw%3D%3D",2026-08-21T04:18:14.334059+00:00
dc9a760873f757cb51963153,disnakertrans,Dinas Tenaga Kerja dan Transmigrasi DIY,google_maps,davin rifki,"Terimakasih udah melayani dengan baik,sangat bersyukur sekarang ijazah dan gaji yang di tahan sudah bisa di ambil.semoga di berikan kesehatan dan lancar rejeki semuanya🙏🙏 …",5.0,setahun lalu,"https://www.google.com/maps/place/Disnakertrans+Provinsi+D+I+Yogyakarta/@-7.7679571,110.429264,17z/data=!4m8!3m7!1s0x2e7a5a1ea2077521:0xca6065b1ffa55014!8m2!3d-7.7679624!4d110.4318389!9m1!1b1!16s%2Fg%2F1pv083h00?entry=ttu&g_ep=EgoyMDI2MDgxNy4wIKXMDSoASAFQAw%3D%3D",2026-08-21T04:18:14.431397+00:00
0747805b339aab48a9aa47de,disnakertrans,Dinas Tenaga Kerja dan Transmigrasi DIY,google_maps,putri da,"Terimakasih banyak atas bantuannya 🙏 Satsetsatset banget ngatasin masalah, mantep👍 …",5.0,setahun lalu,"https://www.google.com/maps/place/Disnakertrans+Provinsi+D+I+Yogyakarta/@-7.7679571,110.429264,17z/data=!4m8!3m7!1s0x2e7a5a1ea2077521:0xca6065b1ffa55014!8m2!3d-7.7679624!4d110.4318389!9m1!1b1!16s%2Fg%2F1pv083h00?entry=ttu&g_ep=EgoyMDI2MDgxNy4wIKXMDSoASAFQAw%3D%3D",2026-08-21T04:18:14.529481+00:00
288d10af87d26d8e418aa343,disnakertrans,Dinas Tenaga Kerja dan Transmigrasi DIY,google_maps,Tri Wibowo,Terima kasih sebesar-besarnya untuk Disnaker yang sudah mendampingi dan membantu proses penyerahan ijazah kami. Kami sangat terbantu 🙏 …,5.0,10 bulan lalu,"https://www.google.com/maps/place/Disnakertrans+Provinsi+D+I+Yogyakarta/@-7.7679571,110.429264,17z/data=!4m8!3m7!1s0x2e7a5a1ea2077521:0xca6065b1ffa55014!8m2!3d-7.7679624!4d110.4318389!9m1!1b1!16s%2Fg%2F1pv083h00?entry=ttu&g_ep=EgoyMDI2MDgxNy4wIKXMDSoASAFQAw%3D%3D",2026-08-21T04:18:14.627346+00:00
570e3241ed664ba32ca75792,disnakertrans,Dinas Tenaga Kerja dan Transmigrasi DIY,google_maps,Calista Maharani,Terimakasih atas bantuannya terkait THR kami yg tidak sesuai.petugas lapangan juga ternyata hadir menindak lanjuti...dan akhirnya kami mendapatkan yg seharusnya kami dapatnya sekali lagi saya berterima kasih,5.0,setahun lalu,"https://www.google.com/maps/place/Disnakertrans+Provinsi+D+I+Yogyakarta/@-7.7679571,110.429264,17z/data=!4m8!3m7!1s0x2e7a5a1ea2077521:0xca6065b1ffa55014!8m2!3d-7.7679624!4d110.4318389!9m1!1b1!16s%2Fg%2F1pv083h00?entry=ttu&g_ep=EgoyMDI2MDgxNy4wIKXMDSoASAFQAw%3D%3D",2026-08-21T04:18:14.725899+00:00
a7e554250ffa117610308ba2,disnakertrans,Dinas Tenaga Kerja dan Transmigrasi DIY,google_maps,akademik2 bij,Best. Sukses selalu buat disnakertrans DIY,5.0,3 bulan lalu,"https://www.google.com/maps/place/Disnakertrans+Provinsi+D+I+Yogyakarta/@-7.7679571,110.429264,17z/data=!4m8!3m7!1s0x2e7a5a1ea2077521:0xca6065b1ffa55014!8m2!3d-7.7679624!4d110.4318389!9m1!1b1!16s%2Fg%2F1pv083h00?entry=ttu&g_ep=EgoyMDI2MDgxNy4wIKXMDSoASAFQAw%3D%3D",2026-08-21T04:18:14.825815+00:00
9840486a8fda5e82c9df5ee6,disnakertrans,Dinas Tenaga Kerja dan Transmigrasi DIY,google_maps,Viona Marselia,"Proses nya cukup lama, tapi teratasi.. saya masih nunggu pembinaan dari disnaker untuk resto yang sistemnya gagal itu.",4.0,8 bulan lalu,"https://www.google.com/maps/place/Disnakertrans+Provinsi+D+I+Yogyakarta/@-7.7679571,110.429264,17z/data=!4m8!3m7!1s0x2e7a5a1ea2077521:0xca6065b1ffa55014!8m2!3d-7.7679624!4d110.4318389!9m1!1b1!16s%2Fg%2F1pv083h00?entry=ttu&g_ep=EgoyMDI2MDgxNy4wIKXMDSoASAFQAw%3D%3D",2026-08-21T04:18:14.939877+00:00
abd5ffd46309dc0b323a40e7,disnakertrans,Dinas Tenaga Kerja dan Transmigrasi DIY,google_maps,Paulus Anton Apriyanto,"Mksh Banyak sudah di bantu perihal THR yg tidak sesuai. Ternyata bener2 turun ke lapangan dan selesaikan permasalahan saya. Sekarang sudah saya Terima mas, sekali lagi makasih😀🙏 …",5.0,setahun lalu,"https://www.google.com/maps/place/Disnakertrans+Provinsi+D+I+Yogyakarta/@-7.7679571,110.429264,17z/data=!4m8!3m7!1s0x2e7a5a1ea2077521:0xca6065b1ffa55014!8m2!3d-7.7679624!4d110.4318389!9m1!1b1!16s%2Fg%2F1pv083h00?entry=ttu&g_ep=EgoyMDI2MDgxNy4wIKXMDSoASAFQAw%3D%3D",2026-08-21T04:18:15.036524+00:00
5236bf70ba12b3f813fff896,disnakertrans,Dinas Tenaga Kerja dan Transmigrasi DIY,google_maps,bend.soebekti84,"Terimakasih banyak atas informasinya,dan fast respon ya,. terimakasih telah menjadi Pengayom curhatan para pekerja,.
Sekali lagi saya Ucapkan terimakasih.",5.0,11 bulan lalu,"https://www.google.com/maps/place/Disnakertrans+Provinsi+D+I+Yogyakarta/@-7.7679571,110.429264,17z/data=!4m8!3m7!1s0x2e7a5a1ea2077521:0xca6065b1ffa55014!8m2!3d-7.7679624!4d110.4318389!9m1!1b1!16s%2Fg%2F1pv083h00?entry=ttu&g_ep=EgoyMDI2MDgxNy4wIKXMDSoASAFQAw%3D%3D",2026-08-21T04:18:15.133772+00:00
23cc55c16d5e844cbbba29f5,disnakertrans,Dinas Tenaga Kerja dan Transmigrasi DIY,google_maps,Safira Ameilia,"Lapor udah dari 2 bulan lalu sampe skrg ga tau penyelesaiannya gimana bahkan ga pernah di fu. Kalo saya yg fu ke cs cuma suruh nunggu. Gabisa kah transparant? Bingung harus ngadu kmn lagi, jd merasa ga punya payung kalo kerja di jogja, sampe skrg gatau nasib laporannya gimana padahal masalah gaji karyawan yg ga keluar🙏🏻 …",1.0,2 tahun lalu,"https://www.google.com/maps/place/Disnakertrans+Provinsi+D+I+Yogyakarta/@-7.7679571,110.429264,17z/data=!4m8!3m7!1s0x2e7a5a1ea2077521:0xca6065b1ffa55014!8m2!3d-7.7679624!4d110.4318389!9m1!1b1!16s%2Fg%2F1pv083h00?entry=ttu&g_ep=EgoyMDI2MDgxNy4wIKXMDSoASAFQAw%3D%3D",2026-08-21T04:18:15.231441+00:00
a06c2b34b7a5f4142990c4df,disnakertrans,Dinas Tenaga Kerja dan Transmigrasi DIY,google_maps,suwanti suwanti,"Mengadu masalah gaji dan THR yang bermasalah ternyata hasilnya nol.
hasil mediasi tidak sesuai kesepakatan karyawan aja ttp di acc",1.0,setahun lalu,"https://www.google.com/maps/place/Disnakertrans+Provinsi+D+I+Yogyakarta/@-7.7679571,110.429264,17z/data=!4m8!3m7!1s0x2e7a5a1ea2077521:0xca6065b1ffa55014!8m2!3d-7.7679624!4d110.4318389!9m1!1b1!16s%2Fg%2F1pv083h00?entry=ttu&g_ep=EgoyMDI2MDgxNy4wIKXMDSoASAFQAw%3D%3D",2026-08-21T04:18:15.328908+00:00
c2ffa57de2d1bd957effbba4,disnakertrans,Dinas Tenaga Kerja dan Transmigrasi DIY,google_maps,Wiwit AB,Program Pemagangan dan sertifikasinya kerennn,5.0,3 bulan lalu,"https://www.google.com/maps/place/Disnakertrans+Provinsi+D+I+Yogyakarta/@-7.7679571,110.429264,17z/data=!4m8!3m7!1s0x2e7a5a1ea2077521:0xca6065b1ffa55014!8m2!3d-7.7679624!4d110.4318389!9m1!1b1!16s%2Fg%2F1pv083h00?entry=ttu&g_ep=EgoyMDI2MDgxNy4wIKXMDSoASAFQAw%3D%3D",2026-08-21T04:18:15.441365+00:00
8b278336bba5f350c39b530c,disnakertrans,Dinas Tenaga Kerja dan Transmigrasi DIY,google_maps,samanto oke,"Pegawainya ramah sangat membantu bagi yang membutuhkan informasi pekerjaan
..salam buat mr.sunu",5.0,9 tahun lalu,"https://www.google.com/maps/place/Disnakertrans+Provinsi+D+I+Yogyakarta/@-7.7679571,110.429264,17z/data=!4m8!3m7!1s0x2e7a5a1ea2077521:0xca6065b1ffa55014!8m2!3d-7.7679624!4d110.4318389!9m1!1b1!16s%2Fg%2F1pv083h00?entry=ttu&g_ep=EgoyMDI2MDgxNy4wIKXMDSoASAFQAw%3D%3D",2026-08-21T04:18:15.537852+00:00
18fff1d95cc092c683becc47,disnakertrans,Dinas Tenaga Kerja dan Transmigrasi DIY,google_maps,Gawha Jogja,Udah malemmmm ... tolong sura di kecillliin ini dah di atas jam 12,1.0,8 bulan lalu,"https://www.google.com/maps/place/Disnakertrans+Provinsi+D+I+Yogyakarta/@-7.7679571,110.429264,17z/data=!4m8!3m7!1s0x2e7a5a1ea2077521:0xca6065b1ffa55014!8m2!3d-7.7679624!4d110.4318389!9m1!1b1!16s%2Fg%2F1pv083h00?entry=ttu&g_ep=EgoyMDI2MDgxNy4wIKXMDSoASAFQAw%3D%3D",2026-08-21T04:18:15.632656+00:00
97a21d793354d72d295519c4,disnakertrans,Dinas Tenaga Kerja dan Transmigrasi DIY,google_maps,Faharani Yahya,Terimakasih banyak buat bapak/ibu Disnaker yg sudah memberikan pelayanan ramah dan sangat membantu dari proses awal hingga akhir 🙏🙏🙏 …,5.0,2 tahun lalu,"https://www.google.com/maps/place/Disnakertrans+Provinsi+D+I+Yogyakarta/@-7.7679571,110.429264,17z/data=!4m8!3m7!1s0x2e7a5a1ea2077521:0xca6065b1ffa55014!8m2!3d-7.7679624!4d110.4318389!9m1!1b1!16s%2Fg%2F1pv083h00?entry=ttu&g_ep=EgoyMDI2MDgxNy4wIKXMDSoASAFQAw%3D%3D",2026-08-21T04:18:15.730263+00:00
3bf106a3ba704f0d4f926708,disnakertrans,Dinas Tenaga Kerja dan Transmigrasi DIY,google_maps,kintel edy,"Tempat wajib lapor perusahaan untuk ketenagaan, sayang parkirnya sempit",4.0,9 tahun lalu,"https://www.google.com/maps/place/Disnakertrans+Provinsi+D+I+Yogyakarta/@-7.7679571,110.429264,17z/data=!4m8!3m7!1s0x2e7a5a1ea2077521:0xca6065b1ffa55014!8m2!3d-7.7679624!4d110.4318389!9m1!1b1!16s%2Fg%2F1pv083h00?entry=ttu&g_ep=EgoyMDI2MDgxNy4wIKXMDSoASAFQAw%3D%3D",2026-08-21T04:18:15.830125+00:00
99b7ce4e2e424d67552951d1,disnakertrans,Dinas Tenaga Kerja dan Transmigrasi DIY,google_maps,anis cahaya,Pergi kesini dalam rangka studi banding. Kami diterima dengan baik oleh tuan rumah dan kegiatan berjalan dengan lancar karena setiap pertanyaan yang kami ajukan dapat dijawab dan mudah dipahami. Terima kasih kepada Bapak Ibu sekalian yang sudah berkenan menerima dan melayani kami dengan baik.,5.0,3 tahun lalu,"https://www.google.com/maps/place/Disnakertrans+Provinsi+D+I+Yogyakarta/@-7.7679571,110.429264,17z/data=!4m8!3m7!1s0x2e7a5a1ea2077521:0xca6065b1ffa55014!8m2!3d-7.7679624!4d110.4318389!9m1!1b1!16s%2Fg%2F1pv083h00?entry=ttu&g_ep=EgoyMDI2MDgxNy4wIKXMDSoASAFQAw%3D%3D",2026-08-21T04:18:15.924239+00:00
8c6043fcf63d2c1dbcf0c805,disnakertrans,Dinas Tenaga Kerja dan Transmigrasi DIY,google_maps,Diana,"lokasinya pinggir jalann, sebelahnya lotte mart persisss",5.0,3 tahun lalu,"https://www.google.com/maps/place/Disnakertrans+Provinsi+D+I+Yogyakarta/@-7.7679571,110.429264,17z/data=!4m8!3m7!1s0x2e7a5a1ea2077521:0xca6065b1ffa55014!8m2!3d-7.7679624!4d110.4318389!9m1!1b1!16s%2Fg%2F1pv083h00?entry=ttu&g_ep=EgoyMDI2MDgxNy4wIKXMDSoASAFQAw%3D%3D",2026-08-21T04:18:16.021566+00:00
67348d10e51afb2141e17a8a,disnakertrans,Dinas Tenaga Kerja dan Transmigrasi DIY,google_maps,MJPRO Meeting,Pertahankan dan terus tingkatkan pelayanan yang sudah baik. Terima kasih atas pelayanannya.,5.0,setahun lalu,"https://www.google.com/maps/place/Disnakertrans+Provinsi+D+I+Yogyakarta/@-7.7679571,110.429264,17z/data=!4m8!3m7!1s0x2e7a5a1ea2077521:0xca6065b1ffa55014!8m2!3d-7.7679624!4d110.4318389!9m1!1b1!16s%2Fg%2F1pv083h00?entry=ttu&g_ep=EgoyMDI2MDgxNy4wIKXMDSoASAFQAw%3D%3D",2026-08-21T04:18:16.115500+00:00
1a7a87f6b88975884392e17a,disnakertrans,Dinas Tenaga Kerja dan Transmigrasi DIY,google_maps,Bayu Indra,"Terima kasih Disnaker prov DIY, puas dan sangat jelas pada saat konsultasi, penyelesaian masalah sampai selesai antara perusahaan dan sipekerja 🙏🙏🙏 …",5.0,3 tahun lalu,"https://www.google.com/maps/place/Disnakertrans+Provinsi+D+I+Yogyakarta/@-7.7679571,110.429264,17z/data=!4m8!3m7!1s0x2e7a5a1ea2077521:0xca6065b1ffa55014!8m2!3d-7.7679624!4d110.4318389!9m1!1b1!16s%2Fg%2F1pv083h00?entry=ttu&g_ep=EgoyMDI2MDgxNy4wIKXMDSoASAFQAw%3D%3D",2026-08-21T04:18:16.216627+00:00
83330f5411e774313e288350,disnakertrans,Dinas Tenaga Kerja dan Transmigrasi DIY,google_maps,Yanto Bayu Utama,Kantor yg menangani masalah pelatihan dan ketenagakerjaan di DIY,5.0,3 tahun lalu,"https://www.google.com/maps/place/Disnakertrans+Provinsi+D+I+Yogyakarta/@-7.7679571,110.429264,17z/data=!4m8!3m7!1s0x2e7a5a1ea2077521:0xca6065b1ffa55014!8m2!3d-7.7679624!4d110.4318389!9m1!1b1!16s%2Fg%2F1pv083h00?entry=ttu&g_ep=EgoyMDI2MDgxNy4wIKXMDSoASAFQAw%3D%3D",2026-08-21T04:18:16.311208+00:00
722f9befea0370b05958d0ad,disnakertrans,Dinas Tenaga Kerja dan Transmigrasi DIY,google_maps,Avi Arvita,Terimakasih Disnakertrans sudah dibantu segala hal dan dibimbing dalam pembangunan karakter,5.0,setahun lalu,"https://www.google.com/maps/place/Disnakertrans+Provinsi+D+I+Yogyakarta/@-7.7679571,110.429264,17z/data=!4m8!3m7!1s0x2e7a5a1ea2077521:0xca6065b1ffa55014!8m2!3d-7.7679624!4d110.4318389!9m1!1b1!16s%2Fg%2F1pv083h00?entry=ttu&g_ep=EgoyMDI2MDgxNy4wIKXMDSoASAFQAw%3D%3D",2026-08-21T04:18:16.409239+00:00
98936248d9eec35efa9cc10d,disnakertrans,Dinas Tenaga Kerja dan Transmigrasi DIY,google_maps,Ifnu Wahyudi04,Pelayanan sangat cepat dan sangat membantu terimakasih banyak Disnaker Jogja 🙏 …,5.0,setahun lalu,"https://www.google.com/maps/place/Disnakertrans+Provinsi+D+I+Yogyakarta/@-7.7679571,110.429264,17z/data=!4m8!3m7!1s0x2e7a5a1ea2077521:0xca6065b1ffa55014!8m2!3d-7.7679624!4d110.4318389!9m1!1b1!16s%2Fg%2F1pv083h00?entry=ttu&g_ep=EgoyMDI2MDgxNy4wIKXMDSoASAFQAw%3D%3D",2026-08-21T04:18:16.505064+00:00
6123ab838fd76f97eb97c27d,disnakertrans,Dinas Tenaga Kerja dan Transmigrasi DIY,google_maps,Endhie Riswanto,"Jane aku ki oleh bantuan po ora, nk ora ki yo uws, marai penasaran gur kon ngecek + nunggu terus 😏 …",1.0,3 tahun lalu,"https://www.google.com/maps/place/Disnakertrans+Provinsi+D+I+Yogyakarta/@-7.7679571,110.429264,17z/data=!4m8!3m7!1s0x2e7a5a1ea2077521:0xca6065b1ffa55014!8m2!3d-7.7679624!4d110.4318389!9m1!1b1!16s%2Fg%2F1pv083h00?entry=ttu&g_ep=EgoyMDI2MDgxNy4wIKXMDSoASAFQAw%3D%3D",2026-08-21T04:18:16.603522+00:00
2204a3326fb925e8697f99bf,disnakertrans,Dinas Tenaga Kerja dan Transmigrasi DIY,google_maps,Vjfh Cvg,"Masi banyak perusahaan di jogja nahan ijasah, gak mau berantas kah min?",4.0,setahun lalu,"https://www.google.com/maps/place/Disnakertrans+Provinsi+D+I+Yogyakarta/@-7.7679571,110.429264,17z/data=!4m8!3m7!1s0x2e7a5a1ea2077521:0xca6065b1ffa55014!8m2!3d-7.7679624!4d110.4318389!9m1!1b1!16s%2Fg%2F1pv083h00?entry=ttu&g_ep=EgoyMDI2MDgxNy4wIKXMDSoASAFQAw%3D%3D",2026-08-21T04:18:16.697412+00:00
f4df2cc5af5a7b46ac3a843c,disnakertrans,Dinas Tenaga Kerja dan Transmigrasi DIY,google_maps,Irfan Abdul hakim,"Saya mau nanya dong pak buk,saya ingin mengajukan laporan/pengaduan tentang jam kerja,hak pekerja,dan upah karyawan disini apa bisa, mohon bantuannya, terimakasih",3.0,4 tahun lalu,"https://www.google.com/maps/place/Disnakertrans+Provinsi+D+I+Yogyakarta/@-7.7679571,110.429264,17z/data=!4m8!3m7!1s0x2e7a5a1ea2077521:0xca6065b1ffa55014!8m2!3d-7.7679624!4d110.4318389!9m1!1b1!16s%2Fg%2F1pv083h00?entry=ttu&g_ep=EgoyMDI2MDgxNy4wIKXMDSoASAFQAw%3D%3D",2026-08-21T04:18:16.815480+00:00
8787f9b71d571593ad1404e0,disnakertrans,Dinas Tenaga Kerja dan Transmigrasi DIY,google_maps,Paulus Waluyo,Oke sip,4.0,2 bulan lalu,"https://www.google.com/maps/place/Disnakertrans+Provinsi+D+I+Yogyakarta/@-7.7679571,110.429264,17z/data=!4m8!3m7!1s0x2e7a5a1ea2077521:0xca6065b1ffa55014!8m2!3d-7.7679624!4d110.4318389!9m1!1b1!16s%2Fg%2F1pv083h00?entry=ttu&g_ep=EgoyMDI2MDgxNy4wIKXMDSoASAFQAw%3D%3D",2026-08-21T04:18:16.914003+00:00
70a9559d18651d716abcde6e,disnakertrans,Dinas Tenaga Kerja dan Transmigrasi DIY,google_maps,Akhyar Bintang,"Terimakasih atas bantuannya bapak bapak,pelayanan memuaskan semoga tetap amanah",5.0,3 tahun lalu,"https://www.google.com/maps/place/Disnakertrans+Provinsi+D+I+Yogyakarta/@-7.7679571,110.429264,17z/data=!4m8!3m7!1s0x2e7a5a1ea2077521:0xca6065b1ffa55014!8m2!3d-7.7679624!4d110.4318389!9m1!1b1!16s%2Fg%2F1pv083h00?entry=ttu&g_ep=EgoyMDI2MDgxNy4wIKXMDSoASAFQAw%3D%3D",2026-08-21T04:18:17.020002+00:00
e863c77bf68ae26d8faf0682,disnakertrans,Dinas Tenaga Kerja dan Transmigrasi DIY,google_maps,Dzikri Farij H,Adakah nomer khusus pelaporan online via wa untuk karyawan yg ingin melapor karena gaji tidak dikasihkan?,5.0,6 tahun lalu,"https://www.google.com/maps/place/Disnakertrans+Provinsi+D+I+Yogyakarta/@-7.7679571,110.429264,17z/data=!4m8!3m7!1s0x2e7a5a1ea2077521:0xca6065b1ffa55014!8m2!3d-7.7679624!4d110.4318389!9m1!1b1!16s%2Fg%2F1pv083h00?entry=ttu&g_ep=EgoyMDI2MDgxNy4wIKXMDSoASAFQAw%3D%3D",2026-08-21T04:18:17.115636+00:00
c6ce55cdfb8cc776294f45be,disnakertrans,Dinas Tenaga Kerja dan Transmigrasi DIY,google_maps,Arkhan Dzaky,sangat membantu.,5.0,3 bulan lalu,"https://www.google.com/maps/place/Disnakertrans+Provinsi+D+I+Yogyakarta/@-7.7679571,110.429264,17z/data=!4m8!3m7!1s0x2e7a5a1ea2077521:0xca6065b1ffa55014!8m2!3d-7.7679624!4d110.4318389!9m1!1b1!16s%2Fg%2F1pv083h00?entry=ttu&g_ep=EgoyMDI2MDgxNy4wIKXMDSoASAFQAw%3D%3D",2026-08-21T04:18:17.214918+00:00
d52eb2ebd4142a532b32e2c4,disnakertrans,Dinas Tenaga Kerja dan Transmigrasi DIY,google_maps,Tony Pratomo,Terimaksih pak Richad atas ajakannya hidroponik dan perikanan..sy tunggu kabar selanjutnya..,5.0,6 tahun lalu,"https://www.google.com/maps/place/Disnakertrans+Provinsi+D+I+Yogyakarta/@-7.7679571,110.429264,17z/data=!4m8!3m7!1s0x2e7a5a1ea2077521:0xca6065b1ffa55014!8m2!3d-7.7679624!4d110.4318389!9m1!1b1!16s%2Fg%2F1pv083h00?entry=ttu&g_ep=EgoyMDI2MDgxNy4wIKXMDSoASAFQAw%3D%3D",2026-08-21T04:18:17.314767+00:00
9fe91c01e207b0ee3c113767,disnakertrans,Dinas Tenaga Kerja dan Transmigrasi DIY,google_maps,EFaizal Ardiyanto,Apakah BS buat kartu kuning disini? Apa harus ke kantor Disnaker Sleman? Terima kasih,5.0,5 tahun lalu,"https://www.google.com/maps/place/Disnakertrans+Provinsi+D+I+Yogyakarta/@-7.7679571,110.429264,17z/data=!4m8!3m7!1s0x2e7a5a1ea2077521:0xca6065b1ffa55014!8m2!3d-7.7679624!4d110.4318389!9m1!1b1!16s%2Fg%2F1pv083h00?entry=ttu&g_ep=EgoyMDI2MDgxNy4wIKXMDSoASAFQAw%3D%3D",2026-08-21T04:18:17.413469+00:00
32d4f697d80cc5f6a7e4e6be,disnakertrans,Dinas Tenaga Kerja dan Transmigrasi DIY,google_maps,andriansyah ruci,Saya ingim pengaduan jika gaji atau hak saya tidak di byr oleh pihak perusahaan di jogja bagaimana ya... Prosesnya,5.0,4 tahun lalu,"https://www.google.com/maps/place/Disnakertrans+Provinsi+D+I+Yogyakarta/@-7.7679571,110.429264,17z/data=!4m8!3m7!1s0x2e7a5a1ea2077521:0xca6065b1ffa55014!8m2!3d-7.7679624!4d110.4318389!9m1!1b1!16s%2Fg%2F1pv083h00?entry=ttu&g_ep=EgoyMDI2MDgxNy4wIKXMDSoASAFQAw%3D%3D",2026-08-21T04:18:17.512653+00:00
c41efd05990a5d1a9cd1be3e,disnakertrans,Dinas Tenaga Kerja dan Transmigrasi DIY,google_maps,agung suyanto,Suasana nyaman,4.0,sebulan lalu,"https://www.google.com/maps/place/Disnakertrans+Provinsi+D+I+Yogyakarta/@-7.7679571,110.429264,17z/data=!4m8!3m7!1s0x2e7a5a1ea2077521:0xca6065b1ffa55014!8m2!3d-7.7679624!4d110.4318389!9m1!1b1!16s%2Fg%2F1pv083h00?entry=ttu&g_ep=EgoyMDI2MDgxNy4wIKXMDSoASAFQAw%3D%3D",2026-08-21T04:18:17.608613+00:00
2c2718e78626c4c7f9268f1c,disnakertrans,Dinas Tenaga Kerja dan Transmigrasi DIY,google_maps,24 Studio,Sip dah,5.0,7 tahun lalu,"https://www.google.com/maps/place/Disnakertrans+Provinsi+D+I+Yogyakarta/@-7.7679571,110.429264,17z/data=!4m8!3m7!1s0x2e7a5a1ea2077521:0xca6065b1ffa55014!8m2!3d-7.7679624!4d110.4318389!9m1!1b1!16s%2Fg%2F1pv083h00?entry=ttu&g_ep=EgoyMDI2MDgxNy4wIKXMDSoASAFQAw%3D%3D",2026-08-21T04:18:17.705867+00:00
25d89cc92d72e2a0e0c49d23,disnakertrans,Dinas Tenaga Kerja dan Transmigrasi DIY,google_maps,yanto joko,info transmigrasi ada kuota blm ya,5.0,9 bulan lalu,"https://www.google.com/maps/place/Disnakertrans+Provinsi+D+I+Yogyakarta/@-7.7679571,110.429264,17z/data=!4m8!3m7!1s0x2e7a5a1ea2077521:0xca6065b1ffa55014!8m2!3d-7.7679624!4d110.4318389!9m1!1b1!16s%2Fg%2F1pv083h00?entry=ttu&g_ep=EgoyMDI2MDgxNy4wIKXMDSoASAFQAw%3D%3D",2026-08-21T04:18:17.803706+00:00
5b218d14e9535b15ad009121,disnakertrans,Dinas Tenaga Kerja dan Transmigrasi DIY,google_maps,Aprilian Tas,Terima kasih kepada disnakertrans DIY yang sudah berlangganan kepada kami..,5.0,5 tahun lalu,"https://www.google.com/maps/place/Disnakertrans+Provinsi+D+I+Yogyakarta/@-7.7679571,110.429264,17z/data=!4m8!3m7!1s0x2e7a5a1ea2077521:0xca6065b1ffa55014!8m2!3d-7.7679624!4d110.4318389!9m1!1b1!16s%2Fg%2F1pv083h00?entry=ttu&g_ep=EgoyMDI2MDgxNy4wIKXMDSoASAFQAw%3D%3D",2026-08-21T04:18:17.905899+00:00
08ea52c736dd550e7df71f2d,disnakertrans,Dinas Tenaga Kerja dan Transmigrasi DIY,google_maps,BILLAH ASYIEQ,Mohon bantuan untuk no TDP Perusahaan PT TIKI JNE Cab. Yogyakarta,5.0,6 tahun lalu,"https://www.google.com/maps/place/Disnakertrans+Provinsi+D+I+Yogyakarta/@-7.7679571,110.429264,17z/data=!4m8!3m7!1s0x2e7a5a1ea2077521:0xca6065b1ffa55014!8m2!3d-7.7679624!4d110.4318389!9m1!1b1!16s%2Fg%2F1pv083h00?entry=ttu&g_ep=EgoyMDI2MDgxNy4wIKXMDSoASAFQAw%3D%3D",2026-08-21T04:18:18.004761+00:00
fb79d9c5f0fe32d429613118,disnakertrans,Dinas Tenaga Kerja dan Transmigrasi DIY,google_maps,Fani _Susanti,"Ditambah yng penempatan nya khusus di wilayah Jakarta dong.
Trimakasih..",4.0,7 tahun lalu,"https://www.google.com/maps/place/Disnakertrans+Provinsi+D+I+Yogyakarta/@-7.7679571,110.429264,17z/data=!4m8!3m7!1s0x2e7a5a1ea2077521:0xca6065b1ffa55014!8m2!3d-7.7679624!4d110.4318389!9m1!1b1!16s%2Fg%2F1pv083h00?entry=ttu&g_ep=EgoyMDI2MDgxNy4wIKXMDSoASAFQAw%3D%3D",2026-08-21T04:18:18.100530+00:00
6029c88d0c648278dfd0bb0d,disnakertrans,Dinas Tenaga Kerja dan Transmigrasi DIY,google_maps,Fitri Ana,Sangat membantu kendala pekerja 👍 …,5.0,3 tahun lalu,"https://www.google.com/maps/place/Disnakertrans+Provinsi+D+I+Yogyakarta/@-7.7679571,110.429264,17z/data=!4m8!3m7!1s0x2e7a5a1ea2077521:0xca6065b1ffa55014!8m2!3d-7.7679624!4d110.4318389!9m1!1b1!16s%2Fg%2F1pv083h00?entry=ttu&g_ep=EgoyMDI2MDgxNy4wIKXMDSoASAFQAw%3D%3D",2026-08-21T04:18:18.271642+00:00
f31289157bd5dd2d0d930a99,disnakertrans,Dinas Tenaga Kerja dan Transmigrasi DIY,google_maps,Atmaja Bagas,Pelayanan sangat memuaskan 🙏😇 …,5.0,3 tahun lalu,"https://www.google.com/maps/place/Disnakertrans+Provinsi+D+I+Yogyakarta/@-7.7679571,110.429264,17z/data=!4m8!3m7!1s0x2e7a5a1ea2077521:0xca6065b1ffa55014!8m2!3d-7.7679624!4d110.4318389!9m1!1b1!16s%2Fg%2F1pv083h00?entry=ttu&g_ep=EgoyMDI2MDgxNy4wIKXMDSoASAFQAw%3D%3D",2026-08-21T04:18:18.361474+00:00
6cb41ec40d22f5ee7283d19e,disnakertrans,Dinas Tenaga Kerja dan Transmigrasi DIY,google_maps,Vincensius Gambit,Tempat saya mengikuti pelatihan P3K,5.0,4 tahun lalu,"https://www.google.com/maps/place/Disnakertrans+Provinsi+D+I+Yogyakarta/@-7.7679571,110.429264,17z/data=!4m8!3m7!1s0x2e7a5a1ea2077521:0xca6065b1ffa55014!8m2!3d-7.7679624!4d110.4318389!9m1!1b1!16s%2Fg%2F1pv083h00?entry=ttu&g_ep=EgoyMDI2MDgxNy4wIKXMDSoASAFQAw%3D%3D",2026-08-21T04:18:18.462355+00:00
b26f5b6794825fe975c7390d,disnakertrans,Dinas Tenaga Kerja dan Transmigrasi DIY,google_maps,Muh. Ibnu Fauzan,Luar biasa,5.0,setahun lalu,"https://www.google.com/maps/place/Disnakertrans+Provinsi+D+I+Yogyakarta/@-7.7679571,110.429264,17z/data=!4m8!3m7!1s0x2e7a5a1ea2077521:0xca6065b1ffa55014!8m2!3d-7.7679624!4d110.4318389!9m1!1b1!16s%2Fg%2F1pv083h00?entry=ttu&g_ep=EgoyMDI2MDgxNy4wIKXMDSoASAFQAw%3D%3D",2026-08-21T04:18:18.562441+00:00
3363e033cde0e4d4b4b2dbff,disnakertrans,Dinas Tenaga Kerja dan Transmigrasi DIY,google_maps,fajr s,Ikut Diklat disini,5.0,setahun lalu,"https://www.google.com/maps/place/Disnakertrans+Provinsi+D+I+Yogyakarta/@-7.7679571,110.429264,17z/data=!4m8!3m7!1s0x2e7a5a1ea2077521:0xca6065b1ffa55014!8m2!3d-7.7679624!4d110.4318389!9m1!1b1!16s%2Fg%2F1pv083h00?entry=ttu&g_ep=EgoyMDI2MDgxNy4wIKXMDSoASAFQAw%3D%3D",2026-08-21T04:18:18.661353+00:00
310139b4ac3b47911b0523b3,disnakertrans,Dinas Tenaga Kerja dan Transmigrasi DIY,google_maps,Charles Evelyn,mencari jawaban,5.0,setahun lalu,"https://www.google.com/maps/place/Disnakertrans+Provinsi+D+I+Yogyakarta/@-7.7679571,110.429264,17z/data=!4m8!3m7!1s0x2e7a5a1ea2077521:0xca6065b1ffa55014!8m2!3d-7.7679624!4d110.4318389!9m1!1b1!16s%2Fg%2F1pv083h00?entry=ttu&g_ep=EgoyMDI2MDgxNy4wIKXMDSoASAFQAw%3D%3D",2026-08-21T04:18:18.757115+00:00
098ecd7af7fc3b7ae78b8ed7,disnakertrans,Dinas Tenaga Kerja dan Transmigrasi DIY,google_maps,ato atmanto,Sangat Membantu. Terimakasih,5.0,6 tahun lalu,"https://www.google.com/maps/place/Disnakertrans+Provinsi+D+I+Yogyakarta/@-7.7679571,110.429264,17z/data=!4m8!3m7!1s0x2e7a5a1ea2077521:0xca6065b1ffa55014!8m2!3d-7.7679624!4d110.4318389!9m1!1b1!16s%2Fg%2F1pv083h00?entry=ttu&g_ep=EgoyMDI2MDgxNy4wIKXMDSoASAFQAw%3D%3D",2026-08-21T04:18:18.852803+00:00
d86d81b92f65aff3487a0da9,disnakertrans,Dinas Tenaga Kerja dan Transmigrasi DIY,google_maps,Arif RN Asri,Pelayanan cepat,4.0,5 tahun lalu,"https://www.google.com/maps/place/Disnakertrans+Provinsi+D+I+Yogyakarta/@-7.7679571,110.429264,17z/data=!4m8!3m7!1s0x2e7a5a1ea2077521:0xca6065b1ffa55014!8m2!3d-7.7679624!4d110.4318389!9m1!1b1!16s%2Fg%2F1pv083h00?entry=ttu&g_ep=EgoyMDI2MDgxNy4wIKXMDSoASAFQAw%3D%3D",2026-08-21T04:18:18.951151+00:00
df9dfbb916fe7bc8b15aee96,disnakertrans,Dinas Tenaga Kerja dan Transmigrasi DIY,google_maps,Rentcar Magelang,Solusi pemecahan masalah,4.0,6 tahun lalu,"https://www.google.com/maps/place/Disnakertrans+Provinsi+D+I+Yogyakarta/@-7.7679571,110.429264,17z/data=!4m8!3m7!1s0x2e7a5a1ea2077521:0xca6065b1ffa55014!8m2!3d-7.7679624!4d110.4318389!9m1!1b1!16s%2Fg%2F1pv083h00?entry=ttu&g_ep=EgoyMDI2MDgxNy4wIKXMDSoASAFQAw%3D%3D",2026-08-21T04:18:19.049700+00:00
4a421fc50adc1eaa3b8bc767,disnakertrans,Dinas Tenaga Kerja dan Transmigrasi DIY,google_maps,Faizah Maziyyatal Muna,Akses mudah dijangkau.,5.0,3 tahun lalu,"https://www.google.com/maps/place/Disnakertrans+Provinsi+D+I+Yogyakarta/@-7.7679571,110.429264,17z/data=!4m8!3m7!1s0x2e7a5a1ea2077521:0xca6065b1ffa55014!8m2!3d-7.7679624!4d110.4318389!9m1!1b1!16s%2Fg%2F1pv083h00?entry=ttu&g_ep=EgoyMDI2MDgxNy4wIKXMDSoASAFQAw%3D%3D",2026-08-21T04:18:19.143542+00:00
18bce0f9c19faf01fbb96709,disnakertrans,Dinas Tenaga Kerja dan Transmigrasi DIY,google_maps,Suyono,mantap!!,5.0,5 tahun lalu,"https://www.google.com/maps/place/Disnakertrans+Provinsi+D+I+Yogyakarta/@-7.7679571,110.429264,17z/data=!4m8!3m7!1s0x2e7a5a1ea2077521:0xca6065b1ffa55014!8m2!3d-7.7679624!4d110.4318389!9m1!1b1!16s%2Fg%2F1pv083h00?entry=ttu&g_ep=EgoyMDI2MDgxNy4wIKXMDSoASAFQAw%3D%3D",2026-08-21T04:18:19.240305+00:00
5a351ad4286a12a8cd29b495,disnakertrans,Dinas Tenaga Kerja dan Transmigrasi DIY,google_maps,ian arsyad,Daftar kerja ke jepang,4.0,8 tahun lalu,"https://www.google.com/maps/place/Disnakertrans+Provinsi+D+I+Yogyakarta/@-7.7679571,110.429264,17z/data=!4m8!3m7!1s0x2e7a5a1ea2077521:0xca6065b1ffa55014!8m2!3d-7.7679624!4d110.4318389!9m1!1b1!16s%2Fg%2F1pv083h00?entry=ttu&g_ep=EgoyMDI2MDgxNy4wIKXMDSoASAFQAw%3D%3D",2026-08-21T04:18:19.337153+00:00
f88268748e8514dbc3752183,disnakertrans,Dinas Tenaga Kerja dan Transmigrasi DIY,google_maps,Sisi Lain TV,kantor pemerintah,5.0,9 tahun lalu,"https://www.google.com/maps/place/Disnakertrans+Provinsi+D+I+Yogyakarta/@-7.7679571,110.429264,17z/data=!4m8!3m7!1s0x2e7a5a1ea2077521:0xca6065b1ffa55014!8m2!3d-7.7679624!4d110.4318389!9m1!1b1!16s%2Fg%2F1pv083h00?entry=ttu&g_ep=EgoyMDI2MDgxNy4wIKXMDSoASAFQAw%3D%3D",2026-08-21T04:18:19.430833+00:00
39b7eff5ab77602101b0dc53,disnakertrans,Dinas Tenaga Kerja dan Transmigrasi DIY,google_maps,BEGAWAN SUJATMIKO,DINAS TENAGA KERJA 👍👍🔥🔥🔥 …,3.0,4 tahun lalu,"https://www.google.com/maps/place/Disnakertrans+Provinsi+D+I+Yogyakarta/@-7.7679571,110.429264,17z/data=!4m8!3m7!1s0x2e7a5a1ea2077521:0xca6065b1ffa55014!8m2!3d-7.7679624!4d110.4318389!9m1!1b1!16s%2Fg%2F1pv083h00?entry=ttu&g_ep=EgoyMDI2MDgxNy4wIKXMDSoASAFQAw%3D%3D",2026-08-21T04:18:19.528583+00:00
8e942bf11c295554b28680a4,disnakertrans,Dinas Tenaga Kerja dan Transmigrasi DIY,google_maps,Aji Muhammad Nur,Tolak pungli,3.0,9 tahun lalu,"https://www.google.com/maps/place/Disnakertrans+Provinsi+D+I+Yogyakarta/@-7.7679571,110.429264,17z/data=!4m8!3m7!1s0x2e7a5a1ea2077521:0xca6065b1ffa55014!8m2!3d-7.7679624!4d110.4318389!9m1!1b1!16s%2Fg%2F1pv083h00?entry=ttu&g_ep=EgoyMDI2MDgxNy4wIKXMDSoASAFQAw%3D%3D",2026-08-21T04:18:19.627115+00:00
c41ae62e9c7a23c3d7b87aa1,disnakertrans,Dinas Tenaga Kerja dan Transmigrasi DIY,google_maps,A Malaha,Rumah maguwo,5.0,Diedit 10 tahun lalu,"https://www.google.com/maps/place/Disnakertrans+Provinsi+D+I+Yogyakarta/@-7.7679571,110.429264,17z/data=!4m8!3m7!1s0x2e7a5a1ea2077521:0xca6065b1ffa55014!8m2!3d-7.7679624!4d110.4318389!9m1!1b1!16s%2Fg%2F1pv083h00?entry=ttu&g_ep=EgoyMDI2MDgxNy4wIKXMDSoASAFQAw%3D%3D",2026-08-21T04:18:19.721441+00:00
c20e368c8eef85f99f2649ed,disnakertrans,Dinas Tenaga Kerja dan Transmigrasi DIY,google_maps,Sutrisna sukamuljo,Ramah,5.0,4 minggu lalu,"https://www.google.com/maps/place/Disnakertrans+Provinsi+D+I+Yogyakarta/@-7.7679571,110.429264,17z/data=!4m8!3m7!1s0x2e7a5a1ea2077521:0xca6065b1ffa55014!8m2!3d-7.7679624!4d110.4318389!9m1!1b1!16s%2Fg%2F1pv083h00?entry=ttu&g_ep=EgoyMDI2MDgxNy4wIKXMDSoASAFQAw%3D%3D",2026-08-21T04:18:19.816229+00:00
257b8694321ea58f2b3c6205,disnakertrans,Dinas Tenaga Kerja dan Transmigrasi DIY,google_maps,Hanifah Maharani,"Terimakasih disnakertrans DIY, telah memfasilitasi kami dengan adanya pelatihan persiapan ujian eps Topik Korea
Jayaa Selaluuu 🫶🏻 …",5.0,3 bulan lalu,"https://www.google.com/maps/place/Disnakertrans+Provinsi+D+I+Yogyakarta/@-7.7679571,110.429264,17z/data=!4m8!3m7!1s0x2e7a5a1ea2077521:0xca6065b1ffa55014!8m2!3d-7.7679624!4d110.4318389!9m1!1b1!16s%2Fg%2F1pv083h00?entry=ttu&g_ep=EgoyMDI2MDgxNy4wIKXMDSoASAFQAw%3D%3D",2026-08-21T04:18:19.912965+00:00
c1e2de4d504eabd76cd95ae7,disnakertrans,Dinas Tenaga Kerja dan Transmigrasi DIY,google_maps,"Setyawan Antono, MBA",Lembaga pemberdayaan pria Yogyakarta. Buka lebih awal jam 8. Orang-orangnya ramah dan suka membantu.,4.0,8 tahun lalu,"https://www.google.com/maps/place/Disnakertrans+Provinsi+D+I+Yogyakarta/@-7.7679571,110.429264,17z/data=!4m8!3m7!1s0x2e7a5a1ea2077521:0xca6065b1ffa55014!8m2!3d-7.7679624!4d110.4318389!9m1!1b1!16s%2Fg%2F1pv083h00?entry=ttu&g_ep=EgoyMDI2MDgxNy4wIKXMDSoASAFQAw%3D%3D",2026-08-21T04:18:20.006912+00:00
83ee77018c8167c53c3485e0,disnakertrans,Dinas Tenaga Kerja dan Transmigrasi DIY,google_maps,fatikun brantas rifan f,Terima kasih🙏🙏🙏 …,5.0,3 bulan lalu,"https://www.google.com/maps/place/Disnakertrans+Provinsi+D+I+Yogyakarta/@-7.7679571,110.429264,17z/data=!4m8!3m7!1s0x2e7a5a1ea2077521:0xca6065b1ffa55014!8m2!3d-7.7679624!4d110.4318389!9m1!1b1!16s%2Fg%2F1pv083h00?entry=ttu&g_ep=EgoyMDI2MDgxNy4wIKXMDSoASAFQAw%3D%3D",2026-08-21T04:18:20.099870+00:00
155048b3943c3cb7187a1b4e,disnakertrans,Dinas Tenaga Kerja dan Transmigrasi DIY,google_maps,Rychad Kuncahyo,petugas yang baik dan profesional,5.0,6 bulan lalu,"https://www.google.com/maps/place/Disnakertrans+Provinsi+D+I+Yogyakarta/@-7.7679571,110.429264,17z/data=!4m8!3m7!1s0x2e7a5a1ea2077521:0xca6065b1ffa55014!8m2!3d-7.7679624!4d110.4318389!9m1!1b1!16s%2Fg%2F1pv083h00?entry=ttu&g_ep=EgoyMDI2MDgxNy4wIKXMDSoASAFQAw%3D%3D",2026-08-21T04:18:20.195024+00:00
390bc2321c7713eadb727e96,disnakertrans,Dinas Tenaga Kerja dan Transmigrasi DIY,google_maps,Rudi Abat,Tegukan,3.0,4 tahun lalu,"https://www.google.com/maps/place/Disnakertrans+Provinsi+D+I+Yogyakarta/@-7.7679571,110.429264,17z/data=!4m8!3m7!1s0x2e7a5a1ea2077521:0xca6065b1ffa55014!8m2!3d-7.7679624!4d110.4318389!9m1!1b1!16s%2Fg%2F1pv083h00?entry=ttu&g_ep=EgoyMDI2MDgxNy4wIKXMDSoASAFQAw%3D%3D",2026-08-21T04:18:20.290901+00:00
cd747661580101782dbab845,disnakertrans,Dinas Tenaga Kerja dan Transmigrasi DIY,google_maps,Kurnia Kusuma,ATAS,5.0,setahun lalu,"https://www.google.com/maps/place/Disnakertrans+Provinsi+D+I+Yogyakarta/@-7.7679571,110.429264,17z/data=!4m8!3m7!1s0x2e7a5a1ea2077521:0xca6065b1ffa55014!8m2!3d-7.7679624!4d110.4318389!9m1!1b1!16s%2Fg%2F1pv083h00?entry=ttu&g_ep=EgoyMDI2MDgxNy4wIKXMDSoASAFQAw%3D%3D",2026-08-21T04:18:20.388254+00:00
9220ede2bf48580373662838,disnakertrans,Dinas Tenaga Kerja dan Transmigrasi DIY,google_maps,Deshinta R. S.,Pelayanan yang baik,5.0,7 tahun lalu,"https://www.google.com/maps/place/Disnakertrans+Provinsi+D+I+Yogyakarta/@-7.7679571,110.429264,17z/data=!4m8!3m7!1s0x2e7a5a1ea2077521:0xca6065b1ffa55014!8m2!3d-7.7679624!4d110.4318389!9m1!1b1!16s%2Fg%2F1pv083h00?entry=ttu&g_ep=EgoyMDI2MDgxNy4wIKXMDSoASAFQAw%3D%3D",2026-08-21T04:18:20.484902+00:00
88aeefff4ab765955e91f74e,dispertaru,Dinas Pertanahan dan Tata Ruang DIY,berita,Badan Pengawasan Keuangan dan Pembangunan,"Badan Pengawasan Keuangan dan Pembangunan - Badan Pengawasan Keuangan dan Pembangunan. <a href=""https://news.google.com/rss/articles/CBMixgFBVV95cUxOYTVvcFZ4WjV5RGZwZHNIcmpxNkUyemZkSjlVVHgyWndGd1ZhMGh1WldtdDNuQlpKT2U4OVRUUTJxWl9sQm1uU01jOWdhbFZ6VGM3LWxsWGJmUXUzTWZJNVJKdk9oMmxZeEVfMUNhazFDdVhhME92VWc2S2xBdzQ1d2tsUVY5Ti15RlZUSFRRbWlzbjUtaEQxeF9HN09TNVNESUhTb2dZMnZJS1V5WVZJczVrOWhWRDRwTmJUaWJHa0ljZ0FNYkE?oc=5"" target=""_blank"">Badan Pengawasan Keuangan dan Pembangunan</a>&nbsp;&nbsp;<font color=""#6f6f6f"">Badan Pengawasan Keuangan dan Pembangunan</font>",,2026-08-11T04:01:22+00:00,https://news.google.com/rss/articles/CBMixgFBVV95cUxOYTVvcFZ4WjV5RGZwZHNIcmpxNkUyemZkSjlVVHgyWndGd1ZhMGh1WldtdDNuQlpKT2U4OVRUUTJxWl9sQm1uU01jOWdhbFZ6VGM3LWxsWGJmUXUzTWZJNVJKdk9oMmxZeEVfMUNhazFDdVhhME92VWc2S2xBdzQ1d2tsUVY5Ti15RlZUSFRRbWlzbjUtaEQxeF9HN09TNVNESUhTb2dZMnZJS1V5WVZJczVrOWhWRDRwTmJUaWJHa0ljZ0FNYkE?oc=5,2026-08-21T03:33:11.660196+00:00
54cdf52cb37c05e79021dfa2,dispertaru,Dinas Pertanahan dan Tata Ruang DIY,berita,Jogjaprov,"Detail Berita | Portal Resmi PEMDA DIY - Jogjaprov. <a href=""https://news.google.com/rss/articles/CBMiugFBVV95cUxNcDRhVzRKaU82QjJsaDZEUGJKNTNWUW9xNXZOeWtrWFc4UVNOVk1nRExfelZhOF9iY21SZzVWbHRnUlMxam1sTUdYT04tc2ppLTVsQWpYTHZSdkhpdDluSFJEVk5NcGpIUHNWcVpIcGdNZ1NfX0pmNFUxb2s5clVPS1c3SDhzaDdpTzlrTUI1SWd4Y0hvSEdERFRTdENGN3doSmNIYVlOVEpPbDE1RWxnTk1tenc1T3k1LVE?oc=5"" target=""_blank"">Detail Berita | Portal Resmi PEMDA DIY</a>&nbsp;&nbsp;<font color=""#6f6f6f"">Jogjaprov</font>",,2026-04-11T07:00:00+00:00,https://news.google.com/rss/articles/CBMiugFBVV95cUxNcDRhVzRKaU82QjJsaDZEUGJKNTNWUW9xNXZOeWtrWFc4UVNOVk1nRExfelZhOF9iY21SZzVWbHRnUlMxam1sTUdYT04tc2ppLTVsQWpYTHZSdkhpdDluSFJEVk5NcGpIUHNWcVpIcGdNZ1NfX0pmNFUxb2s5clVPS1c3SDhzaDdpTzlrTUI1SWd4Y0hvSEdERFRTdENGN3doSmNIYVlOVEpPbDE1RWxnTk1tenc1T3k1LVE?oc=5,2026-08-21T03:33:11.660196+00:00
35a2de45e8704c6374c2945e,dispertaru,Dinas Pertanahan dan Tata Ruang DIY,berita,Star Jogja FM,"Dispertaru DIY Tertibkan Pemanfaatan Tanah Kalurahan Maguwoharjo - Star Jogja FM. <a href=""https://news.google.com/rss/articles/CBMirwFBVV95cUxQeGVYVVVqMjVjSTBJODNmV3plUUlkNmFRd3V4YUZaWGNaRmtCNGg3ZThhd3J6UU9vdTlpb2M1a3NOOWtwWmgycnhFV0lydnBTLUlheVFTdG03c0lfbGdMWTBkSGw3RG5mbzF4azVGVlYzUTU2eTNmcVNKOEdFQndLaFF6UGNiZWV4Yno4S0J2eEhYSElXQTNubC11aFRabDhTaGhxSTdvQ1lzN1dqa2F3?oc=5"" target=""_blank"">Dispertaru DIY Tertibkan Pemanfaatan Tanah Kalurahan Maguwoharjo</a>&nbsp;&nbsp;<font color=""#6f6f6f"">Star Jogja FM</font>",,2026-05-08T07:00:00+00:00,https://news.google.com/rss/articles/CBMirwFBVV95cUxQeGVYVVVqMjVjSTBJODNmV3plUUlkNmFRd3V4YUZaWGNaRmtCNGg3ZThhd3J6UU9vdTlpb2M1a3NOOWtwWmgycnhFV0lydnBTLUlheVFTdG03c0lfbGdMWTBkSGw3RG5mbzF4azVGVlYzUTU2eTNmcVNKOEdFQndLaFF6UGNiZWV4Yno4S0J2eEhYSElXQTNubC11aFRabDhTaGhxSTdvQ1lzN1dqa2F3?oc=5,2026-08-21T03:33:11.660196+00:00
3459647ad828cd69ed17d3d7,dispertaru,Dinas Pertanahan dan Tata Ruang DIY,berita,ANTARA News Yogyakarta,"Pemda DIY tanggapi adanya dugaan kasus korupsi TKD di Sleman - ANTARA News Yogyakarta. <a href=""https://news.google.com/rss/articles/CBMipgFBVV95cUxPNmNBZUFRY1BDLVRwQnB0aWs2NGFDNGp1eDJJRHhCcksybVZpOGJLTkN4OVlNSktUS2hPdkRYS3F0RE84d0VxWUlLX3U2SVlEbjUzang3QndPQVd3NFlOQXB0YnNtUnF5M05wU1BaWGdZckF3ekVSdU1Oamcxd0pzQUZNT2hDMEtFNHFzaW92RzZjUjE4VWs1VjFZdm96Z0xESlBWNTRn?oc=5"" target=""_blank"">Pemda DIY tanggapi adanya dugaan kasus korupsi TKD di Sleman</a>&nbsp;&nbsp;<font color=""#6f6f6f"">ANTARA News Yogyakarta</font>",,2026-06-04T07:00:00+00:00,https://news.google.com/rss/articles/CBMipgFBVV95cUxPNmNBZUFRY1BDLVRwQnB0aWs2NGFDNGp1eDJJRHhCcksybVZpOGJLTkN4OVlNSktUS2hPdkRYS3F0RE84d0VxWUlLX3U2SVlEbjUzang3QndPQVd3NFlOQXB0YnNtUnF5M05wU1BaWGdZckF3ekVSdU1Oamcxd0pzQUZNT2hDMEtFNHFzaW92RzZjUjE4VWs1VjFZdm96Z0xESlBWNTRn?oc=5,2026-08-21T03:33:11.660196+00:00
d4aa0e87cd4ea77d68529b92,dispertaru,Dinas Pertanahan dan Tata Ruang DIY,berita,Kumparan.com,"Kasus Tanah Kas Desa: Lurah Condongcatur Juga Ditersangkakan oleh Kejati DIY - kumparan.com - Kumparan.com. <a href=""https://news.google.com/rss/articles/CBMivgFBVV95cUxPcGZqLXJkcXZzYjRsdlRvZ3dSb2tUdGtBQVZzWXZ3WTlmbm0tRDN1Qlh6aVN1SXdPMndWMExkWWtXcXF6UWZ3YU5oUXplRG9EQVdkUm1NZ2RjZDQxUDF5alJmX1EzblJ6QzI2Sm10ZTVySmhPbWF4cFRyeURjb3hFd1RTUmpLQk9iTVdwbFh6aUFYekVtSmN6TklLZ2lKMmFPd29lUU5LYVFna1JFWkgtVkt6ZXRwR3dzUzYxVTZB0gHGAUFVX3lxTE93a1lZdHhoWng1RmpHUmZyOXFXUDlCQjltVTNXSDFaYkZWTEFSd3ZKOHNSMlczVW82WHpxMFVrQU16Q0F1X3gyZmF2RFdzVWFGM0JMbmp5NmxIUG5Za0ZzUVVqTHkwNXlkWDh6TjdEbkZQR09aM3hwaExNbXlCVm02N1pUNjJrTDg1MGZ1djFrb1FwLUQ2YXFfaWtZTWdud1RQcmdpSXQzZHhQRldWS1ByanB4ZnE2aWtxNi1qWXdfa1hVLW0zZw?oc=5"" target=""_blank"">Kasus Tanah Kas Desa: Lurah Condongcatur Juga Ditersangkakan oleh Kejati DIY - kumparan.com</a>&nbsp;&nbsp;<font color=""#6f6f6f"">Kumparan.com</font>",,2026-06-30T07:00:00+00:00,https://news.google.com/rss/articles/CBMivgFBVV95cUxPcGZqLXJkcXZzYjRsdlRvZ3dSb2tUdGtBQVZzWXZ3WTlmbm0tRDN1Qlh6aVN1SXdPMndWMExkWWtXcXF6UWZ3YU5oUXplRG9EQVdkUm1NZ2RjZDQxUDF5alJmX1EzblJ6QzI2Sm10ZTVySmhPbWF4cFRyeURjb3hFd1RTUmpLQk9iTVdwbFh6aUFYekVtSmN6TklLZ2lKMmFPd29lUU5LYVFna1JFWkgtVkt6ZXRwR3dzUzYxVTZB0gHGAUFVX3lxTE93a1lZdHhoWng1RmpHUmZyOXFXUDlCQjltVTNXSDFaYkZWTEFSd3ZKOHNSMlczVW82WHpxMFVrQU16Q0F1X3gyZmF2RFdzVWFGM0JMbmp5NmxIUG5Za0ZzUVVqTHkwNXlkWDh6TjdEbkZQR09aM3hwaExNbXlCVm02N1pUNjJrTDg1MGZ1djFrb1FwLUQ2YXFfaWtZTWdud1RQcmdpSXQzZHhQRldWS1ByanB4ZnE2aWtxNi1qWXdfa1hVLW0zZw?oc=5,2026-08-21T03:33:11.660196+00:00
dbb738c3c6a916e37cdd07b2,dispertaru,Dinas Pertanahan dan Tata Ruang DIY,berita,Harian Jogja,"Penginapan Ilegal di Sadeng Ditutup Pemda DIY - Harian Jogja. <a href=""https://news.google.com/rss/articles/CBMilwFBVV95cUxQcHlIZ2o0SFBNVkotbkhkODVaUHNPcUpIdEZyTzEzUDV0R05CU3oxU2J4c0pHOWQ2NkQwQTNSOWIzaXZyNG1RS29TRGRkQzJUdDdMRmlOMF9WaTFNZUNtenVrN2Uyc21JSmxrNU9GMmFnSVdOSjlfUTYtUmUwVGZvSkwxdmxDZnFVTzNaTDFsMk1FZTNhdThr?oc=5"" target=""_blank"">Penginapan Ilegal di Sadeng Ditutup Pemda DIY</a>&nbsp;&nbsp;<font color=""#6f6f6f"">Harian Jogja</font>",,2026-05-05T07:00:00+00:00,https://news.google.com/rss/articles/CBMilwFBVV95cUxQcHlIZ2o0SFBNVkotbkhkODVaUHNPcUpIdEZyTzEzUDV0R05CU3oxU2J4c0pHOWQ2NkQwQTNSOWIzaXZyNG1RS29TRGRkQzJUdDdMRmlOMF9WaTFNZUNtenVrN2Uyc21JSmxrNU9GMmFnSVdOSjlfUTYtUmUwVGZvSkwxdmxDZnFVTzNaTDFsMk1FZTNhdThr?oc=5,2026-08-21T03:33:11.660196+00:00
df0f073e06a2d10e1d9f8d02,dispertaru,Dinas Pertanahan dan Tata Ruang DIY,berita,Kompas.id,"Terima Gratifikasi, Bekas Kadis Pertanahan DIY Divonis 4 Tahun Penjara - Kompas.id. <a href=""https://news.google.com/rss/articles/CBMiogFBVV95cUxQaWFtckZQNWFuTnplSE91WWE2NElpckV1T1Y2UXdCQklmSFJrRTJnVDdpM2V4cVVKRmFDemViSmNVRS1JVkIybnFjOHBvZGZXcmtuRlVxc2JnWlhzZm9xUlZTaHZxSWlRQ3RVQ2g5Y0xzVVlteEhNbndMazBuUnJydEhOZkdkM1RMM2tfT3RXYVdBREszLXh6UlBNTXJka1lqbWc?oc=5"" target=""_blank"">Terima Gratifikasi, Bekas Kadis Pertanahan DIY Divonis 4 Tahun Penjara</a>&nbsp;&nbsp;<font color=""#6f6f6f"">Kompas.id</font>",,2024-03-06T08:00:00+00:00,https://news.google.com/rss/articles/CBMiogFBVV95cUxQaWFtckZQNWFuTnplSE91WWE2NElpckV1T1Y2UXdCQklmSFJrRTJnVDdpM2V4cVVKRmFDemViSmNVRS1JVkIybnFjOHBvZGZXcmtuRlVxc2JnWlhzZm9xUlZTaHZxSWlRQ3RVQ2g5Y0xzVVlteEhNbndMazBuUnJydEhOZkdkM1RMM2tfT3RXYVdBREszLXh6UlBNTXJka1lqbWc?oc=5,2026-08-21T03:33:11.660196+00:00
e8b6a09326b9f1e276f4887a,dispertaru,Dinas Pertanahan dan Tata Ruang DIY,berita,detikcom,"Kepala Dispertaru DIY Krido Suprayitno Jadi Tersangka Mafia Tanah Kas Desa - detikcom. <a href=""https://news.google.com/rss/articles/CBMiuwFBVV95cUxOdzhyVk10RW5vTmtmc0dkMmVzSU5kMmJMV2MtMmExR1I2d1I5WTFrUk9wNUszZHQwNjVDa3pKNDJzLUtEWWRjU1lHNFRodHVEanJYS05MU0dwX3RycFBsb2Y5VC1fbUk5SUFEUlBqMXRfUm1mTE90R0xEWDhNSE9OQ0l6c2djRDJBbFNySlVCVWwzYVpNbjcyTjA2ZnlBWnNERFEwbDJrcXBiN1IwZ1Y0NTlaM09IMzFfVmU00gHAAUFVX3lxTE9RQWctRWtRbFU4Mkt4ZHI0OXl4UHRTZmRpQnJLWmxvWTRxTGg2NFVGZlZNLVdMSUhaTzNkVXJ5MS1fZ0dPUG9jckdFUnk4ZDFVZEV2X01yS01vbnl1RDAwOHdvT1RNVU5DdXBDb0xaZERzamVSTl9vcWZCVXRHWFRJbDJSR1hVempISXh0YlRpbl9KZndzRnhjajJzZ0VORXgzV0FhR0Nhb3Y3Q2tPdWVlVmNXOU5YX01OYUJaalphcg?oc=5"" target=""_blank"">Kepala Dispertaru DIY Krido Suprayitno Jadi Tersangka Mafia Tanah Kas Desa</a>&nbsp;&nbsp;<font color=""#6f6f6f"">detikcom</font>",,2023-07-17T07:00:00+00:00,https://news.google.com/rss/articles/CBMiuwFBVV95cUxOdzhyVk10RW5vTmtmc0dkMmVzSU5kMmJMV2MtMmExR1I2d1I5WTFrUk9wNUszZHQwNjVDa3pKNDJzLUtEWWRjU1lHNFRodHVEanJYS05MU0dwX3RycFBsb2Y5VC1fbUk5SUFEUlBqMXRfUm1mTE90R0xEWDhNSE9OQ0l6c2djRDJBbFNySlVCVWwzYVpNbjcyTjA2ZnlBWnNERFEwbDJrcXBiN1IwZ1Y0NTlaM09IMzFfVmU00gHAAUFVX3lxTE9RQWctRWtRbFU4Mkt4ZHI0OXl4UHRTZmRpQnJLWmxvWTRxTGg2NFVGZlZNLVdMSUhaTzNkVXJ5MS1fZ0dPUG9jckdFUnk4ZDFVZEV2X01yS01vbnl1RDAwOHdvT1RNVU5DdXBDb0xaZERzamVSTl9vcWZCVXRHWFRJbDJSR1hVempISXh0YlRpbl9KZndzRnhjajJzZ0VORXgzV0FhR0Nhb3Y3Q2tPdWVlVmNXOU5YX01OYUJaalphcg?oc=5,2026-08-21T03:33:11.660196+00:00
630b9876a7555f9cfc2f414a,dispertaru,Dinas Pertanahan dan Tata Ruang DIY,berita,VIVA.co.id,"Kantor Dinas Pertanahan dan Tata Ruang DIY Digeledah Penyidik Kejati DIY - VIVA.co.id. <a href=""https://news.google.com/rss/articles/CBMiuwFBVV95cUxPc1UwS2V6UmRrMlZ3WUtNRjNTcm9DYU9qYkY5enRma045dGhmVEREZThVdHVuMGlueloxU3B6a0RLRS1NRmNZSmYtdDNmWTZYVURPejhWMVZBUUwxYXNaTGFvSmtFcm81V3BENFJ5YjRnRkdDRFBjMW5qakc0cFFkY0xkN1AwT1ZXOU85NVE3Mkloc2JHWTBrOW5EdTRHR2Z3R2g5eTlnR3ZBR1pSN3hpTTd4VW96STJsSUUw0gHAAUFVX3lxTFBGRDM4NG4wS2FYUHYzT3JJV1BxamQ0NjU3QTJVdS1LYldIai1XUGNDQXJtQVFJVndaM2Y3NFZlT2hzUjZfRV9NVEM2ZWRBTmtkQmhVY21tZmNPUHRyVDRwVVhnRjJTUFh2dXVYLURtTlI0dTltcF9lUTJYeTQ1a2RxQzAxOHlRYnRMUmt4Vk5tSnhpVWlROUdZTUgzZjV0Njd4R3ZlRzhZd29kbUFuQUZJSTdvLUR4RWJtaUhXOVotSQ?oc=5"" target=""_blank"">Kantor Dinas Pertanahan dan Tata Ruang DIY Digeledah Penyidik Kejati DIY</a>&nbsp;&nbsp;<font color=""#6f6f6f"">VIVA.co.id</font>",,2023-07-12T07:00:00+00:00,https://news.google.com/rss/articles/CBMiuwFBVV95cUxPc1UwS2V6UmRrMlZ3WUtNRjNTcm9DYU9qYkY5enRma045dGhmVEREZThVdHVuMGlueloxU3B6a0RLRS1NRmNZSmYtdDNmWTZYVURPejhWMVZBUUwxYXNaTGFvSmtFcm81V3BENFJ5YjRnRkdDRFBjMW5qakc0cFFkY0xkN1AwT1ZXOU85NVE3Mkloc2JHWTBrOW5EdTRHR2Z3R2g5eTlnR3ZBR1pSN3hpTTd4VW96STJsSUUw0gHAAUFVX3lxTFBGRDM4NG4wS2FYUHYzT3JJV1BxamQ0NjU3QTJVdS1LYldIai1XUGNDQXJtQVFJVndaM2Y3NFZlT2hzUjZfRV9NVEM2ZWRBTmtkQmhVY21tZmNPUHRyVDRwVVhnRjJTUFh2dXVYLURtTlI0dTltcF9lUTJYeTQ1a2RxQzAxOHlRYnRMUmt4Vk5tSnhpVWlROUdZTUgzZjV0Njd4R3ZlRzhZd29kbUFuQUZJSTdvLUR4RWJtaUhXOVotSQ?oc=5,2026-08-21T03:33:11.660196+00:00
ecb3d2817ac9972d2c17c230,dispertaru,Dinas Pertanahan dan Tata Ruang DIY,berita,Website DJKN,"Website DJKN - Website DJKN. <a href=""https://news.google.com/rss/articles/CBMi_AFBVV95cUxNc3hySFB0blVMeTBfNl9KSklBRnVGOHFrSE9NUFF4czBISEtfMFNkVlZTa0RjcnZjZW5seWtOTVZDb1hrN3Q1Sm9DRXFJamY0V3kzMlNxQWNURzQ4djZLd2NHUlVld1VNU0tuRjJKX3JBQlVXS0JqWXQ2dm1LYnBYV0ZiWlVHTUNuQl95OFVpYjB6dG93ZzIzV2xUbDRmZmFoTHJGbWtKbHJIa3Q4VS1RQkNiUTJWM0xNNml2VzliS2pKenFjTnMzZTI3andWOVBrdFRGdmg4Qk84WGhja2ZXQVU3ODJhMm1uZnoyR0VYYUQxTk10c2lkcjMtTl8?oc=5"" target=""_blank"">Website DJKN</a>&nbsp;&nbsp;<font color=""#6f6f6f"">Website DJKN</font>",,2022-10-05T07:00:00+00:00,https://news.google.com/rss/articles/CBMi_AFBVV95cUxNc3hySFB0blVMeTBfNl9KSklBRnVGOHFrSE9NUFF4czBISEtfMFNkVlZTa0RjcnZjZW5seWtOTVZDb1hrN3Q1Sm9DRXFJamY0V3kzMlNxQWNURzQ4djZLd2NHUlVld1VNU0tuRjJKX3JBQlVXS0JqWXQ2dm1LYnBYV0ZiWlVHTUNuQl95OFVpYjB6dG93ZzIzV2xUbDRmZmFoTHJGbWtKbHJIa3Q4VS1RQkNiUTJWM0xNNml2VzliS2pKenFjTnMzZTI3andWOVBrdFRGdmg4Qk84WGhja2ZXQVU3ODJhMm1uZnoyR0VYYUQxTk10c2lkcjMtTl8?oc=5,2026-08-21T03:33:11.660196+00:00
13a2777f80f29b06b8f9edbe,dispertaru,Dinas Pertanahan dan Tata Ruang DIY,berita,CNN Indonesia,"Eks Kadis Pertanahan DIY Divonis 4 Tahun Bui Kasus Mafia Tanah - CNN Indonesia. <a href=""https://news.google.com/rss/articles/CBMixAFBVV95cUxNSUJkNkZ4RDNtY082Q2pXSktlUTVSbk1jSDBTeEZVckQzT0xoV244YU9mWU1xRGNBWDAzZVRBYjhDbXFsYmVNZ3lkLVR5Slo4MTJXZ25GTmdqdGNDTHNSSGtjdXRzcHh4Q0x4bGhnZkY2NzJJd1I0dGdVT0V3ZG1NR2JULVlvN1RUS3lmQWYxSGVEWlFsaFh5TUFldjBKSWxHdmd0dFMwUmFpWDByV2haOUJBeHQ5TnVURnNZQmg5STZTLXFs0gHKAUFVX3lxTE9YMnpuZ0hneGlsMEtUbk43cThPTlY0Vnp1RXRiYlN2SVlJRU5BU0ZqOEVlaklxaUM2Y1Y4Um9Bd3FUa1JrV3dPSVg1TDQ2WlNTN0hveFpFQThfTFZEVmk3ck9EaF9iYm0tOTMzLVZ5bXBWUGtJdjNVa1k0YzhPWVdnNDNWVWxkc2Y0OEFjTGNjLS1Gbzh1NXhJS0syNjBMY19ubWY5YmpGcms2U3dmRDlwclEwQTRlVWN5eVFCZDJoRnc0d05FR1BuVFE?oc=5"" target=""_blank"">Eks Kadis Pertanahan DIY Divonis 4 Tahun Bui Kasus Mafia Tanah</a>&nbsp;&nbsp;<font color=""#6f6f6f"">CNN Indonesia</font>",,2024-03-06T08:00:00+00:00,https://news.google.com/rss/articles/CBMixAFBVV95cUxNSUJkNkZ4RDNtY082Q2pXSktlUTVSbk1jSDBTeEZVckQzT0xoV244YU9mWU1xRGNBWDAzZVRBYjhDbXFsYmVNZ3lkLVR5Slo4MTJXZ25GTmdqdGNDTHNSSGtjdXRzcHh4Q0x4bGhnZkY2NzJJd1I0dGdVT0V3ZG1NR2JULVlvN1RUS3lmQWYxSGVEWlFsaFh5TUFldjBKSWxHdmd0dFMwUmFpWDByV2haOUJBeHQ5TnVURnNZQmg5STZTLXFs0gHKAUFVX3lxTE9YMnpuZ0hneGlsMEtUbk43cThPTlY0Vnp1RXRiYlN2SVlJRU5BU0ZqOEVlaklxaUM2Y1Y4Um9Bd3FUa1JrV3dPSVg1TDQ2WlNTN0hveFpFQThfTFZEVmk3ck9EaF9iYm0tOTMzLVZ5bXBWUGtJdjNVa1k0YzhPWVdnNDNWVWxkc2Y0OEFjTGNjLS1Gbzh1NXhJS0syNjBMY19ubWY5YmpGcms2U3dmRDlwclEwQTRlVWN5eVFCZDJoRnc0d05FR1BuVFE?oc=5,2026-08-21T03:33:11.660196+00:00
6530efbaa457dd17a88ff222,dispertaru,Dinas Pertanahan dan Tata Ruang DIY,berita,Pemerintah Kabupaten Bantul,"Perlu Koordinasi dan Sinergi Guna Tuntaskan Permasalahan Reforma Agraria di Kabupaten Bantul - Pemerintah Kabupaten Bantul. <a href=""https://news.google.com/rss/articles/CBMi1wFBVV95cUxOU2dCaTRKaFl6dVZEM3U5U3JGY3FSZWV3ZWd2dmJFVjdLSmUyR2lrZkVKYnE5UElmbUQ4YVhCWFQxbnFIaTRMQkpENldldHlwb1B0aWpDazZkV3hXdWtoOGhaS3RlTXNMQ1NFa1lWbnptZ3ZYOWZBYUI1ZHZXX3RMcXVSUHNqUlRlOEFmVjdwdTNfOUx4M3pJa0JsdlBtWkdCd21TZ3psZWRESUw5N2g4U3JtakM3VU1qclVXTV93dUFIYV94NGQ2NndHLWY4bzdYVjUzWmgwWQ?oc=5"" target=""_blank"">Perlu Koordinasi dan Sinergi Guna Tuntaskan Permasalahan Reforma Agraria di Kabupaten Bantul</a>&nbsp;&nbsp;<font color=""#6f6f6f"">Pemerintah Kabupaten Bantul</font>",,2022-12-01T01:59:04+00:00,https://news.google.com/rss/articles/CBMi1wFBVV95cUxOU2dCaTRKaFl6dVZEM3U5U3JGY3FSZWV3ZWd2dmJFVjdLSmUyR2lrZkVKYnE5UElmbUQ4YVhCWFQxbnFIaTRMQkpENldldHlwb1B0aWpDazZkV3hXdWtoOGhaS3RlTXNMQ1NFa1lWbnptZ3ZYOWZBYUI1ZHZXX3RMcXVSUHNqUlRlOEFmVjdwdTNfOUx4M3pJa0JsdlBtWkdCd21TZ3psZWRESUw5N2g4U3JtakM3VU1qclVXTV93dUFIYV94NGQ2NndHLWY4bzdYVjUzWmgwWQ?oc=5,2026-08-21T03:33:11.660196+00:00
f5786576edab792f527f838a,dispertaru,Dinas Pertanahan dan Tata Ruang DIY,berita,Kompas.com,"Kepala Biro Hukum Ditunjuk Jadi Plh Kepala Dispertaru DIY - Kompas.com. <a href=""https://news.google.com/rss/articles/CBMiswFBVV95cUxOeXA3S3hleEM5YXdSUmxxbURvcHdxM3dTM0h5VFBOdExWSlhId2dIdUxjeDRtcjFvQUk5YnRuUkNRT0NlbnN4VExoVW0yaTQ5NnBkdDJfZTJ4QlNuWFgzWlFyV2RWYVhvcXRBeGp1dmVsMUQ0bUgxZHN6ZUJxV2ZKam5aY2NSb0hJXzJWdEd4bmdOOW1Lcy1nbmR5RzlVb2s0ejhvdmxNOUt4S1l2bkJhck5maw?oc=5"" target=""_blank"">Kepala Biro Hukum Ditunjuk Jadi Plh Kepala Dispertaru DIY</a>&nbsp;&nbsp;<font color=""#6f6f6f"">Kompas.com</font>",,2023-07-21T07:00:00+00:00,https://news.google.com/rss/articles/CBMiswFBVV95cUxOeXA3S3hleEM5YXdSUmxxbURvcHdxM3dTM0h5VFBOdExWSlhId2dIdUxjeDRtcjFvQUk5YnRuUkNRT0NlbnN4VExoVW0yaTQ5NnBkdDJfZTJ4QlNuWFgzWlFyV2RWYVhvcXRBeGp1dmVsMUQ0bUgxZHN6ZUJxV2ZKam5aY2NSb0hJXzJWdEd4bmdOOW1Lcy1nbmR5RzlVb2s0ejhvdmxNOUt4S1l2bkJhck5maw?oc=5,2026-08-21T03:33:11.660196+00:00
6c836fa5131ca34671713f99,dispertaru,Dinas Pertanahan dan Tata Ruang DIY,berita,Media Indonesia,"Diduga Terima Gratifikasi, Kepala Dinas Pertanahan dan Tata Ruang DIY Menjadi Tersangka - Media Indonesia. <a href=""https://news.google.com/rss/articles/CBMiygFBVV95cUxQZHptUXY2ckFWblFvaUlDM2I3Q3RmcGdSakE2djFyZGh3TlZFTlJVZC1LN1Y4SWJ5SWwzbGJYSTFVWms3LVV6X2N4cWYyY1lhLXJuaGxGMFZMTUxQb0J0bER0MGV2Y0JPZmptR0FaQ0NFNlZGbU55cHc5M2k4X0ZFTENQMVhMcXN2QS1sZ1dibEhuaUFiUmdDcmxfRTRWTGQ1ZXpWeFBraGNpMWZwWkxpY3hZSVhvenJ2UTJqM3dGdFBEUWprNU42MHhn?oc=5"" target=""_blank"">Diduga Terima Gratifikasi, Kepala Dinas Pertanahan dan Tata Ruang DIY Menjadi Tersangka</a>&nbsp;&nbsp;<font color=""#6f6f6f"">Media Indonesia</font>",,2023-07-18T07:00:00+00:00,https://news.google.com/rss/articles/CBMiygFBVV95cUxQZHptUXY2ckFWblFvaUlDM2I3Q3RmcGdSakE2djFyZGh3TlZFTlJVZC1LN1Y4SWJ5SWwzbGJYSTFVWms3LVV6X2N4cWYyY1lhLXJuaGxGMFZMTUxQb0J0bER0MGV2Y0JPZmptR0FaQ0NFNlZGbU55cHc5M2k4X0ZFTENQMVhMcXN2QS1sZ1dibEhuaUFiUmdDcmxfRTRWTGQ1ZXpWeFBraGNpMWZwWkxpY3hZSVhvenJ2UTJqM3dGdFBEUWprNU42MHhn?oc=5,2026-08-21T03:33:11.660196+00:00
2001191b1e398d793d27427a,dispertaru,Dinas Pertanahan dan Tata Ruang DIY,berita,Jogjaprov,"Beri Rasa Aman, Pemda DIY Serahkan 1.417 Sertipikat SG dan P... - Jogjaprov. <a href=""https://news.google.com/rss/articles/CBMiqAFBVV95cUxNZWlRU21hbkJPbncwM210UUpwYnl0Nms2Xy1rNjM4dXhDRG9ITDJuZm1hUVAtd1llR0d1N21lWmRkV2ZTY3hrMjJHR2VKQzNHblRZQm9VUkFwbDdNcXZxVnBmWlpYbmd1azZ1XzRHWlYyRVRPRU1UaTZMMXFCajlUa2x1bVhod1dCS012YlFSVFYxZ29XOHV3Z2JsaV9jdVJtMXZIUnJjOGc?oc=5"" target=""_blank"">Beri Rasa Aman, Pemda DIY Serahkan 1.417 Sertipikat SG dan P...</a>&nbsp;&nbsp;<font color=""#6f6f6f"">Jogjaprov</font>",,2024-09-17T07:00:00+00:00,https://news.google.com/rss/articles/CBMiqAFBVV95cUxNZWlRU21hbkJPbncwM210UUpwYnl0Nms2Xy1rNjM4dXhDRG9ITDJuZm1hUVAtd1llR0d1N21lWmRkV2ZTY3hrMjJHR2VKQzNHblRZQm9VUkFwbDdNcXZxVnBmWlpYbmd1azZ1XzRHWlYyRVRPRU1UaTZMMXFCajlUa2x1bVhod1dCS012YlFSVFYxZ29XOHV3Z2JsaV9jdVJtMXZIUnJjOGc?oc=5,2026-08-21T03:33:11.660196+00:00
9bcbf046d35a5b512689d52c,dispertaru,Dinas Pertanahan dan Tata Ruang DIY,berita,detikcom,"Penampakan Tim Kejati Geledah Kantor Dispertaru DIY soal Mafia Tanah - detikcom. <a href=""https://news.google.com/rss/articles/CBMiswFBVV95cUxQTGFZMk00aU52aTV6c3pfTTg1ajhOWGY0VWo3NlN5MkFTcm5NZnoyU2xJYTVvdUoxV3BXS2hMazVNS3FzVXdXSXU3a3lWaHNqa1pxSm5IMGFlaFd3cHZYNkJwWVNwZG9ETHlzUFBzWElQYWlZQXFYRWl6OXpJRkRtRG1lc3dteXkxNk8tckVvOHZ0S2RleTVOakJfektkYWR2ck11Mmdrd2l1dmd3eVdtTjhlY9IBuAFBVV95cUxQbzBVSGMwTjFnamFFNlNLcWdLbm13cWlvdVpUaF8zTzJTYWU4NlBYdEZUZHpTWFBlWVNRaXRuYkp4eWhPUXJCdlowRDdLOWRQdjE4aVRWZ2I4UHZlMW92bGxjZUtCeWo3RXJ5X1V4OWpsdUQ0QnJHdkdkWGRjb0dhSFp6YnNEV0JqWDRsMmVnZUROX2hqWUtTZjFkU2xJUVJwcGdfZWFOSHVMUERkdldQbXJNaE9pVWxa?oc=5"" target=""_blank"">Penampakan Tim Kejati Geledah Kantor Dispertaru DIY soal Mafia Tanah</a>&nbsp;&nbsp;<font color=""#6f6f6f"">detikcom</font>",,2023-07-12T07:00:00+00:00,https://news.google.com/rss/articles/CBMiswFBVV95cUxQTGFZMk00aU52aTV6c3pfTTg1ajhOWGY0VWo3NlN5MkFTcm5NZnoyU2xJYTVvdUoxV3BXS2hMazVNS3FzVXdXSXU3a3lWaHNqa1pxSm5IMGFlaFd3cHZYNkJwWVNwZG9ETHlzUFBzWElQYWlZQXFYRWl6OXpJRkRtRG1lc3dteXkxNk8tckVvOHZ0S2RleTVOakJfektkYWR2ck11Mmdrd2l1dmd3eVdtTjhlY9IBuAFBVV95cUxQbzBVSGMwTjFnamFFNlNLcWdLbm13cWlvdVpUaF8zTzJTYWU4NlBYdEZUZHpTWFBlWVNRaXRuYkp4eWhPUXJCdlowRDdLOWRQdjE4aVRWZ2I4UHZlMW92bGxjZUtCeWo3RXJ5X1V4OWpsdUQ0QnJHdkdkWGRjb0dhSFp6YnNEV0JqWDRsMmVnZUROX2hqWUtTZjFkU2xJUVJwcGdfZWFOSHVMUERkdldQbXJNaE9pVWxa?oc=5,2026-08-21T03:33:11.660196+00:00
d4d7ef8917dbde38f341df84,dispertaru,Dinas Pertanahan dan Tata Ruang DIY,berita,Kumparan.com,"Ruangannya Digeledah Kejati, di Mana Kepala Dispertaru DIY? - kumparan.com - Kumparan.com. <a href=""https://news.google.com/rss/articles/CBMipgFBVV95cUxOX2ZYeEpVakVnaGFYdUg0RHRpWFpyeEo0bHplczdIN1l2aGM4eFpZZ29ETkZ0UURiNXNyc3RZbVgxWGgtblNKRFRsOXZhczZGdWEwYTU1ZGtqU0FDRWpGRTRpTkNKVmJFVzVrc1NTdVA3RkdpdC1pM2tnVFlEVHdra2pUM2RTSm9fX3R1bVFSdnFfM1A5T0JzWGNnclRmejZfcEVMald30gGuAUFVX3lxTE9jZjI1NDUxanNES2ZHaDkwX1JWeWVvU05HNWtaZ1lOYXNqQ1MtODdjRWVWeHk3TVQwaDdxUE9QMFppNDU2VDBPNkFPcWVFeGtSelpkRkdveWtnNHZaUjIwUGhralk1QXMzMGc5UC04eE5NOExZdy1oalQ5TTF0Sm9BM2J1VFFXNmk3UzZHTXFISkFRX3B5alpZNTdyblVqZmxVSzNuZHlRWlAxWkRKQQ?oc=5"" target=""_blank"">Ruangannya Digeledah Kejati, di Mana Kepala Dispertaru DIY? - kumparan.com</a>&nbsp;&nbsp;<font color=""#6f6f6f"">Kumparan.com</font>",,2023-07-12T07:00:00+00:00,https://news.google.com/rss/articles/CBMipgFBVV95cUxOX2ZYeEpVakVnaGFYdUg0RHRpWFpyeEo0bHplczdIN1l2aGM4eFpZZ29ETkZ0UURiNXNyc3RZbVgxWGgtblNKRFRsOXZhczZGdWEwYTU1ZGtqU0FDRWpGRTRpTkNKVmJFVzVrc1NTdVA3RkdpdC1pM2tnVFlEVHdra2pUM2RTSm9fX3R1bVFSdnFfM1A5T0JzWGNnclRmejZfcEVMald30gGuAUFVX3lxTE9jZjI1NDUxanNES2ZHaDkwX1JWeWVvU05HNWtaZ1lOYXNqQ1MtODdjRWVWeHk3TVQwaDdxUE9QMFppNDU2VDBPNkFPcWVFeGtSelpkRkdveWtnNHZaUjIwUGhralk1QXMzMGc5UC04eE5NOExZdy1oalQ5TTF0Sm9BM2J1VFFXNmk3UzZHTXFISkFRX3B5alpZNTdyblVqZmxVSzNuZHlRWlAxWkRKQQ?oc=5,2026-08-21T03:33:11.660196+00:00
de469939a04cfd6215d38d77,dispertaru,Dinas Pertanahan dan Tata Ruang DIY,berita,Kumparan.com,"Eks Kepala Dispertaru DIY Divonis 4 Tahun Penjara, Lebih Ringan dari Tuntutan - kumparan.com - Kumparan.com. <a href=""https://news.google.com/rss/articles/CBMivwFBVV95cUxPcFVldGRnYjdvUkwwNENhSjRyVHZ2dWJUX3k0N2dhOHZzQ2lYVDYweFNMYnFzc2ZZSUFGQngwbHZlaVpZc0hvV2tWbzA2MGFVbFJwNGxNa1QzbjJLQnRXeElJZi1TdmFFaGVkejRKWGtuTm5DWGVUNWg1MThDeUtMMDdlbFJ2NTZxRU5lYzhYcGNDdkNFSTFCNUh2UjV5TTFyaW50T3h0NHExektwd1lPVGJqc2ZMR0FsVjBQeHB0Z9IBxwFBVV95cUxObU1SOHJlVkZvZzBBb2ViSmJqZTZyTUxkelZhNC16dGZETi1qMUR1bXczbEdXbUFTek5fX0ZkTVBxczRPRkE0SHNxeXhhWXZhNzJneDZWOHZITmR3R1FpYUJYNkVjcXFNRHVDeU9XekQ5dFdPWlcxSnBmZHNfMVRwb3RLQkdwU0Y4WVhpVFI4OFpCYXVBTkh1MG5QeXF5bFR3RkltSG1KVGhBakotQUFxQXRTcEpfc0c5c19FQjduR21TdEpHVHJJ?oc=5"" target=""_blank"">Eks Kepala Dispertaru DIY Divonis 4 Tahun Penjara, Lebih Ringan dari Tuntutan - kumparan.com</a>&nbsp;&nbsp;<font color=""#6f6f6f"">Kumparan.com</font>",,2024-03-06T08:00:00+00:00,https://news.google.com/rss/articles/CBMivwFBVV95cUxPcFVldGRnYjdvUkwwNENhSjRyVHZ2dWJUX3k0N2dhOHZzQ2lYVDYweFNMYnFzc2ZZSUFGQngwbHZlaVpZc0hvV2tWbzA2MGFVbFJwNGxNa1QzbjJLQnRXeElJZi1TdmFFaGVkejRKWGtuTm5DWGVUNWg1MThDeUtMMDdlbFJ2NTZxRU5lYzhYcGNDdkNFSTFCNUh2UjV5TTFyaW50T3h0NHExektwd1lPVGJqc2ZMR0FsVjBQeHB0Z9IBxwFBVV95cUxObU1SOHJlVkZvZzBBb2ViSmJqZTZyTUxkelZhNC16dGZETi1qMUR1bXczbEdXbUFTek5fX0ZkTVBxczRPRkE0SHNxeXhhWXZhNzJneDZWOHZITmR3R1FpYUJYNkVjcXFNRHVDeU9XekQ5dFdPWlcxSnBmZHNfMVRwb3RLQkdwU0Y4WVhpVFI4OFpCYXVBTkh1MG5QeXF5bFR3RkltSG1KVGhBakotQUFxQXRTcEpfc0c5c19FQjduR21TdEpHVHJJ?oc=5,2026-08-21T03:33:11.660196+00:00
49df76a38af56306753db3ad,dispertaru,Dinas Pertanahan dan Tata Ruang DIY,berita,detikcom,"Sultan Lantik Kadispertaru DIY Pengganti Krido Suprayitno Tersangka Mafia TKD - detikcom. <a href=""https://news.google.com/rss/articles/CBMivwFBVV95cUxQc3BFbFo4RTNmYXlWWmFXY3cxRVN1cHpOX3REMDBUcmk3bnBCeFlaRm5jN21kOExXY2ZUY2xlMDY3VWpkMGF1R0JwbEhmWVZaV3NRdDNzaTl4d2k3c0EwZnhYYm5ubzlydnoteTNzRnZQTlg3aVBfWGhOenNpMHZpOXhtSmlPNEE0Qko3WkpFdV9OZ0RNUVdpTWhVRllMdVJhcjBNWDJ4MXVaOV9WOTUtNlVnZUZUSFktWDNfMU9wc9IBxAFBVV95cUxPWXNXVDRoQldKQkZibXM3SUU0WS1UaU1RempiYnBiUzlqR2N1cDlxNXRSRjR5elMyMWJWVkZUYjdnR3JHWUlCSi15aXc5bWQ5UmdiUXU5UXV1eFpCSENaSk90YlZWS3dFVmlaS0M5d05aN2lJZ2JHSzR6M3NnamMzNmV5U3A4WjB1SVBDZFNqRVIyUXZ2bVdVYzQzZmd6WW0tanVYLWxRU0IzUmJVSlNUMWVLcjY3NEdzZFd5UnhkYXZEeHBh?oc=5"" target=""_blank"">Sultan Lantik Kadispertaru DIY Pengganti Krido Suprayitno Tersangka Mafia TKD</a>&nbsp;&nbsp;<font color=""#6f6f6f"">detikcom</font>",,2023-11-01T07:00:00+00:00,https://news.google.com/rss/articles/CBMivwFBVV95cUxQc3BFbFo4RTNmYXlWWmFXY3cxRVN1cHpOX3REMDBUcmk3bnBCeFlaRm5jN21kOExXY2ZUY2xlMDY3VWpkMGF1R0JwbEhmWVZaV3NRdDNzaTl4d2k3c0EwZnhYYm5ubzlydnoteTNzRnZQTlg3aVBfWGhOenNpMHZpOXhtSmlPNEE0Qko3WkpFdV9OZ0RNUVdpTWhVRllMdVJhcjBNWDJ4MXVaOV9WOTUtNlVnZUZUSFktWDNfMU9wc9IBxAFBVV95cUxPWXNXVDRoQldKQkZibXM3SUU0WS1UaU1RempiYnBiUzlqR2N1cDlxNXRSRjR5elMyMWJWVkZUYjdnR3JHWUlCSi15aXc5bWQ5UmdiUXU5UXV1eFpCSENaSk90YlZWS3dFVmlaS0M5d05aN2lJZ2JHSzR6M3NnamMzNmV5U3A4WjB1SVBDZFNqRVIyUXZ2bVdVYzQzZmd6WW0tanVYLWxRU0IzUmJVSlNUMWVLcjY3NEdzZFd5UnhkYXZEeHBh?oc=5,2026-08-21T03:33:11.660196+00:00
ba2c23749423624162639210,dispertaru,Dinas Pertanahan dan Tata Ruang DIY,berita,detikcom,"BPN-Dispertaru DIY Angkat Bicara soal Polemik Lempuyangan - detikcom. <a href=""https://news.google.com/rss/articles/CBMipAFBVV95cUxOWXpnWkV0UW9xdkxUQ3IyTTFHNTBpSDVuZkZ3bTI0X3hjdV9McGZ3dm9OdXM3b1ZiTHVmTHlES195TllOQlJqeVFxeWV4QXNGeWhtdTRyU25DS2VvdWtVb3RTMDdCUGJ3TlZVbDNtbXA3b0pZN0w0cnJxTzNZM254eE11eUVRTWhRVmdNOVAyVm9IMF9iS083NjZNRUhOTHRxNHBzMNIBqgFBVV95cUxNWm54OTV3S0xiMU1XdnpZcXljYlpPSDFRZUszY09OWWF3QXBoQzRsek5uZi1la3FDcUNLbEQzRU0tOU1uOFpSZlg4UUJiS1BlUHFyZEtoYkVVX2lodzFFOExzV0EtRjFnTkZnM1ZzeFdKWmZYbDcwa1VnbVJuVlhXSU5zbzhiZ3BPemt4aFVsNmdvcldNTU5iUUNsWXlUdGZrc19nYldaelBCZw?oc=5"" target=""_blank"">BPN-Dispertaru DIY Angkat Bicara soal Polemik Lempuyangan</a>&nbsp;&nbsp;<font color=""#6f6f6f"">detikcom</font>",,2025-04-29T07:00:00+00:00,https://news.google.com/rss/articles/CBMipAFBVV95cUxOWXpnWkV0UW9xdkxUQ3IyTTFHNTBpSDVuZkZ3bTI0X3hjdV9McGZ3dm9OdXM3b1ZiTHVmTHlES195TllOQlJqeVFxeWV4QXNGeWhtdTRyU25DS2VvdWtVb3RTMDdCUGJ3TlZVbDNtbXA3b0pZN0w0cnJxTzNZM254eE11eUVRTWhRVmdNOVAyVm9IMF9iS083NjZNRUhOTHRxNHBzMNIBqgFBVV95cUxNWm54OTV3S0xiMU1XdnpZcXljYlpPSDFRZUszY09OWWF3QXBoQzRsek5uZi1la3FDcUNLbEQzRU0tOU1uOFpSZlg4UUJiS1BlUHFyZEtoYkVVX2lodzFFOExzV0EtRjFnTkZnM1ZzeFdKWmZYbDcwa1VnbVJuVlhXSU5zbzhiZ3BPemt4aFVsNmdvcldNTU5iUUNsWXlUdGZrc19nYldaelBCZw?oc=5,2026-08-21T03:33:11.660196+00:00
7eff39a2bf4652b72e0771f2,dispertaru,Dinas Pertanahan dan Tata Ruang DIY,berita,Harian Jogja,"Ternyata Kepala Dispertaru DIY Sudah Dipanggil Kejati DIY 5 Kali Terkait Tanah Kas Desa - Harian Jogja. <a href=""https://news.google.com/rss/articles/CBMizwFBVV95cUxNZmRjRjJLeTBYMkxTcnNCa29PelFqUGtVcl83T01QZkx3cGQ5Q0xGMGRveE5KaEVtMDNZcWtuWWFXalFpSzZWdlZaOFRia3NKMHAzWnZLdnVvak9iNlNXR1JRQ0EzY3lXeUxRSjNjX3lfQ3hZWDFYOVhYY2puWVhKM0hvcXRlMUprM0ItS3ltZk5OOXVJeThjMkQzNUhTdzBlOWtzc2lrdWRqbU45SGM3cGN1U3dhelIwZ3ZNZkowZDlUY1haUmVsQnNHR0dDc1U?oc=5"" target=""_blank"">Ternyata Kepala Dispertaru DIY Sudah Dipanggil Kejati DIY 5 Kali Terkait Tanah Kas Desa</a>&nbsp;&nbsp;<font color=""#6f6f6f"">Harian Jogja</font>",,2023-07-14T07:00:00+00:00,https://news.google.com/rss/articles/CBMizwFBVV95cUxNZmRjRjJLeTBYMkxTcnNCa29PelFqUGtVcl83T01QZkx3cGQ5Q0xGMGRveE5KaEVtMDNZcWtuWWFXalFpSzZWdlZaOFRia3NKMHAzWnZLdnVvak9iNlNXR1JRQ0EzY3lXeUxRSjNjX3lfQ3hZWDFYOVhYY2puWVhKM0hvcXRlMUprM0ItS3ltZk5OOXVJeThjMkQzNUhTdzBlOWtzc2lrdWRqbU45SGM3cGN1U3dhelIwZ3ZNZkowZDlUY1haUmVsQnNHR0dDc1U?oc=5,2026-08-21T03:33:11.660196+00:00
7b8386169012cb4a35af949c,dispertaru,Dinas Pertanahan dan Tata Ruang DIY,berita,Suarajogja.id,"DPTR DIY Temukan Indikasi Ketidaksesuaian Tata Ruang di Bantul Sebesar 6,5 Persen - Suarajogja.id. <a href=""https://news.google.com/rss/articles/CBMixgFBVV95cUxOMEJnYTRVU0VqNEw5REdCX1lubGxGUGpuNFVxVlhUVUdiWnYzQ1RUODBRbnd4N0NMMmNJaE9NSXJRb1V0d2YzSnNGd2VLODNIeUdTbkxZUjgzRUtmMG80cEUxSEZUVTZGb2RKdTJfMXpZbnE2YW0tVmtmWnFCTHRtdGlKcERYQWp4LTQ0eTV5TDZKZFg3b09ibV9UdXFiaUNQZzRqUnY4UzB6dm9fRnVhR0MyRk03THpWdVNhMWVDV0YzYjJwZFHSAcsBQVVfeXFMTTRraThqdW9KdmVXeWtFTm0tYlUxSkkyWXFXRTcwb0ZHR0FXTndxSW5zX1pjT05BRE50OWNEUG1YSGJRUXc0TWFzMTM3alQxbWZEbEJaLVpUNmtEbnpkMExVZ25aams2SUxDMkI4Q1Q4UWxUV0lJazdYWWoxdkxsYlRUUzE1ZVZSVmZpaHF3U3FxYy1jaG1memF5aFFCUDJiWkYyNkJaQ28xQUs3UC03UVhtRmxRRGV2clI2SWdrZGE2c1hsY09JekMyRm8?oc=5"" target=""_blank"">DPTR DIY Temukan Indikasi Ketidaksesuaian Tata Ruang di Bantul Sebesar 6,5 Persen</a>&nbsp;&nbsp;<font color=""#6f6f6f"">Suarajogja.id</font>",,2021-11-30T08:00:00+00:00,https://news.google.com/rss/articles/CBMixgFBVV95cUxOMEJnYTRVU0VqNEw5REdCX1lubGxGUGpuNFVxVlhUVUdiWnYzQ1RUODBRbnd4N0NMMmNJaE9NSXJRb1V0d2YzSnNGd2VLODNIeUdTbkxZUjgzRUtmMG80cEUxSEZUVTZGb2RKdTJfMXpZbnE2YW0tVmtmWnFCTHRtdGlKcERYQWp4LTQ0eTV5TDZKZFg3b09ibV9UdXFiaUNQZzRqUnY4UzB6dm9fRnVhR0MyRk03THpWdVNhMWVDV0YzYjJwZFHSAcsBQVVfeXFMTTRraThqdW9KdmVXeWtFTm0tYlUxSkkyWXFXRTcwb0ZHR0FXTndxSW5zX1pjT05BRE50OWNEUG1YSGJRUXc0TWFzMTM3alQxbWZEbEJaLVpUNmtEbnpkMExVZ25aams2SUxDMkI4Q1Q4UWxUV0lJazdYWWoxdkxsYlRUUzE1ZVZSVmZpaHF3U3FxYy1jaG1memF5aFFCUDJiWkYyNkJaQ28xQUs3UC03UVhtRmxRRGV2clI2SWdrZGE2c1hsY09JekMyRm8?oc=5,2026-08-21T03:33:11.660196+00:00
c7f33106f06f1c4b4e74c7f4,dispertaru,Dinas Pertanahan dan Tata Ruang DIY,berita,20detik,"Tok! Eks Kadispertaru DIY Divonis 4 Tahun Bui di Kasus Mafia Tanah Kas Desa - 20detik. <a href=""https://news.google.com/rss/articles/CBMixAFBVV95cUxQQzBCNGwxSmFoU2JxX1VvZHNXT0ZrejQtcnJiSXJRaXlmX2gwVk9HRjZadW90cDl6TEVXQWhGMUE3TmVocThVRUF4aXFWazQzVjdwZWkwZjNuTXVTcXo4Sm5JbTFCSjBGTkR0Nm05M00tX19OVVhrS3RrdnluWEJFa01sX2JKT29BTWwzUW5VZ2h0dHl6MElUcGNaOTJXWDJ6SllXZUVCX3RyTkpmUURuVEt3cGVNbmZGVUhGa1IxWnhraTBK?oc=5"" target=""_blank"">Tok! Eks Kadispertaru DIY Divonis 4 Tahun Bui di Kasus Mafia Tanah Kas Desa</a>&nbsp;&nbsp;<font color=""#6f6f6f"">20detik</font>",,2024-03-06T08:00:00+00:00,https://news.google.com/rss/articles/CBMixAFBVV95cUxQQzBCNGwxSmFoU2JxX1VvZHNXT0ZrejQtcnJiSXJRaXlmX2gwVk9HRjZadW90cDl6TEVXQWhGMUE3TmVocThVRUF4aXFWazQzVjdwZWkwZjNuTXVTcXo4Sm5JbTFCSjBGTkR0Nm05M00tX19OVVhrS3RrdnluWEJFa01sX2JKT29BTWwzUW5VZ2h0dHl6MElUcGNaOTJXWDJ6SllXZUVCX3RyTkpmUURuVEt3cGVNbmZGVUhGa1IxWnhraTBK?oc=5,2026-08-21T03:33:11.660196+00:00
8166847c4ba1845f9fe40258,dispertaru,Dinas Pertanahan dan Tata Ruang DIY,berita,detikcom,"Terima Gratifikasi Mafia Tanah, Eks Kadispertaru DIY Divonis 4 Tahun Bui - detikcom. <a href=""https://news.google.com/rss/articles/CBMitwFBVV95cUxPRXBYcXhxNi0zaDlOSGtjMk9BejFmRjJRb0Z6dlJhbnAxZm9nRkUtbFZhLTBvV29NXzRsaHBnWnM2bE1LY19JT3Nnd0xLQXIwdGdEdFQ0ZWFrU2dMWWRKendVejRsU0JaLWc3NWRhMDFWMzJUS3pkTlpIa3BjVWhOMlFkcW50NUdudHhtMzRXbkhGbnlrd1dzSFF0c0dsTUFvREZHWHo3OVc4VFZvTi1hVWo5enFfX03SAbwBQVVfeXFMTzFJcVdaVVJsa2Fld21QZ1hpNmd1dkxFZ0FFU3U4RGJZTERhQ2MwY2ZmbzVSZnlOcUl5MzhYOTlYMjZfZjR0OEVhX0pMMzByX05HTUtOLTMzREtJMkZZZUVjOEpLOVpyUkpoVXBWQWRGa3BWcEN4VGJlaFdJUGV4SFZJXzlGZzZCOW5yaWpWcTJCODUzcV9RSGtEdUlzZkJ3TUhIeWhLdlFlQ3Z3SEJqbElPQ2lwektQUnRYNXI?oc=5"" target=""_blank"">Terima Gratifikasi Mafia Tanah, Eks Kadispertaru DIY Divonis 4 Tahun Bui</a>&nbsp;&nbsp;<font color=""#6f6f6f"">detikcom</font>",,2024-03-06T08:00:00+00:00,https://news.google.com/rss/articles/CBMitwFBVV95cUxPRXBYcXhxNi0zaDlOSGtjMk9BejFmRjJRb0Z6dlJhbnAxZm9nRkUtbFZhLTBvV29NXzRsaHBnWnM2bE1LY19JT3Nnd0xLQXIwdGdEdFQ0ZWFrU2dMWWRKendVejRsU0JaLWc3NWRhMDFWMzJUS3pkTlpIa3BjVWhOMlFkcW50NUdudHhtMzRXbkhGbnlrd1dzSFF0c0dsTUFvREZHWHo3OVc4VFZvTi1hVWo5enFfX03SAbwBQVVfeXFMTzFJcVdaVVJsa2Fld21QZ1hpNmd1dkxFZ0FFU3U4RGJZTERhQ2MwY2ZmbzVSZnlOcUl5MzhYOTlYMjZfZjR0OEVhX0pMMzByX05HTUtOLTMzREtJMkZZZUVjOEpLOVpyUkpoVXBWQWRGa3BWcEN4VGJlaFdJUGV4SFZJXzlGZzZCOW5yaWpWcTJCODUzcV9RSGtEdUlzZkJ3TUhIeWhLdlFlQ3Z3SEJqbElPQ2lwektQUnRYNXI?oc=5,2026-08-21T03:33:11.660196+00:00
1bd21d642722cefebe6b2e58,dispertaru,Dinas Pertanahan dan Tata Ruang DIY,berita,detikcom,"Resmi Tersangka, Kadispertaru DIY Krido Suprayitno Ditahan di Rutan Wirogunan - detikcom. <a href=""https://news.google.com/rss/articles/CBMizwFBVV95cUxPNHppTWJmcVNfQ3dyMGlwUEpZLWhQYWVjd3FZSDdDUU1FLXl4VDkxOGNILTFaX1gyelcwQkM5WVlTbHcwcGJLV2VIRGoyOHFmM0VOdS1PZ2NOaTNLT1pnYUtoVDVtLVVHSkk2QkdYOUc0YzZDOWlNM01yQ0lORHJEQnNWSlVrVWxDZ0NqUVhLcllhaEFYS0w0MDBfVkh6TXB4S2ZyeTRFWk5IeHl2X0RIYzJxQmtqbl9McU9CazdiMEhMTFA1VGRWa1hnWVR5UFnSAdQBQVVfeXFMTVJHcG5jQl84XzBKR2xMQnZsRy11V210NG8zUG1DOTVVTnF5YVhiSlRBTlF3akUxTlEtNFRzU05tMy03MWVrSDdtUGczcURyVzJHd1hkYWJpVGZZeXFuNkRZcURXblNsZGxsclp6XzYyd3BfcXVheEpQb2RUQzB1U25oeDVJM19YMFJsMGNSWVFaaHJhRkhPY19FLVk5aVQxRHBOTkpEUGdncGVPM0l1SDA1VEtDZDhKb1ZiVUlFbVZpakFQQjFMVURRMmdPeGpScVBrVVI?oc=5"" target=""_blank"">Resmi Tersangka, Kadispertaru DIY Krido Suprayitno Ditahan di Rutan Wirogunan</a>&nbsp;&nbsp;<font color=""#6f6f6f"">detikcom</font>",,2023-07-17T07:00:00+00:00,https://news.google.com/rss/articles/CBMizwFBVV95cUxPNHppTWJmcVNfQ3dyMGlwUEpZLWhQYWVjd3FZSDdDUU1FLXl4VDkxOGNILTFaX1gyelcwQkM5WVlTbHcwcGJLV2VIRGoyOHFmM0VOdS1PZ2NOaTNLT1pnYUtoVDVtLVVHSkk2QkdYOUc0YzZDOWlNM01yQ0lORHJEQnNWSlVrVWxDZ0NqUVhLcllhaEFYS0w0MDBfVkh6TXB4S2ZyeTRFWk5IeHl2X0RIYzJxQmtqbl9McU9CazdiMEhMTFA1VGRWa1hnWVR5UFnSAdQBQVVfeXFMTVJHcG5jQl84XzBKR2xMQnZsRy11V210NG8zUG1DOTVVTnF5YVhiSlRBTlF3akUxTlEtNFRzU05tMy03MWVrSDdtUGczcURyVzJHd1hkYWJpVGZZeXFuNkRZcURXblNsZGxsclp6XzYyd3BfcXVheEpQb2RUQzB1U25oeDVJM19YMFJsMGNSWVFaaHJhRkhPY19FLVk5aVQxRHBOTkpEUGdncGVPM0l1SDA1VEtDZDhKb1ZiVUlFbVZpakFQQjFMVURRMmdPeGpScVBrVVI?oc=5,2026-08-21T03:33:11.660196+00:00
ba27bbf0789b61694137373e,dispertaru,Dinas Pertanahan dan Tata Ruang DIY,berita,detikcom,"Jaksa Geledah Kantor Dispertaru DIY Terkait Kasus Mafia Tanah Kas Desa - detikcom. <a href=""https://news.google.com/rss/articles/CBMitgFBVV95cUxQZjZmeDgtTTZ5b3VQVWRKTktzVG52MWJCOWdWM0JZQ0gyYnFFc2xiam5ObWJjVm9RMGlNV3NpN3hHQ1BDaC1lNFl3cVRZTzRuZXVJbmpkMHhwS2dvTDBqTTUtYTlSSzNrNkcydmpVbkcwaC1NMm1oNjNfRWQzcG9VTmEyX0QxWHA0VHRBTDh1NTBEVDNRN0VvNi16b0duNFJNaEt5N2VRTHQtVGdUYmIyNFo2SjYzUdIBuwFBVV95cUxNQXRJcXdHY0ZtMjdlN2dYZE9Pa2c1MnpTdk9QX2RBRUdNcTNYWWExX2hsUlNPUnoybFA1NmxOZ2pzY1JTYzZueTUySTVlM2xVdW41VEN4X3F0VmpMbS1zTXpfbkpvcXlyTWtaZVdfckR1U05XRzQyT1BRd3l5QzRVS3RWU1VxTGJ6cS1QaWI5TkU1TTFHaTVFUmtFUmFvSzRsenBQUWRUal9fbXpiZk9oVVdBOWttS0NPcVZ3?oc=5"" target=""_blank"">Jaksa Geledah Kantor Dispertaru DIY Terkait Kasus Mafia Tanah Kas Desa</a>&nbsp;&nbsp;<font color=""#6f6f6f"">detikcom</font>",,2023-07-12T07:00:00+00:00,https://news.google.com/rss/articles/CBMitgFBVV95cUxQZjZmeDgtTTZ5b3VQVWRKTktzVG52MWJCOWdWM0JZQ0gyYnFFc2xiam5ObWJjVm9RMGlNV3NpN3hHQ1BDaC1lNFl3cVRZTzRuZXVJbmpkMHhwS2dvTDBqTTUtYTlSSzNrNkcydmpVbkcwaC1NMm1oNjNfRWQzcG9VTmEyX0QxWHA0VHRBTDh1NTBEVDNRN0VvNi16b0duNFJNaEt5N2VRTHQtVGdUYmIyNFo2SjYzUdIBuwFBVV95cUxNQXRJcXdHY0ZtMjdlN2dYZE9Pa2c1MnpTdk9QX2RBRUdNcTNYWWExX2hsUlNPUnoybFA1NmxOZ2pzY1JTYzZueTUySTVlM2xVdW41VEN4X3F0VmpMbS1zTXpfbkpvcXlyTWtaZVdfckR1U05XRzQyT1BRd3l5QzRVS3RWU1VxTGJ6cS1QaWI5TkU1TTFHaTVFUmtFUmFvSzRsenBQUWRUal9fbXpiZk9oVVdBOWttS0NPcVZ3?oc=5,2026-08-21T03:33:11.660196+00:00
f0567ea377ccbdfc7344c2cd,dispertaru,Dinas Pertanahan dan Tata Ruang DIY,berita,Media Indonesia,"Pengembalian Suap Kepala Dinas Pertanahan DIY tidak Hapus Pidana - Media Indonesia. <a href=""https://news.google.com/rss/articles/CBMirAFBVV95cUxOYUZ3VUl0dVJfWUpQNi1xQldFSU9iODl1ZGxIcG5TWk5OeWlwX2V0RHFKcF9SMk85N3hMMTlRTGc1bGs3RjBwSWlBaklYb3JiNTlzQVRZUW1NWDVxOGtZa2hLeUdabUN1UHhxanpuQVlEX1M1ZnhIVGVra0RpVmNoN3dBaHUzY1dOTVlyMVZmX0dTcTVMMXRyV0ktQlNQNVJac0FKd1ItR3FNX2hh?oc=5"" target=""_blank"">Pengembalian Suap Kepala Dinas Pertanahan DIY tidak Hapus Pidana</a>&nbsp;&nbsp;<font color=""#6f6f6f"">Media Indonesia</font>",,2023-08-02T07:00:00+00:00,https://news.google.com/rss/articles/CBMirAFBVV95cUxOYUZ3VUl0dVJfWUpQNi1xQldFSU9iODl1ZGxIcG5TWk5OeWlwX2V0RHFKcF9SMk85N3hMMTlRTGc1bGs3RjBwSWlBaklYb3JiNTlzQVRZUW1NWDVxOGtZa2hLeUdabUN1UHhxanpuQVlEX1M1ZnhIVGVra0RpVmNoN3dBaHUzY1dOTVlyMVZmX0dTcTVMMXRyV0ktQlNQNVJac0FKd1ItR3FNX2hh?oc=5,2026-08-21T03:33:11.660196+00:00
97ffc958461f2148f2c548c3,dispertaru,Dinas Pertanahan dan Tata Ruang DIY,berita,Kumparan.com,"Wanti-Wanti Sultan ke Kepala Dispertaru DIY yang Baru: Harus Jujur! - kumparan.com - Kumparan.com. <a href=""https://news.google.com/rss/articles/CBMisAFBVV95cUxOdEd2NlNZdTcwdUV4VUZuZHpxTG9GZm9VbUVfcVdieGJteE5JNERpcGxPTEkzQnh4b3YyUlYzSFFZRUxQbFNWYXdnTEZOaEJ2RWtadHNaenM5M2xJSlZmUlZ3Y2NkWFYtaFEzUXoxX25yS2U5bzRPQkEydWF5Si15YXQ2SHJQNnIyVmptNU50VlRac0dqVDRIZURySHRuVTZWenUxZW9UcXlrUHdDSzBDctIBuAFBVV95cUxNR0VjMG9RQk12TGo4LVVTVm5VSjF4ZTJUaEltdmdySU5mbGtoaXRnd2o3WnpLa3ZrSTNIcUxLLWZXYWFHdkdDYXdYUzczd053R3pPMlRGM01WNTk0M1VnXzVGZWU0SW1ET045WThDQ19rajVBTVg5U21XNzlsMlJuZTJFaVlFamxxZDRYVy1iWi1US2ZpODRkQ2VhRXktZ1U5R01LdG9wNXJvU1I3RE1OSWNqbzVXZDFl?oc=5"" target=""_blank"">Wanti-Wanti Sultan ke Kepala Dispertaru DIY yang Baru: Harus Jujur! - kumparan.com</a>&nbsp;&nbsp;<font color=""#6f6f6f"">Kumparan.com</font>",,2023-11-01T07:00:00+00:00,https://news.google.com/rss/articles/CBMisAFBVV95cUxOdEd2NlNZdTcwdUV4VUZuZHpxTG9GZm9VbUVfcVdieGJteE5JNERpcGxPTEkzQnh4b3YyUlYzSFFZRUxQbFNWYXdnTEZOaEJ2RWtadHNaenM5M2xJSlZmUlZ3Y2NkWFYtaFEzUXoxX25yS2U5bzRPQkEydWF5Si15YXQ2SHJQNnIyVmptNU50VlRac0dqVDRIZURySHRuVTZWenUxZW9UcXlrUHdDSzBDctIBuAFBVV95cUxNR0VjMG9RQk12TGo4LVVTVm5VSjF4ZTJUaEltdmdySU5mbGtoaXRnd2o3WnpLa3ZrSTNIcUxLLWZXYWFHdkdDYXdYUzczd053R3pPMlRGM01WNTk0M1VnXzVGZWU0SW1ET045WThDQ19rajVBTVg5U21XNzlsMlJuZTJFaVlFamxxZDRYVy1iWi1US2ZpODRkQ2VhRXktZ1U5R01LdG9wNXJvU1I3RE1OSWNqbzVXZDFl?oc=5,2026-08-21T03:33:11.660196+00:00
f48a54dacf215c95f10f30c6,dispertaru,Dinas Pertanahan dan Tata Ruang DIY,berita,Kumparan.com,"Kasus Tanah Desa: Kepala Dispertaru DIY Diduga Bersekongkol dengan Mafia Tanah - kumparan.com - Kumparan.com. <a href=""https://news.google.com/rss/articles/CBMiwAFBVV95cUxPT3pLM2w1V0NGZ3pFdFI3SzFTOGFKUU8yRHY0OW5JY2RkbjY0bzIwUnhNZGpDaGRZbGF1ZlhpX3ZTWEtoZTBhNXN1cW16VllSUmJiY1RjdFBsQ3ZkZ0E5S0dEaXJJNFZWbnBVbzBXVTZQQUVmT0lBcDRXYlphdDNxTTRHS1c0N2hNTmhHZnA2VW1JRWVDeko1TUY3WHdfbGZ6MFYxZFRsUDBsVnpHYkZzb1FLbDcwUGhzX0Vlcmw1OWzSAcgBQVVfeXFMT05fcUNVdnZEMjluYm9SeDdpdUdWOHQxUW0tSzFZNFoza0ZHZGgzX01GOUUyOVBVcU5oSFNkNUZFbl9VWUhCUDVrSXF2SUlOQmJGcTNoMTFoQ2pONWR3UHpSdnNkdVFHdjA5al96cklnTlliMDA4eXNoS2pfQURpNmRXYnlmREpuN1hOOWEzYUpXRm45MjN1WE5ueTJ6Q0JpRnp4RVhJaktyTHdYRlZjNHZ1YkZpdWZPUDU1bVhRXzMzUTRNZUxQNFg?oc=5"" target=""_blank"">Kasus Tanah Desa: Kepala Dispertaru DIY Diduga Bersekongkol dengan Mafia Tanah - kumparan.com</a>&nbsp;&nbsp;<font color=""#6f6f6f"">Kumparan.com</font>",,2023-07-17T07:00:00+00:00,https://news.google.com/rss/articles/CBMiwAFBVV95cUxPT3pLM2w1V0NGZ3pFdFI3SzFTOGFKUU8yRHY0OW5JY2RkbjY0bzIwUnhNZGpDaGRZbGF1ZlhpX3ZTWEtoZTBhNXN1cW16VllSUmJiY1RjdFBsQ3ZkZ0E5S0dEaXJJNFZWbnBVbzBXVTZQQUVmT0lBcDRXYlphdDNxTTRHS1c0N2hNTmhHZnA2VW1JRWVDeko1TUY3WHdfbGZ6MFYxZFRsUDBsVnpHYkZzb1FLbDcwUGhzX0Vlcmw1OWzSAcgBQVVfeXFMT05fcUNVdnZEMjluYm9SeDdpdUdWOHQxUW0tSzFZNFoza0ZHZGgzX01GOUUyOVBVcU5oSFNkNUZFbl9VWUhCUDVrSXF2SUlOQmJGcTNoMTFoQ2pONWR3UHpSdnNkdVFHdjA5al96cklnTlliMDA4eXNoS2pfQURpNmRXYnlmREpuN1hOOWEzYUpXRm45MjN1WE5ueTJ6Q0JpRnp4RVhJaktyTHdYRlZjNHZ1YkZpdWZPUDU1bVhRXzMzUTRNZUxQNFg?oc=5,2026-08-21T03:33:11.660196+00:00
f5dbbdac8612476f966885bf,dispertaru,Dinas Pertanahan dan Tata Ruang DIY,berita,Kumparan.com,"Sultan Tunjuk Kepala Biro Hukum Jadi Plh Kepala Dispertaru - kumparan.com - Kumparan.com. <a href=""https://news.google.com/rss/articles/CBMipwFBVV95cUxPRVRodV9DbGxkQld4d3c1MWVOdVNfNlUxZFZlT1NERktHYk02LV9aSWp6bjJQSFp5ck5BVE1XWjQ3Y3FqSUpjakoyVEpzWlBNZWZuS0FrbXRzVE8ybElYc2VYbWpxR0sxZDY2VXpvTTBXdHB1OTMtcHRNQkRTMnkwcmpnX1FrODc4X1ZRd2c2NjBfbWFPWXFVZzVpSzR2RkpoZmpxWWVDRdIBrwFBVV95cUxQelF4d1kxcnNRb0ZmR3A2NFAxdHRCVHAybXJQZ1RGMS1tWGtONERXVUc0WnA0WXI5V2ZkeGZ3aVlzR0UzM2xmOWpfOXNvZld1SVJhNllWcWJwNmxNcnl4Ym1TUVgzQ3JucThwUVRON2psMGl3TThlallmclpqMWctVWNzcF9rcER6NDRuZW14cGVya3IyWENrVkZwUzBkVmQ2SzdmRlpXeTFubzNpaDJz?oc=5"" target=""_blank"">Sultan Tunjuk Kepala Biro Hukum Jadi Plh Kepala Dispertaru - kumparan.com</a>&nbsp;&nbsp;<font color=""#6f6f6f"">Kumparan.com</font>",,2023-07-21T07:00:00+00:00,https://news.google.com/rss/articles/CBMipwFBVV95cUxPRVRodV9DbGxkQld4d3c1MWVOdVNfNlUxZFZlT1NERktHYk02LV9aSWp6bjJQSFp5ck5BVE1XWjQ3Y3FqSUpjakoyVEpzWlBNZWZuS0FrbXRzVE8ybElYc2VYbWpxR0sxZDY2VXpvTTBXdHB1OTMtcHRNQkRTMnkwcmpnX1FrODc4X1ZRd2c2NjBfbWFPWXFVZzVpSzR2RkpoZmpxWWVDRdIBrwFBVV95cUxQelF4d1kxcnNRb0ZmR3A2NFAxdHRCVHAybXJQZ1RGMS1tWGtONERXVUc0WnA0WXI5V2ZkeGZ3aVlzR0UzM2xmOWpfOXNvZld1SVJhNllWcWJwNmxNcnl4Ym1TUVgzQ3JucThwUVRON2psMGl3TThlallmclpqMWctVWNzcF9rcER6NDRuZW14cGVya3IyWENrVkZwUzBkVmQ2SzdmRlpXeTFubzNpaDJz?oc=5,2026-08-21T03:33:11.660196+00:00
fb11f06b76056bf8003fc534,dispertaru,Dinas Pertanahan dan Tata Ruang DIY,google_maps,Dita Septyana,"Instansi yang menerapkan Pelayanan Prima ✨✨
masuk ke gedungnya langsung disapa oleh security, ditanyakan keperluannya apa dengan ramah, terdapat kursi di loby kantor untuk menunggu dan dilengkapi dengan air minum yg bisa dinikmati secara self service..",5.0,setahun lalu,"https://www.google.com/maps/place/Dinas+Pertanahan+Dan+Tata+Ruang+Daerah+Istimewa+Yogyakarta/@-7.787886,110.3554495,17z/data=!4m8!3m7!1s0x2e7a58231b97dd27:0xebed93772611b9c0!8m2!3d-7.7878913!4d110.3580244!9m1!1b1!16s%2Fg%2F11cn5rz87x?entry=ttu&g_ep=EgoyMDI2MDgxNy4wIKXMDSoASAFQAw%3D%3D",2026-08-21T03:35:08.776271+00:00
8770a971f1a14e9cd3a0aefe,dispertaru,Dinas Pertanahan dan Tata Ruang DIY,google_maps,FUFU FAFA,"Tolong pohon2 di jalur cepat di pangkas Pak !
rambu2 putar balik tidak terlihat semua. mau nunggu berapa kecelakaan lagi di jalur cepat ring road !!!!",1.0,3 bulan lalu,"https://www.google.com/maps/place/Dinas+Pertanahan+Dan+Tata+Ruang+Daerah+Istimewa+Yogyakarta/@-7.787886,110.3554495,17z/data=!4m8!3m7!1s0x2e7a58231b97dd27:0xebed93772611b9c0!8m2!3d-7.7878913!4d110.3580244!9m1!1b1!16s%2Fg%2F11cn5rz87x?entry=ttu&g_ep=EgoyMDI2MDgxNy4wIKXMDSoASAFQAw%3D%3D",2026-08-21T03:35:08.867498+00:00
ce413935b57cd82e6d737529,dispertaru,Dinas Pertanahan dan Tata Ruang DIY,google_maps,Muh Afifuddin (Tegek Mania),"Penyerahan SK Gubernur DIY terkait pemanfaatan tanah desa untuk LP Maarif NU Kab.Sleman.
Menerapkan protokol kesehatan masa pandemi Covid-19",5.0,5 tahun lalu,"https://www.google.com/maps/place/Dinas+Pertanahan+Dan+Tata+Ruang+Daerah+Istimewa+Yogyakarta/@-7.787886,110.3554495,17z/data=!4m8!3m7!1s0x2e7a58231b97dd27:0xebed93772611b9c0!8m2!3d-7.7878913!4d110.3580244!9m1!1b1!16s%2Fg%2F11cn5rz87x?entry=ttu&g_ep=EgoyMDI2MDgxNy4wIKXMDSoASAFQAw%3D%3D",2026-08-21T03:35:08.964004+00:00
0e5932700a3e74888c49df12,dispertaru,Dinas Pertanahan dan Tata Ruang DIY,google_maps,Fairuzul Mumtaz,"Pegawainya ramah dan enak diajak diskusi. Bangunannya lama, padahal dinas ini sering bangun2. Hehehe...",5.0,4 tahun lalu,"https://www.google.com/maps/place/Dinas+Pertanahan+Dan+Tata+Ruang+Daerah+Istimewa+Yogyakarta/@-7.787886,110.3554495,17z/data=!4m8!3m7!1s0x2e7a58231b97dd27:0xebed93772611b9c0!8m2!3d-7.7878913!4d110.3580244!9m1!1b1!16s%2Fg%2F11cn5rz87x?entry=ttu&g_ep=EgoyMDI2MDgxNy4wIKXMDSoASAFQAw%3D%3D",2026-08-21T03:35:09.067510+00:00
0ea45f81a099714cd4d62c9e,dispertaru,Dinas Pertanahan dan Tata Ruang DIY,google_maps,Gesthi Ika Janti,"Dispertaru selaku pengampu kebijakan strategis bidang pertanahan dan tata ruang. Semakin informatif, adaptif, dan kompetitif. Meraih penghargaan Bhumandala Award kategori Pemanfaatan Informasi Geospasial pada tahun 2023. Peringkat Ke-IV Kategori Perangkat Daerah pada Kompetisi Budaya Pemerintahan di Lingkungan Pemda DIY Tahun 2024. Semoga kualitas pelayanan semakin meningkat yaaa..",5.0,setahun lalu,"https://www.google.com/maps/place/Dinas+Pertanahan+Dan+Tata+Ruang+Daerah+Istimewa+Yogyakarta/@-7.787886,110.3554495,17z/data=!4m8!3m7!1s0x2e7a58231b97dd27:0xebed93772611b9c0!8m2!3d-7.7878913!4d110.3580244!9m1!1b1!16s%2Fg%2F11cn5rz87x?entry=ttu&g_ep=EgoyMDI2MDgxNy4wIKXMDSoASAFQAw%3D%3D",2026-08-21T03:35:09.173115+00:00
ef283b10090eecc136636885,dispertaru,Dinas Pertanahan dan Tata Ruang DIY,google_maps,aditya wardhana,"Pelayanannya baik, ramah, koordinasi berjalan dengan sangat baik, informatif dan memberikan pandangan yang solutif. Proses permohonan data tidak bertelele2 dan sudah memiliki format yang jelas.. Mantab",5.0,setahun lalu,"https://www.google.com/maps/place/Dinas+Pertanahan+Dan+Tata+Ruang+Daerah+Istimewa+Yogyakarta/@-7.787886,110.3554495,17z/data=!4m8!3m7!1s0x2e7a58231b97dd27:0xebed93772611b9c0!8m2!3d-7.7878913!4d110.3580244!9m1!1b1!16s%2Fg%2F11cn5rz87x?entry=ttu&g_ep=EgoyMDI2MDgxNy4wIKXMDSoASAFQAw%3D%3D",2026-08-21T03:35:09.277268+00:00
5189ac3f3e906ac64373ef6f,dispertaru,Dinas Pertanahan dan Tata Ruang DIY,google_maps,Eka Nurcahyati,"Salah satu instansi dengan pelayanan yang satset, melakukan tugas fungsi secara tepat, semakin mengudara untuk Dinas Pertanahan dan Tata Ruang DIY ^^",5.0,setahun lalu,"https://www.google.com/maps/place/Dinas+Pertanahan+Dan+Tata+Ruang+Daerah+Istimewa+Yogyakarta/@-7.787886,110.3554495,17z/data=!4m8!3m7!1s0x2e7a58231b97dd27:0xebed93772611b9c0!8m2!3d-7.7878913!4d110.3580244!9m1!1b1!16s%2Fg%2F11cn5rz87x?entry=ttu&g_ep=EgoyMDI2MDgxNy4wIKXMDSoASAFQAw%3D%3D",2026-08-21T03:35:09.382315+00:00
6c8b3c7f3f826c14ad3713dc,dispertaru,Dinas Pertanahan dan Tata Ruang DIY,google_maps,Hellwa Atika,"Instansi dengan kualitas pelayanan yg optimal, ramah, dan menyenangkan. Selalu memberikan kualitas yg terbaik. Sukses selalu Dispertaru DIY 🥰 …",5.0,setahun lalu,"https://www.google.com/maps/place/Dinas+Pertanahan+Dan+Tata+Ruang+Daerah+Istimewa+Yogyakarta/@-7.787886,110.3554495,17z/data=!4m8!3m7!1s0x2e7a58231b97dd27:0xebed93772611b9c0!8m2!3d-7.7878913!4d110.3580244!9m1!1b1!16s%2Fg%2F11cn5rz87x?entry=ttu&g_ep=EgoyMDI2MDgxNy4wIKXMDSoASAFQAw%3D%3D",2026-08-21T03:35:09.484400+00:00
b0cd16e3353f4597d75a8686,dispertaru,Dinas Pertanahan dan Tata Ruang DIY,google_maps,Rifky Fajar,"Pelayanan terkait pertanahan dan tata ruang yang sat set, Pegawainya informatif dan solutif 👍👍 …",5.0,setahun lalu,"https://www.google.com/maps/place/Dinas+Pertanahan+Dan+Tata+Ruang+Daerah+Istimewa+Yogyakarta/@-7.787886,110.3554495,17z/data=!4m8!3m7!1s0x2e7a58231b97dd27:0xebed93772611b9c0!8m2!3d-7.7878913!4d110.3580244!9m1!1b1!16s%2Fg%2F11cn5rz87x?entry=ttu&g_ep=EgoyMDI2MDgxNy4wIKXMDSoASAFQAw%3D%3D",2026-08-21T04:05:25.903635+00:00
b0bdf91ef68acc9c9ba0ed10,dispertaru,Dinas Pertanahan dan Tata Ruang DIY,google_maps,Gunawan Wibisono,Gedungnya bekas perpustakaan jadinya perlu perawatan lebih sekitar atap yang beberapa titik mulai lapuk dan ditumbuhi rumput. Lahan parkir yang perlu penataan karena terbatasnya lahan. Namun lokasi di sini memang cocok karena mudah dicari.,3.0,8 tahun lalu,"https://www.google.com/maps/place/Dinas+Pertanahan+Dan+Tata+Ruang+Daerah+Istimewa+Yogyakarta/@-7.787886,110.3554495,17z/data=!4m8!3m7!1s0x2e7a58231b97dd27:0xebed93772611b9c0!8m2!3d-7.7878913!4d110.3580244!9m1!1b1!16s%2Fg%2F11cn5rz87x?entry=ttu&g_ep=EgoyMDI2MDgxNy4wIKXMDSoASAFQAw%3D%3D",2026-08-21T04:05:26.008429+00:00
592c5338c875f33fb131ed86,dispertaru,Dinas Pertanahan dan Tata Ruang DIY,google_maps,Sejuta Pelangi,"Bekas gedung perpustakaan yang sekarang sudah beralih fungsi menjadi kantor Dinas Pertanahan dan Tata Ruang. Terdiri dari dua lantai, tempat ini lumayan luas dan berlokasi strategis",4.0,7 tahun lalu,"https://www.google.com/maps/place/Dinas+Pertanahan+Dan+Tata+Ruang+Daerah+Istimewa+Yogyakarta/@-7.787886,110.3554495,17z/data=!4m8!3m7!1s0x2e7a58231b97dd27:0xebed93772611b9c0!8m2!3d-7.7878913!4d110.3580244!9m1!1b1!16s%2Fg%2F11cn5rz87x?entry=ttu&g_ep=EgoyMDI2MDgxNy4wIKXMDSoASAFQAw%3D%3D",2026-08-21T04:05:26.108677+00:00
25a8a6e9cc17032892031d99,dispertaru,Dinas Pertanahan dan Tata Ruang DIY,google_maps,Indri Rahmaningrum,Jam pelayanan sampai jam 16.00 wib tp saya datang dari jam 13.00-13.53 ruang sekertariat sepi tidak ada pelayanan,1.0,2 tahun lalu,"https://www.google.com/maps/place/Dinas+Pertanahan+Dan+Tata+Ruang+Daerah+Istimewa+Yogyakarta/@-7.787886,110.3554495,17z/data=!4m8!3m7!1s0x2e7a58231b97dd27:0xebed93772611b9c0!8m2!3d-7.7878913!4d110.3580244!9m1!1b1!16s%2Fg%2F11cn5rz87x?entry=ttu&g_ep=EgoyMDI2MDgxNy4wIKXMDSoASAFQAw%3D%3D",2026-08-21T04:05:26.212702+00:00
02983c7894b3d40cc2deab36,dispertaru,Dinas Pertanahan dan Tata Ruang DIY,google_maps,textileup,"Satu tahun yang lalu tempat ini adalah perpustakaan DIY, sekarang perpustakaan DIY sudah pindah ke dekat JEC dengan layanan sampai jam 9 malam.",4.0,9 tahun lalu,"https://www.google.com/maps/place/Dinas+Pertanahan+Dan+Tata+Ruang+Daerah+Istimewa+Yogyakarta/@-7.787886,110.3554495,17z/data=!4m8!3m7!1s0x2e7a58231b97dd27:0xebed93772611b9c0!8m2!3d-7.7878913!4d110.3580244!9m1!1b1!16s%2Fg%2F11cn5rz87x?entry=ttu&g_ep=EgoyMDI2MDgxNy4wIKXMDSoASAFQAw%3D%3D",2026-08-21T04:05:26.311253+00:00
813c906f1715c3bbce57728d,dispertaru,Dinas Pertanahan dan Tata Ruang DIY,google_maps,Arie Widya,"Pelayanan prima, pegawainya ramah dan solutif 👌 …",5.0,setahun lalu,"https://www.google.com/maps/place/Dinas+Pertanahan+Dan+Tata+Ruang+Daerah+Istimewa+Yogyakarta/@-7.787886,110.3554495,17z/data=!4m8!3m7!1s0x2e7a58231b97dd27:0xebed93772611b9c0!8m2!3d-7.7878913!4d110.3580244!9m1!1b1!16s%2Fg%2F11cn5rz87x?entry=ttu&g_ep=EgoyMDI2MDgxNy4wIKXMDSoASAFQAw%3D%3D",2026-08-21T04:05:26.410533+00:00
ab43474551d4ec9538d609d1,dispertaru,Dinas Pertanahan dan Tata Ruang DIY,google_maps,hasta diy,Tempat yang tepat untuk mencari informasi terkait pertanahan di DIY,5.0,setahun lalu,"https://www.google.com/maps/place/Dinas+Pertanahan+Dan+Tata+Ruang+Daerah+Istimewa+Yogyakarta/@-7.787886,110.3554495,17z/data=!4m8!3m7!1s0x2e7a58231b97dd27:0xebed93772611b9c0!8m2!3d-7.7878913!4d110.3580244!9m1!1b1!16s%2Fg%2F11cn5rz87x?entry=ttu&g_ep=EgoyMDI2MDgxNy4wIKXMDSoASAFQAw%3D%3D",2026-08-21T04:05:26.507741+00:00
a5c4e1656e8a1d756d392d80,dispertaru,Dinas Pertanahan dan Tata Ruang DIY,google_maps,wahyu saputra,Pelayanan sangat baik tolong dipertahankan,5.0,setahun lalu,"https://www.google.com/maps/place/Dinas+Pertanahan+Dan+Tata+Ruang+Daerah+Istimewa+Yogyakarta/@-7.787886,110.3554495,17z/data=!4m8!3m7!1s0x2e7a58231b97dd27:0xebed93772611b9c0!8m2!3d-7.7878913!4d110.3580244!9m1!1b1!16s%2Fg%2F11cn5rz87x?entry=ttu&g_ep=EgoyMDI2MDgxNy4wIKXMDSoASAFQAw%3D%3D",2026-08-21T04:05:26.604832+00:00
62849ee9bbaa9fb7750c2648,dispertaru,Dinas Pertanahan dan Tata Ruang DIY,google_maps,Wira,"Dari sini, untuk ke sini, dan hanya di sini. AngeL",5.0,5 bulan lalu,"https://www.google.com/maps/place/Dinas+Pertanahan+Dan+Tata+Ruang+Daerah+Istimewa+Yogyakarta/@-7.787886,110.3554495,17z/data=!4m8!3m7!1s0x2e7a58231b97dd27:0xebed93772611b9c0!8m2!3d-7.7878913!4d110.3580244!9m1!1b1!16s%2Fg%2F11cn5rz87x?entry=ttu&g_ep=EgoyMDI2MDgxNy4wIKXMDSoASAFQAw%3D%3D",2026-08-21T04:05:26.705571+00:00
5c0c5f24a2947f132ef81f89,dispertaru,Dinas Pertanahan dan Tata Ruang DIY,google_maps,Luk luk,"sangat memuaskan pelayanannya,",5.0,setahun lalu,"https://www.google.com/maps/place/Dinas+Pertanahan+Dan+Tata+Ruang+Daerah+Istimewa+Yogyakarta/@-7.787886,110.3554495,17z/data=!4m8!3m7!1s0x2e7a58231b97dd27:0xebed93772611b9c0!8m2!3d-7.7878913!4d110.3580244!9m1!1b1!16s%2Fg%2F11cn5rz87x?entry=ttu&g_ep=EgoyMDI2MDgxNy4wIKXMDSoASAFQAw%3D%3D",2026-08-21T04:05:26.808245+00:00
6de88d376cb065e525fcccac,dispertaru,Dinas Pertanahan dan Tata Ruang DIY,google_maps,Riana Desi Putri Ratmawati,Pelayanan cepat dan ramah 👍🏻 …,5.0,setahun lalu,"https://www.google.com/maps/place/Dinas+Pertanahan+Dan+Tata+Ruang+Daerah+Istimewa+Yogyakarta/@-7.787886,110.3554495,17z/data=!4m8!3m7!1s0x2e7a58231b97dd27:0xebed93772611b9c0!8m2!3d-7.7878913!4d110.3580244!9m1!1b1!16s%2Fg%2F11cn5rz87x?entry=ttu&g_ep=EgoyMDI2MDgxNy4wIKXMDSoASAFQAw%3D%3D",2026-08-21T04:05:26.909211+00:00
af7fac56ec254ee04a1e911a,dispertaru,Dinas Pertanahan dan Tata Ruang DIY,google_maps,sakti sakti,"Pegawainya ramah, pelayanan baik",5.0,setahun lalu,"https://www.google.com/maps/place/Dinas+Pertanahan+Dan+Tata+Ruang+Daerah+Istimewa+Yogyakarta/@-7.787886,110.3554495,17z/data=!4m8!3m7!1s0x2e7a58231b97dd27:0xebed93772611b9c0!8m2!3d-7.7878913!4d110.3580244!9m1!1b1!16s%2Fg%2F11cn5rz87x?entry=ttu&g_ep=EgoyMDI2MDgxNy4wIKXMDSoASAFQAw%3D%3D",2026-08-21T04:05:27.013601+00:00
6fc7c34df7298fa19c4215ba,dispertaru,Dinas Pertanahan dan Tata Ruang DIY,google_maps,Cak Fahri MH,Menjadi penting untuk mencari informasi awal terkait sengketa pertanahan di DIY...,4.0,3 tahun lalu,"https://www.google.com/maps/place/Dinas+Pertanahan+Dan+Tata+Ruang+Daerah+Istimewa+Yogyakarta/@-7.787886,110.3554495,17z/data=!4m8!3m7!1s0x2e7a58231b97dd27:0xebed93772611b9c0!8m2!3d-7.7878913!4d110.3580244!9m1!1b1!16s%2Fg%2F11cn5rz87x?entry=ttu&g_ep=EgoyMDI2MDgxNy4wIKXMDSoASAFQAw%3D%3D",2026-08-21T04:05:27.114125+00:00
39dc8298fcc250d7b7a5b897,dispertaru,Dinas Pertanahan dan Tata Ruang DIY,google_maps,Aloysius Gilang Andretti,Tempat tepat konsultasi seputar pertanahan di Yogyakarta.,5.0,setahun lalu,"https://www.google.com/maps/place/Dinas+Pertanahan+Dan+Tata+Ruang+Daerah+Istimewa+Yogyakarta/@-7.787886,110.3554495,17z/data=!4m8!3m7!1s0x2e7a58231b97dd27:0xebed93772611b9c0!8m2!3d-7.7878913!4d110.3580244!9m1!1b1!16s%2Fg%2F11cn5rz87x?entry=ttu&g_ep=EgoyMDI2MDgxNy4wIKXMDSoASAFQAw%3D%3D",2026-08-21T04:05:27.211084+00:00
8733e7f1e74e1ab72753cf58,dispertaru,Dinas Pertanahan dan Tata Ruang DIY,google_maps,Alfian Rizky,Pelayanannya cepat dan ramah 👍 …,5.0,setahun lalu,"https://www.google.com/maps/place/Dinas+Pertanahan+Dan+Tata+Ruang+Daerah+Istimewa+Yogyakarta/@-7.787886,110.3554495,17z/data=!4m8!3m7!1s0x2e7a58231b97dd27:0xebed93772611b9c0!8m2!3d-7.7878913!4d110.3580244!9m1!1b1!16s%2Fg%2F11cn5rz87x?entry=ttu&g_ep=EgoyMDI2MDgxNy4wIKXMDSoASAFQAw%3D%3D",2026-08-21T04:05:27.306986+00:00
0192de2804bc7476405bf3cc,dispertaru,Dinas Pertanahan dan Tata Ruang DIY,google_maps,Reyhan Majid,Pegawainya ramah dan cepat respon,5.0,setahun lalu,"https://www.google.com/maps/place/Dinas+Pertanahan+Dan+Tata+Ruang+Daerah+Istimewa+Yogyakarta/@-7.787886,110.3554495,17z/data=!4m8!3m7!1s0x2e7a58231b97dd27:0xebed93772611b9c0!8m2!3d-7.7878913!4d110.3580244!9m1!1b1!16s%2Fg%2F11cn5rz87x?entry=ttu&g_ep=EgoyMDI2MDgxNy4wIKXMDSoASAFQAw%3D%3D",2026-08-21T04:05:27.404807+00:00
4e8b3d77a2f07882f8955b5d,dispertaru,Dinas Pertanahan dan Tata Ruang DIY,google_maps,Sapto Nugroho,"Pegawainya ramah ramah, dan solutif",5.0,setahun lalu,"https://www.google.com/maps/place/Dinas+Pertanahan+Dan+Tata+Ruang+Daerah+Istimewa+Yogyakarta/@-7.787886,110.3554495,17z/data=!4m8!3m7!1s0x2e7a58231b97dd27:0xebed93772611b9c0!8m2!3d-7.7878913!4d110.3580244!9m1!1b1!16s%2Fg%2F11cn5rz87x?entry=ttu&g_ep=EgoyMDI2MDgxNy4wIKXMDSoASAFQAw%3D%3D",2026-08-21T04:05:27.497934+00:00
9200d096222c7e41f5f1f231,dispertaru,Dinas Pertanahan dan Tata Ruang DIY,google_maps,0212-helmi Liya putri,Semua pegawai disini ramah,5.0,Diedit setahun lalu,"https://www.google.com/maps/place/Dinas+Pertanahan+Dan+Tata+Ruang+Daerah+Istimewa+Yogyakarta/@-7.787886,110.3554495,17z/data=!4m8!3m7!1s0x2e7a58231b97dd27:0xebed93772611b9c0!8m2!3d-7.7878913!4d110.3580244!9m1!1b1!16s%2Fg%2F11cn5rz87x?entry=ttu&g_ep=EgoyMDI2MDgxNy4wIKXMDSoASAFQAw%3D%3D",2026-08-21T04:05:27.597156+00:00
25c1b3ff13d050a14e182710,dispertaru,Dinas Pertanahan dan Tata Ruang DIY,google_maps,Malikush,"ini dulu perpustakaan daerah, jaman kuliah sering kesini",4.0,5 tahun lalu,"https://www.google.com/maps/place/Dinas+Pertanahan+Dan+Tata+Ruang+Daerah+Istimewa+Yogyakarta/@-7.787886,110.3554495,17z/data=!4m8!3m7!1s0x2e7a58231b97dd27:0xebed93772611b9c0!8m2!3d-7.7878913!4d110.3580244!9m1!1b1!16s%2Fg%2F11cn5rz87x?entry=ttu&g_ep=EgoyMDI2MDgxNy4wIKXMDSoASAFQAw%3D%3D",2026-08-21T04:05:27.702136+00:00
d98f980c50b67beb25bec593,dispertaru,Dinas Pertanahan dan Tata Ruang DIY,google_maps,daru saputro,Pelayanan bagus dan tingkatkan,5.0,setahun lalu,"https://www.google.com/maps/place/Dinas+Pertanahan+Dan+Tata+Ruang+Daerah+Istimewa+Yogyakarta/@-7.787886,110.3554495,17z/data=!4m8!3m7!1s0x2e7a58231b97dd27:0xebed93772611b9c0!8m2!3d-7.7878913!4d110.3580244!9m1!1b1!16s%2Fg%2F11cn5rz87x?entry=ttu&g_ep=EgoyMDI2MDgxNy4wIKXMDSoASAFQAw%3D%3D",2026-08-21T04:05:27.802561+00:00
3db2de123d834047193c46c9,dispertaru,Dinas Pertanahan dan Tata Ruang DIY,google_maps,Dhea jhoty Putri,Pegawainya ramah dan informatif,5.0,setahun lalu,"https://www.google.com/maps/place/Dinas+Pertanahan+Dan+Tata+Ruang+Daerah+Istimewa+Yogyakarta/@-7.787886,110.3554495,17z/data=!4m8!3m7!1s0x2e7a58231b97dd27:0xebed93772611b9c0!8m2!3d-7.7878913!4d110.3580244!9m1!1b1!16s%2Fg%2F11cn5rz87x?entry=ttu&g_ep=EgoyMDI2MDgxNy4wIKXMDSoASAFQAw%3D%3D",2026-08-21T04:05:27.907736+00:00
d9e5d9e32c3e9b3e38983fcd,dispertaru,Dinas Pertanahan dan Tata Ruang DIY,google_maps,enno che,👍👍👍 …,5.0,setahun lalu,"https://www.google.com/maps/place/Dinas+Pertanahan+Dan+Tata+Ruang+Daerah+Istimewa+Yogyakarta/@-7.787886,110.3554495,17z/data=!4m8!3m7!1s0x2e7a58231b97dd27:0xebed93772611b9c0!8m2!3d-7.7878913!4d110.3580244!9m1!1b1!16s%2Fg%2F11cn5rz87x?entry=ttu&g_ep=EgoyMDI2MDgxNy4wIKXMDSoASAFQAw%3D%3D",2026-08-21T04:05:28.006280+00:00
f8f6b769336fc09848f2999a,dispertaru,Dinas Pertanahan dan Tata Ruang DIY,google_maps,Muhammad Alfyan,Pelayanan ramah dan cepat,5.0,setahun lalu,"https://www.google.com/maps/place/Dinas+Pertanahan+Dan+Tata+Ruang+Daerah+Istimewa+Yogyakarta/@-7.787886,110.3554495,17z/data=!4m8!3m7!1s0x2e7a58231b97dd27:0xebed93772611b9c0!8m2!3d-7.7878913!4d110.3580244!9m1!1b1!16s%2Fg%2F11cn5rz87x?entry=ttu&g_ep=EgoyMDI2MDgxNy4wIKXMDSoASAFQAw%3D%3D",2026-08-21T04:05:28.104622+00:00
fba9d8c7a1428ed6c67ade0d,dispertaru,Dinas Pertanahan dan Tata Ruang DIY,google_maps,Fajar Ithemz,Mantap,5.0,setahun lalu,"https://www.google.com/maps/place/Dinas+Pertanahan+Dan+Tata+Ruang+Daerah+Istimewa+Yogyakarta/@-7.787886,110.3554495,17z/data=!4m8!3m7!1s0x2e7a58231b97dd27:0xebed93772611b9c0!8m2!3d-7.7878913!4d110.3580244!9m1!1b1!16s%2Fg%2F11cn5rz87x?entry=ttu&g_ep=EgoyMDI2MDgxNy4wIKXMDSoASAFQAw%3D%3D",2026-08-21T04:05:28.207686+00:00
5f90d4840dd62034983137f8,dispertaru,Dinas Pertanahan dan Tata Ruang DIY,google_maps,Calvin Citra Karunia,Buruk,1.0,setahun lalu,"https://www.google.com/maps/place/Dinas+Pertanahan+Dan+Tata+Ruang+Daerah+Istimewa+Yogyakarta/@-7.787886,110.3554495,17z/data=!4m8!3m7!1s0x2e7a58231b97dd27:0xebed93772611b9c0!8m2!3d-7.7878913!4d110.3580244!9m1!1b1!16s%2Fg%2F11cn5rz87x?entry=ttu&g_ep=EgoyMDI2MDgxNy4wIKXMDSoASAFQAw%3D%3D",2026-08-21T04:05:28.304482+00:00
850dae0f502ac72a5b4b65f8,dispertaru,Dinas Pertanahan dan Tata Ruang DIY,google_maps,ajie mardana,Kooperatif,5.0,Diedit setahun lalu,"https://www.google.com/maps/place/Dinas+Pertanahan+Dan+Tata+Ruang+Daerah+Istimewa+Yogyakarta/@-7.787886,110.3554495,17z/data=!4m8!3m7!1s0x2e7a58231b97dd27:0xebed93772611b9c0!8m2!3d-7.7878913!4d110.3580244!9m1!1b1!16s%2Fg%2F11cn5rz87x?entry=ttu&g_ep=EgoyMDI2MDgxNy4wIKXMDSoASAFQAw%3D%3D",2026-08-21T04:05:28.451693+00:00
ce3db43bdb91d41e25c4e6b0,dispertaru,Dinas Pertanahan dan Tata Ruang DIY,google_maps,Tito Santoso,"""Kamu selalu tahu cara menyelesaikan pekerjaan dengan benar.""
bersoraklah...... :)",5.0,setahun lalu,"https://www.google.com/maps/place/Dinas+Pertanahan+Dan+Tata+Ruang+Daerah+Istimewa+Yogyakarta/@-7.787886,110.3554495,17z/data=!4m8!3m7!1s0x2e7a58231b97dd27:0xebed93772611b9c0!8m2!3d-7.7878913!4d110.3580244!9m1!1b1!16s%2Fg%2F11cn5rz87x?entry=ttu&g_ep=EgoyMDI2MDgxNy4wIKXMDSoASAFQAw%3D%3D",2026-08-21T04:05:28.543966+00:00
9857ade21924f5cfc373d1f1,dispertaru,Dinas Pertanahan dan Tata Ruang DIY,google_maps,Riyadi Budi,Dispertaru DIY Est. Januari 2016 👍 …,5.0,Diedit setahun lalu,"https://www.google.com/maps/place/Dinas+Pertanahan+Dan+Tata+Ruang+Daerah+Istimewa+Yogyakarta/@-7.787886,110.3554495,17z/data=!4m8!3m7!1s0x2e7a58231b97dd27:0xebed93772611b9c0!8m2!3d-7.7878913!4d110.3580244!9m1!1b1!16s%2Fg%2F11cn5rz87x?entry=ttu&g_ep=EgoyMDI2MDgxNy4wIKXMDSoASAFQAw%3D%3D",2026-08-21T04:05:28.642532+00:00
0d067c85a38700f2bfba2d0a,dispertaru,Dinas Pertanahan dan Tata Ruang DIY,google_maps,Hary L. Prabowo,Kundha Niti Mandala Sarta Tata Sasana,4.0,5 tahun lalu,"https://www.google.com/maps/place/Dinas+Pertanahan+Dan+Tata+Ruang+Daerah+Istimewa+Yogyakarta/@-7.787886,110.3554495,17z/data=!4m8!3m7!1s0x2e7a58231b97dd27:0xebed93772611b9c0!8m2!3d-7.7878913!4d110.3580244!9m1!1b1!16s%2Fg%2F11cn5rz87x?entry=ttu&g_ep=EgoyMDI2MDgxNy4wIKXMDSoASAFQAw%3D%3D",2026-08-21T04:05:28.746153+00:00
931324c01ee35c88722dfcd9,dispertaru,Dinas Pertanahan dan Tata Ruang DIY,google_maps,Aryan Indranu,Tempat yang bagus,5.0,3 tahun lalu,"https://www.google.com/maps/place/Dinas+Pertanahan+Dan+Tata+Ruang+Daerah+Istimewa+Yogyakarta/@-7.787886,110.3554495,17z/data=!4m8!3m7!1s0x2e7a58231b97dd27:0xebed93772611b9c0!8m2!3d-7.7878913!4d110.3580244!9m1!1b1!16s%2Fg%2F11cn5rz87x?entry=ttu&g_ep=EgoyMDI2MDgxNy4wIKXMDSoASAFQAw%3D%3D",2026-08-21T04:05:28.846548+00:00
641e1f5226bfd132600f6a41,dispertaru,Dinas Pertanahan dan Tata Ruang DIY,google_maps,Hanny Ulqia Queene Azki,👍🏻👍🏻👍🏻 …,5.0,setahun lalu,"https://www.google.com/maps/place/Dinas+Pertanahan+Dan+Tata+Ruang+Daerah+Istimewa+Yogyakarta/@-7.787886,110.3554495,17z/data=!4m8!3m7!1s0x2e7a58231b97dd27:0xebed93772611b9c0!8m2!3d-7.7878913!4d110.3580244!9m1!1b1!16s%2Fg%2F11cn5rz87x?entry=ttu&g_ep=EgoyMDI2MDgxNy4wIKXMDSoASAFQAw%3D%3D",2026-08-21T04:05:28.948017+00:00
4e71f360addc7dc0be2da133,dlhk,Dinas Lingkungan Hidup dan Kehutanan DIY,berita,LLDIKTI Wilayah V,"Dosen Institut Teknologi Yogyakarta Masrur Alatas Bawa FKPDAS DIY Raih Juara 3 Nasional Wana Lestari 2026 - LLDIKTI Wilayah V. <a href=""https://news.google.com/rss/articles/CBMi8gFBVV95cUxPd2dfeVJja2Q5VFFNVnlkRDE1VXVXMVNzVVV2UF9uRmIwYlhpR3JRY0YyWDd4OUREc01OaV9ValJydlRUT0RCQVA3Z3hDeE9vNW9rUmo0cmxHajBpU0N5VFUyVDdFcXEyYmwyY3U0V1VhYkhjVm1kS2Y3dzRPMVBIenlEV2ljSWlEd0FyVDZ0bkRlM0I1LXNFaTNKblZ4and4ZU5aR0ZjWHg3YW1tQjMzNWt3VXNyNlV4TXpic0NSV2xOVUwxeXR0WFJfa3dQSEJiTmQxMmI5d0daek12VUpyZUxMUlY1U3lBajA0Tm9NbFJMUQ?oc=5"" target=""_blank"">Dosen Institut Teknologi Yogyakarta Masrur Alatas Bawa FKPDAS DIY Raih Juara 3 Nasional Wana Lestari 2026</a>&nbsp;&nbsp;<font color=""#6f6f6f"">LLDIKTI Wilayah V</font>",,2026-08-15T07:00:00+00:00,https://news.google.com/rss/articles/CBMi8gFBVV95cUxPd2dfeVJja2Q5VFFNVnlkRDE1VXVXMVNzVVV2UF9uRmIwYlhpR3JRY0YyWDd4OUREc01OaV9ValJydlRUT0RCQVA3Z3hDeE9vNW9rUmo0cmxHajBpU0N5VFUyVDdFcXEyYmwyY3U0V1VhYkhjVm1kS2Y3dzRPMVBIenlEV2ljSWlEd0FyVDZ0bkRlM0I1LXNFaTNKblZ4and4ZU5aR0ZjWHg3YW1tQjMzNWt3VXNyNlV4TXpic0NSV2xOVUwxeXR0WFJfa3dQSEJiTmQxMmI5d0daek12VUpyZUxMUlY1U3lBajA0Tm9NbFJMUQ?oc=5,2026-08-21T03:54:43.017918+00:00
332b71a2bdcac85c0b61ac8c,dlhk,Dinas Lingkungan Hidup dan Kehutanan DIY,berita,Jogjaprov,"DIY Perkuat Aksi Nyata Hadapi Krisis Iklim - Jogjaprov. <a href=""https://news.google.com/rss/articles/CBMikAFBVV95cUxPVkh4bERmX0U0aFZMX21zcURjbHREejZneFdCQ09zdHVSaFJ5SlMwNUR3OS15eWIwNEJLb3BsNmYtZGFCeXpQVUhUaTlURFBBek4waGowNEtRZjNhSzE0TDZHaHV4SkNiWnpaOVF5Yi1tUWVMbExLU0dGZGhZRTNUMXZ4ajd5bGxOR0RTR1lPX2c?oc=5"" target=""_blank"">DIY Perkuat Aksi Nyata Hadapi Krisis Iklim</a>&nbsp;&nbsp;<font color=""#6f6f6f"">Jogjaprov</font>",,2026-06-18T07:00:00+00:00,https://news.google.com/rss/articles/CBMikAFBVV95cUxPVkh4bERmX0U0aFZMX21zcURjbHREejZneFdCQ09zdHVSaFJ5SlMwNUR3OS15eWIwNEJLb3BsNmYtZGFCeXpQVUhUaTlURFBBek4waGowNEtRZjNhSzE0TDZHaHV4SkNiWnpaOVF5Yi1tUWVMbExLU0dGZGhZRTNUMXZ4ajd5bGxOR0RTR1lPX2c?oc=5,2026-08-21T03:54:43.017918+00:00
23006cc0ac51243328580e07,dlhk,Dinas Lingkungan Hidup dan Kehutanan DIY,berita,Media Center Sembada,"DLHK DIY Berikan Pembinaan Pengelolaan Sampah Mandiri di Kranggan 2 Berbah - Media Center Sembada. <a href=""https://news.google.com/rss/articles/CBMivwFBVV95cUxPVnhDSkZuUmpfUnU5SWxQZjNkRzV5S1F1RlYyMTl4NjJPOU1rYjdaQkJmbDZOV3lXLTRoLUhLSXA4TkQ3T0VwQ0w3dEpjYTYzSG5oc0loSDNPNGItcXZqUEt1N3BBU2hPR291bllNZ1cyaXpOcWRfSjJFaDBodGJIelZPam5NSnFkY3N5V09xV05aekRvSFBGdWxJY0NqNFNQRlgtWnZsbFQ3eWtlYkF2WjA1UXFycUM2ZHk5bm1Fbw?oc=5"" target=""_blank"">DLHK DIY Berikan Pembinaan Pengelolaan Sampah Mandiri di Kranggan 2 Berbah</a>&nbsp;&nbsp;<font color=""#6f6f6f"">Media Center Sembada</font>",,2026-04-16T07:00:00+00:00,https://news.google.com/rss/articles/CBMivwFBVV95cUxPVnhDSkZuUmpfUnU5SWxQZjNkRzV5S1F1RlYyMTl4NjJPOU1rYjdaQkJmbDZOV3lXLTRoLUhLSXA4TkQ3T0VwQ0w3dEpjYTYzSG5oc0loSDNPNGItcXZqUEt1N3BBU2hPR291bllNZ1cyaXpOcWRfSjJFaDBodGJIelZPam5NSnFkY3N5V09xV05aekRvSFBGdWxJY0NqNFNQRlgtWnZsbFQ3eWtlYkF2WjA1UXFycUM2ZHk5bm1Fbw?oc=5,2026-08-21T03:54:43.017918+00:00
1d9f857dbbdc569df500055b,dlhk,Dinas Lingkungan Hidup dan Kehutanan DIY,berita,yogyakarta.bpk.go.id,"DLHK DIY Siapkan Evakuasi 900 Ton Sampah Saat Lebaran 2026 - yogyakarta.bpk.go.id. <a href=""https://news.google.com/rss/articles/CBMikgFBVV95cUxQSzNWejF2ek1WQkRCRmNGTlpYc3RxaDYyNmYtbC1NVElaWU1jZGZtVlBnS2ZqcUloUEpCY3dBSVlub2VPSmliMFhnaFBWMUlUZktDU1pPRjdJUVZEV3lSMU9EbW41OWg0cDhmSldNY2lzWEhQU0xFTGlpamRWdHNKN3Z1VmQ4TDkxMVlWWWRDWUlFQQ?oc=5"" target=""_blank"">DLHK DIY Siapkan Evakuasi 900 Ton Sampah Saat Lebaran 2026</a>&nbsp;&nbsp;<font color=""#6f6f6f"">yogyakarta.bpk.go.id</font>",,2026-07-14T08:57:28+00:00,https://news.google.com/rss/articles/CBMikgFBVV95cUxQSzNWejF2ek1WQkRCRmNGTlpYc3RxaDYyNmYtbC1NVElaWU1jZGZtVlBnS2ZqcUloUEpCY3dBSVlub2VPSmliMFhnaFBWMUlUZktDU1pPRjdJUVZEV3lSMU9EbW41OWg0cDhmSldNY2lzWEhQU0xFTGlpamRWdHNKN3Z1VmQ4TDkxMVlWWWRDWUlFQQ?oc=5,2026-08-21T03:54:43.017918+00:00
0f1fcb070d1727c0907b34db,dlhk,Dinas Lingkungan Hidup dan Kehutanan DIY,berita,ANTARA News Yogyakarta,"Pemda DIY pastikan pembangunan PSEL tak ganggu operasional TPST - ANTARA News Yogyakarta. <a href=""https://news.google.com/rss/articles/CBMiqgFBVV95cUxNQlJjbmN2ZWpIeGFKaGxJdTlOdzFqdUw2cHJFVVlwcXJKcXdPTXoxZVlhNWR6M2lqcktDX1J2UHNyRXVWNV9BRXVqbXZLem5VYU0tTlVKUjlFMjVEVGh3QUNyVG9xb2NxVlh2Q1l5Q1YyVWxfYU50YjFsNld4SHVsaTRNdlhzcGVBeGExZkUyRkNOcEx4TTNtNWdsZTI5OC1VeTJEVHo5ZGlkZw?oc=5"" target=""_blank"">Pemda DIY pastikan pembangunan PSEL tak ganggu operasional TPST</a>&nbsp;&nbsp;<font color=""#6f6f6f"">ANTARA News Yogyakarta</font>",,2026-07-23T07:00:00+00:00,https://news.google.com/rss/articles/CBMiqgFBVV95cUxNQlJjbmN2ZWpIeGFKaGxJdTlOdzFqdUw2cHJFVVlwcXJKcXdPTXoxZVlhNWR6M2lqcktDX1J2UHNyRXVWNV9BRXVqbXZLem5VYU0tTlVKUjlFMjVEVGh3QUNyVG9xb2NxVlh2Q1l5Q1YyVWxfYU50YjFsNld4SHVsaTRNdlhzcGVBeGExZkUyRkNOcEx4TTNtNWdsZTI5OC1VeTJEVHo5ZGlkZw?oc=5,2026-08-21T03:54:43.017918+00:00
ba98cace807841092dc04651,dlhk,Dinas Lingkungan Hidup dan Kehutanan DIY,berita,MediaMU,"Hadapi Masalah Sampah di DIY, Dinas LHK DIY Arahkan Pengelolaan Sampah Berkelanjutan dari Rumah - MediaMU. <a href=""https://news.google.com/rss/articles/CBMiuwFBVV95cUxPeHFpeDdfU3ZYSXZlblB1NVRtdmhWZ3B6RGNoeDN4cmRENEI0bTEta005Qk5IV2FHVEgyUDQxMGQ5cFhVVHJHT0dMNEFlY3Zob3NuTjZHajVDb2poUHU0VTc5TzFlZFFrYW1lT2hMS1pqRFVsZU9wR1dDUURyeFpKVzNpRVRHNHpJZjlhWDNKTWljMHpKak84SFBVYWFnb2x0c3RkRktBaHhEblNNMjFxcE5kTjYtRFlESE1N?oc=5"" target=""_blank"">Hadapi Masalah Sampah di DIY, Dinas LHK DIY Arahkan Pengelolaan Sampah Berkelanjutan dari Rumah</a>&nbsp;&nbsp;<font color=""#6f6f6f"">MediaMU</font>",,2026-02-28T08:00:00+00:00,https://news.google.com/rss/articles/CBMiuwFBVV95cUxPeHFpeDdfU3ZYSXZlblB1NVRtdmhWZ3B6RGNoeDN4cmRENEI0bTEta005Qk5IV2FHVEgyUDQxMGQ5cFhVVHJHT0dMNEFlY3Zob3NuTjZHajVDb2poUHU0VTc5TzFlZFFrYW1lT2hMS1pqRFVsZU9wR1dDUURyeFpKVzNpRVRHNHpJZjlhWDNKTWljMHpKak84SFBVYWFnb2x0c3RkRktBaHhEblNNMjFxcE5kTjYtRFlESE1N?oc=5,2026-08-21T03:54:43.017918+00:00
f8781e3fbd6f0a3aef58464e,dlhk,Dinas Lingkungan Hidup dan Kehutanan DIY,berita,Direktorat Jenderal KSDAE,"Artikel • Semarak Peringatan HUT Polisi Kehutanan ke-55 di Yogyakarta - Direktorat Jenderal KSDAE. <a href=""https://news.google.com/rss/articles/CBMiuAFBVV95cUxQckczSkhFUGJJX3lkSUZ3aHhvbDE0ZFNtWWJXTjBUNjJoVThFWnJzSmJyeW1zYVhURGN2WF9mdzAtV0hqVmxWTF9TNWNrU196N2RvVlVFdDA3WmFKbjlCWTNlR20xXy15WUhwTzFfekIwRnFPRWZCTDdyVTVXc184dFNFUUxObE15cTNkQlhrNU1PR3pKVFlMT2xJOUhkUTZBWEE3R3U2RDRGZFdGYl9SSmZfUzlGbjN6?oc=5"" target=""_blank"">Artikel • Semarak Peringatan HUT Polisi Kehutanan ke-55 di Yogyakarta</a>&nbsp;&nbsp;<font color=""#6f6f6f"">Direktorat Jenderal KSDAE</font>",,2026-01-08T11:47:28+00:00,https://news.google.com/rss/articles/CBMiuAFBVV95cUxQckczSkhFUGJJX3lkSUZ3aHhvbDE0ZFNtWWJXTjBUNjJoVThFWnJzSmJyeW1zYVhURGN2WF9mdzAtV0hqVmxWTF9TNWNrU196N2RvVlVFdDA3WmFKbjlCWTNlR20xXy15WUhwTzFfekIwRnFPRWZCTDdyVTVXc184dFNFUUxObE15cTNkQlhrNU1PR3pKVFlMT2xJOUhkUTZBWEE3R3U2RDRGZFdGYl9SSmZfUzlGbjN6?oc=5,2026-08-21T03:54:43.017918+00:00
f4ef6562d18a819761cbfb19,dlhk,Dinas Lingkungan Hidup dan Kehutanan DIY,berita,Jogjaprov,"DLHK dan DISPORA Melaju ke Final, Turnamen Voli Porpri Pemda... - Jogjaprov. <a href=""https://news.google.com/rss/articles/CBMivgFBVV95cUxPRlVsN2Fya1ZEZzlic2IyRUttQVpfRUVDeW9uc003aXFaVVZtRThlUV9hT096cFdvN3FOQ09xNHhkYXJxaVZVMGcyS1NIeDlKRkNUaUZfcGlQMjFZQzg0eW5kemFrQ2ExSmVVdTBYX0VhSGY1aGhyN2piLUE3SjFZdWhrZHNKVVRBV21YVWF6a085cVJPcEhCdF9HMWU4NVk4T240dTIyR3ZWeHlReXdzRno0blZydGhhaGlfVXlB?oc=5"" target=""_blank"">DLHK dan DISPORA Melaju ke Final, Turnamen Voli Porpri Pemda...</a>&nbsp;&nbsp;<font color=""#6f6f6f"">Jogjaprov</font>",,2026-07-23T07:00:00+00:00,https://news.google.com/rss/articles/CBMivgFBVV95cUxPRlVsN2Fya1ZEZzlic2IyRUttQVpfRUVDeW9uc003aXFaVVZtRThlUV9hT096cFdvN3FOQ09xNHhkYXJxaVZVMGcyS1NIeDlKRkNUaUZfcGlQMjFZQzg0eW5kemFrQ2ExSmVVdTBYX0VhSGY1aGhyN2piLUE3SjFZdWhrZHNKVVRBV21YVWF6a085cVJPcEhCdF9HMWU4NVk4T240dTIyR3ZWeHlReXdzRno0blZydGhhaGlfVXlB?oc=5,2026-08-21T03:54:43.017918+00:00
0c4a0b35c2306ff4fa144d5d,dlhk,Dinas Lingkungan Hidup dan Kehutanan DIY,berita,Kompas.com,"DLHK DIY Targetkan Selesai Pembangunan Hutan Kota di Eks TKP ABA Tahun Ini - Kompas.com. <a href=""https://news.google.com/rss/articles/CBMi0wFBVV95cUxQeWEwNWlEY3lzRUpkaVJQa2p0X1V2b0gtNmJfNnhrR2s5V3J0SDZNTFdIdEhKQUNOUFlUNTlBM1oxSjg5clZFTFBwSE1YelBrTUdaX0d0N0dRT1VOZUl0dzJnaWFZNDRoMldfSDdiNVpyX2tRS3diRXlqUFNzY05yMU1BNk1jTjFTaW9RLUxUTTJtS3dHc2QwVG5UOVJHVzFHQjkybDZwei1JZVljdFlhRi00TllaNVlubEV2eE1NdjlnWUYyNjNyMEZqOHNZMDY4T1JR?oc=5"" target=""_blank"">DLHK DIY Targetkan Selesai Pembangunan Hutan Kota di Eks TKP ABA Tahun Ini</a>&nbsp;&nbsp;<font color=""#6f6f6f"">Kompas.com</font>",,2026-02-02T08:00:00+00:00,https://news.google.com/rss/articles/CBMi0wFBVV95cUxQeWEwNWlEY3lzRUpkaVJQa2p0X1V2b0gtNmJfNnhrR2s5V3J0SDZNTFdIdEhKQUNOUFlUNTlBM1oxSjg5clZFTFBwSE1YelBrTUdaX0d0N0dRT1VOZUl0dzJnaWFZNDRoMldfSDdiNVpyX2tRS3diRXlqUFNzY05yMU1BNk1jTjFTaW9RLUxUTTJtS3dHc2QwVG5UOVJHVzFHQjkybDZwei1JZVljdFlhRi00TllaNVlubEV2eE1NdjlnWUYyNjNyMEZqOHNZMDY4T1JR?oc=5,2026-08-21T03:54:43.017918+00:00
05a268e432d112e0eb610600,dlhk,Dinas Lingkungan Hidup dan Kehutanan DIY,berita,Media Indonesia,"Pemda DIY Luncurkan Inovasi Teknologi Ramah Lingkungan Hadapi Krisis Iklim - Media Indonesia. <a href=""https://news.google.com/rss/articles/CBMiugFBVV95cUxPam82enAtQTIzQm5xU0N5VU81R3ZKOURyeGhNTUdobFV0SFB2QU9MT2tSNjFRMGt2WUZtX1NwVDNTYm9RN1p3M0swMUZOdWJXTHRzTE9iU1pvWFhhWkd5dWxqZU1COWRIZHRLWEVpajVSN3hnRF9RTEhsTHRLb1BEM1VYZ1pNaVFMbzQxTG00TkNrNWd0aWE0NXRWNzlHVy1jTTcwVHg0VDlCSDZCd1ZVLXJzN3NJMUJPQ1E?oc=5"" target=""_blank"">Pemda DIY Luncurkan Inovasi Teknologi Ramah Lingkungan Hadapi Krisis Iklim</a>&nbsp;&nbsp;<font color=""#6f6f6f"">Media Indonesia</font>",,2026-06-18T07:00:00+00:00,https://news.google.com/rss/articles/CBMiugFBVV95cUxPam82enAtQTIzQm5xU0N5VU81R3ZKOURyeGhNTUdobFV0SFB2QU9MT2tSNjFRMGt2WUZtX1NwVDNTYm9RN1p3M0swMUZOdWJXTHRzTE9iU1pvWFhhWkd5dWxqZU1COWRIZHRLWEVpajVSN3hnRF9RTEhsTHRLb1BEM1VYZ1pNaVFMbzQxTG00TkNrNWd0aWE0NXRWNzlHVy1jTTcwVHg0VDlCSDZCd1ZVLXJzN3NJMUJPQ1E?oc=5,2026-08-21T03:54:43.017918+00:00
16d11d3bbd361386bc6a265c,dlhk,Dinas Lingkungan Hidup dan Kehutanan DIY,berita,RM.ID,"Kolaborasi CSR PLN EPI Antar Padukuhan Jomblang Tengah Raih Penghargaan - RM.ID. <a href=""https://news.google.com/rss/articles/CBMiuwFBVV95cUxQYzdjU2JWTThzTUFDd3BDcDREdFgtempRWi1ieWp2NGJ0WFh6NnN0TDlZcUZ2Y2tsUkN0THlfVFRMVVFrYjV4NFVyeGdENHEwXzA5S09LdjhIbGtkMGc2eDBoWDBJLUlFczExX013bWwzRElpM24yM2lYSWhwSjItbmwta2tTYTlsSHZrZjROOVBUczBib1ZVUlZlOG9Lb3gyNnJvVXdRLURpaC1HS0xvdGtkbU1HMTZPNlNR?oc=5"" target=""_blank"">Kolaborasi CSR PLN EPI Antar Padukuhan Jomblang Tengah Raih Penghargaan</a>&nbsp;&nbsp;<font color=""#6f6f6f"">RM.ID</font>",,2026-06-19T07:00:00+00:00,https://news.google.com/rss/articles/CBMiuwFBVV95cUxQYzdjU2JWTThzTUFDd3BDcDREdFgtempRWi1ieWp2NGJ0WFh6NnN0TDlZcUZ2Y2tsUkN0THlfVFRMVVFrYjV4NFVyeGdENHEwXzA5S09LdjhIbGtkMGc2eDBoWDBJLUlFczExX013bWwzRElpM24yM2lYSWhwSjItbmwta2tTYTlsSHZrZjROOVBUczBib1ZVUlZlOG9Lb3gyNnJvVXdRLURpaC1HS0xvdGtkbU1HMTZPNlNR?oc=5,2026-08-21T03:54:43.017918+00:00
1268d0a7bbd4cfea6caaf3ca,dlhk,Dinas Lingkungan Hidup dan Kehutanan DIY,berita,VIVA Jogja,"Gerobak Listrik DIY Teguhkan Komitmen Aksi hadapi dampak Krisis Iklim - VIVA Jogja. <a href=""https://news.google.com/rss/articles/CBMiqAFBVV95cUxOVTRsenp1YmQ2VF8wbDhJcEc2akQydHJoWFBQeHRHSWZTdVE0bFpZaU1VVy10NksyZV9tLVpFTFhyQkxCbWEyOFdBSm9WOFYzTWZpa3hET0ZJSFJWVWZ6SkFScTRNUkZUdzZxcS1fY0p2d1JxckpHYllrczdZZmF0NEs4UUlNX1dubWd0ZEhRN3ktTDZ3aFZJMWwzd1NCR0VXZlJWRVlDRnjSAa4BQVVfeXFMUGItN2hBdGY4bXh0eE1sSVVCYmpiYXNVZVhBZW1JOWZQeDh0bXpERkE4Tl9lWGw5c1VkZnFPcHRKZGFlUTFibTY3Y2x0QkVlZ2ZTSE9VdndvRjd0NXY2UjdydmJ2RnhUVjkxYkVlMXc3VEh5M1E3VXJNUm5GRG16SWdPQnI3dzlKLWYxSFpxazRNVVVneVVTR05YVF8xVkkxNFd2VFh2X0Nta2FXcDRB?oc=5"" target=""_blank"">Gerobak Listrik DIY Teguhkan Komitmen Aksi hadapi dampak Krisis Iklim</a>&nbsp;&nbsp;<font color=""#6f6f6f"">VIVA Jogja</font>",,2026-06-18T07:00:00+00:00,https://news.google.com/rss/articles/CBMiqAFBVV95cUxOVTRsenp1YmQ2VF8wbDhJcEc2akQydHJoWFBQeHRHSWZTdVE0bFpZaU1VVy10NksyZV9tLVpFTFhyQkxCbWEyOFdBSm9WOFYzTWZpa3hET0ZJSFJWVWZ6SkFScTRNUkZUdzZxcS1fY0p2d1JxckpHYllrczdZZmF0NEs4UUlNX1dubWd0ZEhRN3ktTDZ3aFZJMWwzd1NCR0VXZlJWRVlDRnjSAa4BQVVfeXFMUGItN2hBdGY4bXh0eE1sSVVCYmpiYXNVZVhBZW1JOWZQeDh0bXpERkE4Tl9lWGw5c1VkZnFPcHRKZGFlUTFibTY3Y2x0QkVlZ2ZTSE9VdndvRjd0NXY2UjdydmJ2RnhUVjkxYkVlMXc3VEh5M1E3VXJNUm5GRG16SWdPQnI3dzlKLWYxSFpxazRNVVVneVVTR05YVF8xVkkxNFd2VFh2X0Nta2FXcDRB?oc=5,2026-08-21T03:54:43.017918+00:00
95d815c5ff778223ba063c47,dlhk,Dinas Lingkungan Hidup dan Kehutanan DIY,berita,Pemerintah Kabupaten Bantul,"Dinas Lingkungan Hidup dan Kehutanan DIY Canangkan Agroforestry Di Alas Pengkol Sriharjo - Pemerintah Kabupaten Bantul. <a href=""https://news.google.com/rss/articles/CBMi0gFBVV95cUxONDNDWkd5RDlzYjY0cEZPNHU0LVZob1lDSE5PbnRJZHBJU2ltVWJSMzhET1NtNmVRVXp0UTRJVk10NTV0d1BQVFFDYllKcHhsdTZvY1FiMlJtX3ZtX0E5ME94bGNVRWk3TGp5YUYtVzRwM3dWTXdmanpEWGVaQXhueklOb2VGUlpaTnp6MGNodmJfMzA3RzRXNkRlby1aamw3VEhCVGUweHZfZFRhcFV4MnNYTFRRR1pjWU9kZDFLSjJJUnA3dVNFaTRlc2EyejE1Qnc?oc=5"" target=""_blank"">Dinas Lingkungan Hidup dan Kehutanan DIY Canangkan Agroforestry Di Alas Pengkol Sriharjo</a>&nbsp;&nbsp;<font color=""#6f6f6f"">Pemerintah Kabupaten Bantul</font>",,2021-09-02T07:00:00+00:00,https://news.google.com/rss/articles/CBMi0gFBVV95cUxONDNDWkd5RDlzYjY0cEZPNHU0LVZob1lDSE5PbnRJZHBJU2ltVWJSMzhET1NtNmVRVXp0UTRJVk10NTV0d1BQVFFDYllKcHhsdTZvY1FiMlJtX3ZtX0E5ME94bGNVRWk3TGp5YUYtVzRwM3dWTXdmanpEWGVaQXhueklOb2VGUlpaTnp6MGNodmJfMzA3RzRXNkRlby1aamw3VEhCVGUweHZfZFRhcFV4MnNYTFRRR1pjWU9kZDFLSjJJUnA3dVNFaTRlc2EyejE1Qnc?oc=5,2026-08-21T03:54:43.018914+00:00
dfc8ed5e1afdeb75b22b70c4,dlhk,Dinas Lingkungan Hidup dan Kehutanan DIY,berita,Harian Jogja,"Pembangunan RTH Abu Bakar Ali Ditarget Mulai Pertengahan 2026 - Harian Jogja. <a href=""https://news.google.com/rss/articles/CBMirAFBVV95cUxPdzNwVEg3RF9VWTVxY0YyQUVqMElZbnM0RUd2Q29pSUNzNTVjOG9iYUV5MUY2dnA4bjduaVpuVkZGNjE0b0swbFF2NVM5RU1TMFhGSElObXZmYUN3OHk1V1pjNmdqYllvQnZyejdGWTZnd2RuSC0wRVRtekJjdEhLYmVhdmhCX0VTVWpNTjBlUWd4R1JoQ2JRWmltMnQtSHpZd2swS1FFUXVhbGd0?oc=5"" target=""_blank"">Pembangunan RTH Abu Bakar Ali Ditarget Mulai Pertengahan 2026</a>&nbsp;&nbsp;<font color=""#6f6f6f"">Harian Jogja</font>",,2026-02-06T08:00:00+00:00,https://news.google.com/rss/articles/CBMirAFBVV95cUxPdzNwVEg3RF9VWTVxY0YyQUVqMElZbnM0RUd2Q29pSUNzNTVjOG9iYUV5MUY2dnA4bjduaVpuVkZGNjE0b0swbFF2NVM5RU1TMFhGSElObXZmYUN3OHk1V1pjNmdqYllvQnZyejdGWTZnd2RuSC0wRVRtekJjdEhLYmVhdmhCX0VTVWpNTjBlUWd4R1JoQ2JRWmltMnQtSHpZd2swS1FFUXVhbGd0?oc=5,2026-08-21T03:54:43.018914+00:00
12d1187b48d99c77c982c1a0,dlhk,Dinas Lingkungan Hidup dan Kehutanan DIY,berita,Media Center Sembada,"BPDAS Serayu Opak Progo Gelar Penanaman Bersama Forum Koordinasi Pengelolaan DAS DIY untuk Perkuat Perlindungan Hulu DAS Opak - Media Center Sembada. <a href=""https://news.google.com/rss/articles/CBMigwJBVV95cUxNZGxlU3ZCcWpncHF1ajJoeU1MUEhCdXdJbU1KYmZzaHhhcnZBTnhXNUFVVml0ZUEydGpMOVhzNkdTMHByVGt2c0tXa1BHOE5QT1g1Rk5IS1FGektYUHMzWXR4U3pNVWt1eHdjczhsaDRlY0d0WmlPdDlRX2tlcnBnVHB4NkxWT3NER2JzVVZSZkRMSG9TazV1Q3d1Ml8tNUF2enBZOHlJOEp5RldvUzdOam13c1dYbXdPdkhqeG9zSUxRYWc2SEVKZFdvVHNDeDJ0cmF4ZXo2ZDA0eHZwSF9GeU1CVzdBdHlueGZod0RQSFY0TlBqQThObDA1dDJjamJNa2lV?oc=5"" target=""_blank"">BPDAS Serayu Opak Progo Gelar Penanaman Bersama Forum Koordinasi Pengelolaan DAS DIY untuk Perkuat Perlindungan Hulu DAS Opak</a>&nbsp;&nbsp;<font color=""#6f6f6f"">Media Center Sembada</font>",,2025-11-20T08:00:00+00:00,https://news.google.com/rss/articles/CBMigwJBVV95cUxNZGxlU3ZCcWpncHF1ajJoeU1MUEhCdXdJbU1KYmZzaHhhcnZBTnhXNUFVVml0ZUEydGpMOVhzNkdTMHByVGt2c0tXa1BHOE5QT1g1Rk5IS1FGektYUHMzWXR4U3pNVWt1eHdjczhsaDRlY0d0WmlPdDlRX2tlcnBnVHB4NkxWT3NER2JzVVZSZkRMSG9TazV1Q3d1Ml8tNUF2enBZOHlJOEp5RldvUzdOam13c1dYbXdPdkhqeG9zSUxRYWc2SEVKZFdvVHNDeDJ0cmF4ZXo2ZDA0eHZwSF9GeU1CVzdBdHlueGZod0RQSFY0TlBqQThObDA1dDJjamJNa2lV?oc=5,2026-08-21T03:54:43.018914+00:00
b68c881de5ecf731857c7779,dlhk,Dinas Lingkungan Hidup dan Kehutanan DIY,berita,ANTARA News Yogyakarta,"DLH Bantul menerjunkan tim awasi pembakaran sampah kawasan TPA Piyungan - ANTARA News Yogyakarta. <a href=""https://news.google.com/rss/articles/CBMitAFBVV95cUxOZVBnTDloYkY5blg5bURBYV93QTRHS3R5eTRFVi1rdkxxTFZZU0lSYkNoN3hfYVEwRG1BRy0xS1VncnozWXV3bUt0SG05RHpoUVJHSDBJMklCZWFnSzB6dGZVOTNSTnp1Skd1ZVNQNmNaYlZ1NHViYW0yN3Q5NEt0OTF1dXd5Tmd6TXF2OWFMdU9jSV8zOThvd0wzSVlHMFJqTlE3YU14OHB6V2l2RlliT3o1bm0?oc=5"" target=""_blank"">DLH Bantul menerjunkan tim awasi pembakaran sampah kawasan TPA Piyungan</a>&nbsp;&nbsp;<font color=""#6f6f6f"">ANTARA News Yogyakarta</font>",,2026-02-03T08:00:00+00:00,https://news.google.com/rss/articles/CBMitAFBVV95cUxOZVBnTDloYkY5blg5bURBYV93QTRHS3R5eTRFVi1rdkxxTFZZU0lSYkNoN3hfYVEwRG1BRy0xS1VncnozWXV3bUt0SG05RHpoUVJHSDBJMklCZWFnSzB6dGZVOTNSTnp1Skd1ZVNQNmNaYlZ1NHViYW0yN3Q5NEt0OTF1dXd5Tmd6TXF2OWFMdU9jSV8zOThvd0wzSVlHMFJqTlE3YU14OHB6V2l2RlliT3o1bm0?oc=5,2026-08-21T03:54:43.018914+00:00
e35faa5eb80995641d46dd88,dlhk,Dinas Lingkungan Hidup dan Kehutanan DIY,berita,Kompas.com,"DLHK DIY Tutup TPA Piyungan, Wali Kota Yogyakarta Hasto Wardoyo Target Selesaikan Sampah Organik - Kompas.com. <a href=""https://news.google.com/rss/articles/CBMiwwFBVV95cUxOdGNYZnBjYThDMlhfeENaWEN0ME5UUGZueW9yUUNwUE5pdUQ3NXItRXFCZDZ6Z1ZlWkxZcUprWWVVTGJubUZ6UGxfOWJpemxoZlgwVjhETkRPNjhzWHAwV0FmV1M1QUJ6UmQ3aDBTaWkzUjBmcGltWllCV2NwTjdrWE9IM005Ri16WldaMkRiNWtJWHE1MUdmRHVvLWZVUjJnNkxSaU9rOEpQdGNXT1dRU0dIU0JEdjJIT3pob3FGQTUydzQ?oc=5"" target=""_blank"">DLHK DIY Tutup TPA Piyungan, Wali Kota Yogyakarta Hasto Wardoyo Target Selesaikan Sampah Organik</a>&nbsp;&nbsp;<font color=""#6f6f6f"">Kompas.com</font>",,2026-01-19T08:00:00+00:00,https://news.google.com/rss/articles/CBMiwwFBVV95cUxOdGNYZnBjYThDMlhfeENaWEN0ME5UUGZueW9yUUNwUE5pdUQ3NXItRXFCZDZ6Z1ZlWkxZcUprWWVVTGJubUZ6UGxfOWJpemxoZlgwVjhETkRPNjhzWHAwV0FmV1M1QUJ6UmQ3aDBTaWkzUjBmcGltWllCV2NwTjdrWE9IM005Ri16WldaMkRiNWtJWHE1MUdmRHVvLWZVUjJnNkxSaU9rOEpQdGNXT1dRU0dIU0JEdjJIT3pob3FGQTUydzQ?oc=5,2026-08-21T03:54:43.018914+00:00
5db65c78b5fa5a52a8efb7d8,dlhk,Dinas Lingkungan Hidup dan Kehutanan DIY,berita,Pramuka DIY,"Menyongsong Perkemahan Wirakarya 2025, Panitia Melakukan Audiensi ke DLHK DIY - Pramuka DIY. <a href=""https://news.google.com/rss/articles/CBMipAFBVV95cUxNdnZyMkZ3V240Q0tlS2ZSaWQyRVB3NVdpeXhYeW1GUzI5RHVEdk9uVUxwOGtkVGl2bzNDeEUyamIwYkFJcGdFR3hGNGpVMjU0RWJEZWhXQnpuS1J4VnRKSXY2R0xyZ3BPUGxvaTYxd1J1eGVjS3NIdXBKbmExY2lsWDdZeEJSNlc0U2FuNnZsUW1WRDJQMU1mT0FMTVF0TnZjaXdvWQ?oc=5"" target=""_blank"">Menyongsong Perkemahan Wirakarya 2025, Panitia Melakukan Audiensi ke DLHK DIY</a>&nbsp;&nbsp;<font color=""#6f6f6f"">Pramuka DIY</font>",,2025-06-04T07:00:00+00:00,https://news.google.com/rss/articles/CBMipAFBVV95cUxNdnZyMkZ3V240Q0tlS2ZSaWQyRVB3NVdpeXhYeW1GUzI5RHVEdk9uVUxwOGtkVGl2bzNDeEUyamIwYkFJcGdFR3hGNGpVMjU0RWJEZWhXQnpuS1J4VnRKSXY2R0xyZ3BPUGxvaTYxd1J1eGVjS3NIdXBKbmExY2lsWDdZeEJSNlc0U2FuNnZsUW1WRDJQMU1mT0FMTVF0TnZjaXdvWQ?oc=5,2026-08-21T03:54:43.018914+00:00
f25386a7df6981df9ed0d2d0,dlhk,Dinas Lingkungan Hidup dan Kehutanan DIY,berita,Media Center Sembada,"DLHK DIY Gelar Pembinaan Pengelolaan Sampah Mandiri bagi Fasilitator Kabupaten Sleman - Media Center Sembada. <a href=""https://news.google.com/rss/articles/CBMizgFBVV95cUxNc1kxRTZiLXZXemFBUDh0aURKeG9yNzdwX0l0U2FTRXdJTEN3eUdvcTZPbVc3R29ndkc4bVlxTWVkNWNpVVBTaDU2Y3VEamZ4ekFHeGpqWUpnZzFxc2RsYkpiMFVFVDFkUk5PZmphb3JUWktNcmE3Tml5OHAxc3hqSzhDMDUxaE55aFFLLVZLZ0JhVWdISERRVHM0NlVVejZ5MDdQNlUxSVFCanF2a0RwOFRLS3Rmb3NmM0syaHByR0cxSHYtWV9xVGEzTElPQQ?oc=5"" target=""_blank"">DLHK DIY Gelar Pembinaan Pengelolaan Sampah Mandiri bagi Fasilitator Kabupaten Sleman</a>&nbsp;&nbsp;<font color=""#6f6f6f"">Media Center Sembada</font>",,2025-06-20T07:00:00+00:00,https://news.google.com/rss/articles/CBMizgFBVV95cUxNc1kxRTZiLXZXemFBUDh0aURKeG9yNzdwX0l0U2FTRXdJTEN3eUdvcTZPbVc3R29ndkc4bVlxTWVkNWNpVVBTaDU2Y3VEamZ4ekFHeGpqWUpnZzFxc2RsYkpiMFVFVDFkUk5PZmphb3JUWktNcmE3Tml5OHAxc3hqSzhDMDUxaE55aFFLLVZLZ0JhVWdISERRVHM0NlVVejZ5MDdQNlUxSVFCanF2a0RwOFRLS3Rmb3NmM0syaHByR0cxSHYtWV9xVGEzTElPQQ?oc=5,2026-08-21T03:54:43.018914+00:00
fd4ce5d5dd32a0158a8f187a,dlhk,Dinas Lingkungan Hidup dan Kehutanan DIY,berita,Media Center Sembada,"DLHK DIY Gelar Pembinaan Pengelolaan Sampah Mandiri Warga Wonosari Turi - Media Center Sembada. <a href=""https://news.google.com/rss/articles/CBMiuwFBVV95cUxOWTNPX293aTVTaFIwWnBMWTN2bmtueC1tbWZOdzJ2SEdnb294Ukk1Vk5tWFdxXy1pQlBlb1A0UmpGdjI2NlFvbHdsOW5zdV9yZFNrMjh4TEdNRnlyUlhrZTcwSmNnMU5KbVBEVFV5Zlp6VE9UamdjTUhPY1laZHh5OHRRcUVEQlJYZlM5Mzd3ZXRWbHNkclZhclVQOF84M3dMZ1lweHViWHhNQ2V4WGluR0RfQkNtc2gyUlpr?oc=5"" target=""_blank"">DLHK DIY Gelar Pembinaan Pengelolaan Sampah Mandiri Warga Wonosari Turi</a>&nbsp;&nbsp;<font color=""#6f6f6f"">Media Center Sembada</font>",,2024-05-08T07:00:00+00:00,https://news.google.com/rss/articles/CBMiuwFBVV95cUxOWTNPX293aTVTaFIwWnBMWTN2bmtueC1tbWZOdzJ2SEdnb294Ukk1Vk5tWFdxXy1pQlBlb1A0UmpGdjI2NlFvbHdsOW5zdV9yZFNrMjh4TEdNRnlyUlhrZTcwSmNnMU5KbVBEVFV5Zlp6VE9UamdjTUhPY1laZHh5OHRRcUVEQlJYZlM5Mzd3ZXRWbHNkclZhclVQOF84M3dMZ1lweHViWHhNQ2V4WGluR0RfQkNtc2gyUlpr?oc=5,2026-08-21T03:54:43.018914+00:00
db6abdeeebb292a82be109f9,dlhk,Dinas Lingkungan Hidup dan Kehutanan DIY,berita,Jogjaprov,"Detail Berita | Portal Resmi PEMDA DIY - Jogjaprov. <a href=""https://news.google.com/rss/articles/CBMiwAFBVV95cUxPZkNZRWtsSmVvdUJmZFpvSnI5cGFhaW04QmRsNmdfYTBDTjV4QVdzRGhfSjB6SjUzVG41TlBUX0x0R3lSblVGMmFBaFl5RWZ5TmFFT0psdGlDUmtfTTVDMGc0QmJVZFNhVmpibUMtY3FVU2lDZUVFeGE0V21WVVFIbkxaS1BwcUx5bTBKamoxcEhZVnJzUm9pQ21RbmdFZ1NzSkNmSXF0bklaQ3B0eUxNZlpqbUV0SUhNT2FJb1h2eHc?oc=5"" target=""_blank"">Detail Berita | Portal Resmi PEMDA DIY</a>&nbsp;&nbsp;<font color=""#6f6f6f"">Jogjaprov</font>",,2025-05-31T07:00:00+00:00,https://news.google.com/rss/articles/CBMiwAFBVV95cUxPZkNZRWtsSmVvdUJmZFpvSnI5cGFhaW04QmRsNmdfYTBDTjV4QVdzRGhfSjB6SjUzVG41TlBUX0x0R3lSblVGMmFBaFl5RWZ5TmFFT0psdGlDUmtfTTVDMGc0QmJVZFNhVmpibUMtY3FVU2lDZUVFeGE0V21WVVFIbkxaS1BwcUx5bTBKamoxcEhZVnJzUm9pQ21RbmdFZ1NzSkNmSXF0bklaQ3B0eUxNZlpqbUV0SUhNT2FJb1h2eHc?oc=5,2026-08-21T03:54:43.018914+00:00
4ea691eb7867811c09439611,dlhk,Dinas Lingkungan Hidup dan Kehutanan DIY,berita,Kompas.id,"Berpacu Menjinakkan Bom Waktu Sampah di DIY - Kompas.id. <a href=""https://news.google.com/rss/articles/CBMifkFVX3lxTE50c1FUdFVuY2EyX09GTWJrbUJDZmM5SnYybnZ0aDBLSERGbDlFbmh6TWFhQzg1MTlBdGRTVnl0eEd0bFJpUVNYR05qNy1kVU1uUUkwZG5uQklDUm11RTJtMlJsNTVyU1djQ1AtcGc4OVprcS03cENxYlZnbVpWQQ?oc=5"" target=""_blank"">Berpacu Menjinakkan Bom Waktu Sampah di DIY</a>&nbsp;&nbsp;<font color=""#6f6f6f"">Kompas.id</font>",,2024-03-08T08:00:00+00:00,https://news.google.com/rss/articles/CBMifkFVX3lxTE50c1FUdFVuY2EyX09GTWJrbUJDZmM5SnYybnZ0aDBLSERGbDlFbmh6TWFhQzg1MTlBdGRTVnl0eEd0bFJpUVNYR05qNy1kVU1uUUkwZG5uQklDUm11RTJtMlJsNTVyU1djQ1AtcGc4OVprcS03cENxYlZnbVpWQQ?oc=5,2026-08-21T03:54:43.018914+00:00
cbd0a9f68cb5ee7075e1fdd8,dlhk,Dinas Lingkungan Hidup dan Kehutanan DIY,berita,Kompas.id,"Atasi Masalah di TPST Piyungan, Pemprov DIY Cari Investor untuk Olah Sampah - Kompas.id. <a href=""https://news.google.com/rss/articles/CBMipAFBVV95cUxQcS0wYWEwdy15VlRMa3hNLU42Vld4REs5bnNBM0t2NUxVUGxWRFRWaHo0MVVtbDFpQTJWOW54bmZUTkFHRnNTdS1IX3RBdFdYM3FhNnBSa2dNaExCYjNaUklKR0pGTUtycjBVTUljUEhEUDBOZE9IN3hKMjJEcFZXVWE1Vkx3UjVJWW9uVHd4cDFQMkt1bi11UEVXUzdZSHI0TkZhRA?oc=5"" target=""_blank"">Atasi Masalah di TPST Piyungan, Pemprov DIY Cari Investor untuk Olah Sampah</a>&nbsp;&nbsp;<font color=""#6f6f6f"">Kompas.id</font>",,2020-12-23T08:00:00+00:00,https://news.google.com/rss/articles/CBMipAFBVV95cUxQcS0wYWEwdy15VlRMa3hNLU42Vld4REs5bnNBM0t2NUxVUGxWRFRWaHo0MVVtbDFpQTJWOW54bmZUTkFHRnNTdS1IX3RBdFdYM3FhNnBSa2dNaExCYjNaUklKR0pGTUtycjBVTUljUEhEUDBOZE9IN3hKMjJEcFZXVWE1Vkx3UjVJWW9uVHd4cDFQMkt1bi11UEVXUzdZSHI0TkZhRA?oc=5,2026-08-21T03:54:43.018914+00:00
69369fe080b588f71ed5b605,dlhk,Dinas Lingkungan Hidup dan Kehutanan DIY,berita,Ombudsman Republik Indonesia,"Ombudsman DIY Sampaikan Saran ke Gubernur Terkait Pengelolaan Sampah Di Kartamantul (TPST Piyungan) - Ombudsman Republik Indonesia. <a href=""https://news.google.com/rss/articles/CBMi1wFBVV95cUxPRi1OaUE1eFNYSmxsZjhVR0ZiNnd6c3pwRFUySFB0NjNOdVhrSGdCRWNzN3AtUG5NMl95cDJzVllHUUlFemYxLUo0aW9fMVFmWVpuUFlwbWVUcE5yclBPVGRkc1gzLVdzMXlFeHNQeGcwWEN1NXotaHZ0U252cENNSlJISE0tNERHb1ZrOUlFQnY1cXQ0SnV2NkhxM2JDZVFmUm5JTlliV0lkTlNucDZLVGlCNjk3MFlwZm5qNGdETGVYLVVvNk1uVjR1cFVINjNRV0wxbkpNdw?oc=5"" target=""_blank"">Ombudsman DIY Sampaikan Saran ke Gubernur Terkait Pengelolaan Sampah Di Kartamantul (TPST Piyungan)</a>&nbsp;&nbsp;<font color=""#6f6f6f"">Ombudsman Republik Indonesia</font>",,2020-04-28T07:00:00+00:00,https://news.google.com/rss/articles/CBMi1wFBVV95cUxPRi1OaUE1eFNYSmxsZjhVR0ZiNnd6c3pwRFUySFB0NjNOdVhrSGdCRWNzN3AtUG5NMl95cDJzVllHUUlFemYxLUo0aW9fMVFmWVpuUFlwbWVUcE5yclBPVGRkc1gzLVdzMXlFeHNQeGcwWEN1NXotaHZ0U252cENNSlJISE0tNERHb1ZrOUlFQnY1cXQ0SnV2NkhxM2JDZVFmUm5JTlliV0lkTlNucDZLVGlCNjk3MFlwZm5qNGdETGVYLVVvNk1uVjR1cFVINjNRV0wxbkpNdw?oc=5,2026-08-21T03:54:43.018914+00:00
c47401abdcb679f0fad1e726,dlhk,Dinas Lingkungan Hidup dan Kehutanan DIY,berita,Bakorwil Bojonegoro,"Bakorwil II Bojonegoro Gelar Rapat Koordinasi Pengolahan Limbah UMKM Ramah Lingkungan - Bakorwil Bojonegoro. <a href=""https://news.google.com/rss/articles/CBMivwFBVV95cUxOMW5KVEdYdmxGNk8wS08yWnZadjVXYWZIODZkc0VZckV4bHhiekN4Z1hZTkRWSlpIYnBuY0pkTGkyUzZ4RjRVRnlyR3QzVFNjQW04ZWk5dGwyODhsdnZJNUdhT2dEYWxVaklyV0FUcUZrWHNoRlRkYmdHUzFTdG5NbUw3dldBSnpTMlAwNkJoVlhKM2U0RFJrQUJnWHhJMzZEcksxdEZMblBkRTZCWDJXSWNqYXBpVG91eDZxNVJMMA?oc=5"" target=""_blank"">Bakorwil II Bojonegoro Gelar Rapat Koordinasi Pengolahan Limbah UMKM Ramah Lingkungan</a>&nbsp;&nbsp;<font color=""#6f6f6f"">Bakorwil Bojonegoro</font>",,2024-11-20T08:00:00+00:00,https://news.google.com/rss/articles/CBMivwFBVV95cUxOMW5KVEdYdmxGNk8wS08yWnZadjVXYWZIODZkc0VZckV4bHhiekN4Z1hZTkRWSlpIYnBuY0pkTGkyUzZ4RjRVRnlyR3QzVFNjQW04ZWk5dGwyODhsdnZJNUdhT2dEYWxVaklyV0FUcUZrWHNoRlRkYmdHUzFTdG5NbUw3dldBSnpTMlAwNkJoVlhKM2U0RFJrQUJnWHhJMzZEcksxdEZMblBkRTZCWDJXSWNqYXBpVG91eDZxNVJMMA?oc=5,2026-08-21T03:54:43.018914+00:00
7bd5531ea10721671b9ac023,dlhk,Dinas Lingkungan Hidup dan Kehutanan DIY,berita,ANTARA News,"DLHK DIY tunjuk sepuluh desa percontohan kelola sampah secara mandiri - ANTARA News. <a href=""https://news.google.com/rss/articles/CBMisAFBVV95cUxORDZPTzlTY0RNMUN2Wk8tNW45bnROeTRKOVJTX3VJVUYzaExGMjNwVzFfV2dmWTRnODFLUE4xdTNRNkdIX3IyRVJSN0pNTlllM1FPY2RIR3p1TDFfZFBwWFQyRjVZcUxTNzZVLUVibXZlTUZzdHRyZXUzZWhybjZac25MTmZqUkpOb2pvNXNHR21TRjYwOUZnZHdFQnRINTJRZHp0UzJsLWFudFlWNTZHX9IBswFBVV95cUxQRmU2YVNreEFrckJ2TV9aN2xEYkQzbjlSZ3R0Y3lCd0VmcXRDazNXZm5yTE5mR2JmelpKR0IzYV9aRWF3RjRoSVdlRmZ3VUtIbWJxa3pZaUFERmRLS3g5N1E4emhsVWtCZ216VjUzZjZhTUZXVVFTMGlxMkt6TlBXaFR6TlpEUS0yQWlYU3Q2WTlOc29lSFZ4QXJoa1JWOHJab1owUm9pLXdXcmNjUGx0ZmFXMA?oc=5"" target=""_blank"">DLHK DIY tunjuk sepuluh desa percontohan kelola sampah secara mandiri</a>&nbsp;&nbsp;<font color=""#6f6f6f"">ANTARA News</font>",,2023-08-02T07:00:00+00:00,https://news.google.com/rss/articles/CBMisAFBVV95cUxORDZPTzlTY0RNMUN2Wk8tNW45bnROeTRKOVJTX3VJVUYzaExGMjNwVzFfV2dmWTRnODFLUE4xdTNRNkdIX3IyRVJSN0pNTlllM1FPY2RIR3p1TDFfZFBwWFQyRjVZcUxTNzZVLUVibXZlTUZzdHRyZXUzZWhybjZac25MTmZqUkpOb2pvNXNHR21TRjYwOUZnZHdFQnRINTJRZHp0UzJsLWFudFlWNTZHX9IBswFBVV95cUxQRmU2YVNreEFrckJ2TV9aN2xEYkQzbjlSZ3R0Y3lCd0VmcXRDazNXZm5yTE5mR2JmelpKR0IzYV9aRWF3RjRoSVdlRmZ3VUtIbWJxa3pZaUFERmRLS3g5N1E4emhsVWtCZ216VjUzZjZhTUZXVVFTMGlxMkt6TlBXaFR6TlpEUS0yQWlYU3Q2WTlOc29lSFZ4QXJoa1JWOHJab1owUm9pLXdXcmNjUGx0ZmFXMA?oc=5,2026-08-21T03:54:43.018914+00:00
5aea5d1249f213cb5676c390,dlhk,Dinas Lingkungan Hidup dan Kehutanan DIY,berita,ANTARA News Yogyakarta,"DLHK DIY: Rehabilitasi lahan Merapi untuk meningkatkan kondisi tata air - ANTARA News Yogyakarta. <a href=""https://news.google.com/rss/articles/CBMiswFBVV95cUxQMGtyX3RCMzVEanlrbTg2NEZpQ3lyN2FnVGs2TGZhR1luTVJ1VkpSNm41QXpuU0JpckowUWE5TTQ5aTQ3OUUzaWRxY2RreHRXS2JsT01vQ3RFNTAtZGJwelJBWWFhcTQ3N014VjF1LU8zQTdFTnZYVUMzbG1uN2xiMFdjY2xWMmRkRVVReFVld0hCT21rNjBLazNia3JDZGxHa0NSX1ZYMEZZTXRpOW1mNDdxYw?oc=5"" target=""_blank"">DLHK DIY: Rehabilitasi lahan Merapi untuk meningkatkan kondisi tata air</a>&nbsp;&nbsp;<font color=""#6f6f6f"">ANTARA News Yogyakarta</font>",,2024-04-03T07:00:00+00:00,https://news.google.com/rss/articles/CBMiswFBVV95cUxQMGtyX3RCMzVEanlrbTg2NEZpQ3lyN2FnVGs2TGZhR1luTVJ1VkpSNm41QXpuU0JpckowUWE5TTQ5aTQ3OUUzaWRxY2RreHRXS2JsT01vQ3RFNTAtZGJwelJBWWFhcTQ3N014VjF1LU8zQTdFTnZYVUMzbG1uN2xiMFdjY2xWMmRkRVVReFVld0hCT21rNjBLazNia3JDZGxHa0NSX1ZYMEZZTXRpOW1mNDdxYw?oc=5,2026-08-21T03:54:43.018914+00:00
dcfd16475220274e202baa03,dlhk,Dinas Lingkungan Hidup dan Kehutanan DIY,berita,Pramuka DIY,"DLHK Yogyakarta Gelar Workshop Pengelolaan Sampah Mandiri di Kwarda DIY - Pramuka DIY. <a href=""https://news.google.com/rss/articles/CBMingFBVV95cUxNNGd4TUxhcmYyZU43RzVXelJpc3dBNjdRTm5JSVBVRVJ2T0dHcGRJUU9SUFdsVVJfSUVGWWM1NDBmUl9xZGhYWHA1NVZkUlJXTzRoYzNYNFNtSkJZaEZPQU5pZjhMV1cwWDIxeElRTlA2aVJhMGVzNTNjcUJYU25XcVBWemhWMDFESmg5MVc2OThqN1drTVdObjc5djRwUQ?oc=5"" target=""_blank"">DLHK Yogyakarta Gelar Workshop Pengelolaan Sampah Mandiri di Kwarda DIY</a>&nbsp;&nbsp;<font color=""#6f6f6f"">Pramuka DIY</font>",,2020-03-11T07:00:00+00:00,https://news.google.com/rss/articles/CBMingFBVV95cUxNNGd4TUxhcmYyZU43RzVXelJpc3dBNjdRTm5JSVBVRVJ2T0dHcGRJUU9SUFdsVVJfSUVGWWM1NDBmUl9xZGhYWHA1NVZkUlJXTzRoYzNYNFNtSkJZaEZPQU5pZjhMV1cwWDIxeElRTlA2aVJhMGVzNTNjcUJYU25XcVBWemhWMDFESmg5MVc2OThqN1drTVdObjc5djRwUQ?oc=5,2026-08-21T03:54:43.018914+00:00
a9927464d536e094fa79e27e,dlhk,Dinas Lingkungan Hidup dan Kehutanan DIY,berita,Suarajogja.id,"DIY Darurat Sampah Plastik? Kepala DLHK Akui Aturan Tak Efektif - Suarajogja.id. <a href=""https://news.google.com/rss/articles/CBMirgFBVV95cUxNai1IcUFNNnFfdTF0cDUzd1hGNV85S1BvUkVUZXc4TGhuMmdVM2ZUNGxHR2ZhM1VqQ3BfNjd5QXNnVXA2TnV0Vzh4OWl5Wk1CempzVGZCX3phdWFMaldHYmxTMERKMzNPT2JfQVhZWEh4SUxTbDJPZUo4RkkwZmY2bndkckxMYWxvYWZ3amRNTUtodE9jTGp1WmM2T05vZzJGTWZ5SE9wOWFzQlVVS0HSAbMBQVVfeXFMTUxrVkpualBnODRaVjhXNFNyUWRzS2UzX0dtakNvdGIyX2NmUnpOZlFsR0F6N1lkMXFwZXM1Qlg5akNLcTBmVkRRUnV5NlM5VGxHZGJPeENMdERDVDBYazM4eDhhZTBOcEtLUHhMbnFhMGpLY3JjcmNGSk85ZDRzOUpPLTNoNXhsVjRUWHA1ZndBNXdMQ3gxaFFtTk84TmN3RDdvb0w3aUlBSS1OX0w3NjJTemc?oc=5"" target=""_blank"">DIY Darurat Sampah Plastik? Kepala DLHK Akui Aturan Tak Efektif</a>&nbsp;&nbsp;<font color=""#6f6f6f"">Suarajogja.id</font>",,2025-07-01T07:00:00+00:00,https://news.google.com/rss/articles/CBMirgFBVV95cUxNai1IcUFNNnFfdTF0cDUzd1hGNV85S1BvUkVUZXc4TGhuMmdVM2ZUNGxHR2ZhM1VqQ3BfNjd5QXNnVXA2TnV0Vzh4OWl5Wk1CempzVGZCX3phdWFMaldHYmxTMERKMzNPT2JfQVhZWEh4SUxTbDJPZUo4RkkwZmY2bndkckxMYWxvYWZ3amRNTUtodE9jTGp1WmM2T05vZzJGTWZ5SE9wOWFzQlVVS0HSAbMBQVVfeXFMTUxrVkpualBnODRaVjhXNFNyUWRzS2UzX0dtakNvdGIyX2NmUnpOZlFsR0F6N1lkMXFwZXM1Qlg5akNLcTBmVkRRUnV5NlM5VGxHZGJPeENMdERDVDBYazM4eDhhZTBOcEtLUHhMbnFhMGpLY3JjcmNGSk85ZDRzOUpPLTNoNXhsVjRUWHA1ZndBNXdMQ3gxaFFtTk84TmN3RDdvb0w3aUlBSS1OX0w3NjJTemc?oc=5,2026-08-21T03:54:43.018914+00:00
373a813efc9f28b2d9eeba28,dlhk,Dinas Lingkungan Hidup dan Kehutanan DIY,berita,Harian Jogja,"DLHK DIY Minta Kabupaten-Kota Tangani Sampah Liar di Ring Road - Harian Jogja. <a href=""https://news.google.com/rss/articles/CBMirgFBVV95cUxNSTRaRjF6THM2eGNnZmt5U1NJOV8tVU0zbzUtUTJ6Zi10eWduRWMzVG56VGFnMGxiSXpfVjBFZzRkYWFLSHlhSkFuc2tXWWlqeEUzWGZraW5BdFhLdlM5ZUlqY3A2NVczMTRjWWVyeGtSNmVHSkNOZ29TWmtvamkybFdCN01vRzFQMlJ6UlBPTUxMZEx3eThLcl9GenMxWTZVMG9uTVhzYjBYa3hMRFE?oc=5"" target=""_blank"">DLHK DIY Minta Kabupaten-Kota Tangani Sampah Liar di Ring Road</a>&nbsp;&nbsp;<font color=""#6f6f6f"">Harian Jogja</font>",,2025-06-04T07:00:00+00:00,https://news.google.com/rss/articles/CBMirgFBVV95cUxNSTRaRjF6THM2eGNnZmt5U1NJOV8tVU0zbzUtUTJ6Zi10eWduRWMzVG56VGFnMGxiSXpfVjBFZzRkYWFLSHlhSkFuc2tXWWlqeEUzWGZraW5BdFhLdlM5ZUlqY3A2NVczMTRjWWVyeGtSNmVHSkNOZ29TWmtvamkybFdCN01vRzFQMlJ6UlBPTUxMZEx3eThLcl9GenMxWTZVMG9uTVhzYjBYa3hMRFE?oc=5,2026-08-21T03:54:43.018914+00:00
1970dc849962078beef4e2b2,dlhk,Dinas Lingkungan Hidup dan Kehutanan DIY,google_maps,Abdul Khanan,"Hallo assalamu'alaikum min, ini lampu jalan di depan stadion maguwoharjo Sleman yogyakarta mau putus bahaya banget kalo kena pengendara apalagi anak kecil, lampu jalan juga mati semua membahayakan sepeda motor yang ga pake lampu, segera di perbaiki min sebelum ada korban jiwa makasih🙏🙏🙏 …",5.0,setahun lalu,"https://www.google.com/maps/place/Dinas+Lingkungan+Hidup+dan+Kehutanan+Daerah+Istimewa+Yogyakarta/@-7.7902365,110.3804524,17z/data=!4m8!3m7!1s0x2e7a59b7e162014f:0x900075df7e90db72!8m2!3d-7.7902418!4d110.3830273!9m1!1b1!16s%2Fg%2F11fk26v42q?entry=ttu&g_ep=EgoyMDI2MDgxNy4wIKXMDSoASAFQAw%3D%3D",2026-08-21T03:56:42.285235+00:00
08a41d18056fab322b40c6d2,dlhk,Dinas Lingkungan Hidup dan Kehutanan DIY,google_maps,Arin Devita,"Alhamdulillah, terimakasih sudah menindaklanjuti dengan cepat. Semoga kedepannya bisa lebih memperhatikan lingkungan umum lebih terawat agar bisa memberikan rasa nyaman dan aman bagi pengguna fasilitas umum yang cukup ramai pengunjung",5.0,2 tahun lalu,"https://www.google.com/maps/place/Dinas+Lingkungan+Hidup+dan+Kehutanan+Daerah+Istimewa+Yogyakarta/@-7.7902365,110.3804524,17z/data=!4m8!3m7!1s0x2e7a59b7e162014f:0x900075df7e90db72!8m2!3d-7.7902418!4d110.3830273!9m1!1b1!16s%2Fg%2F11fk26v42q?entry=ttu&g_ep=EgoyMDI2MDgxNy4wIKXMDSoASAFQAw%3D%3D",2026-08-21T03:56:42.377683+00:00
fb1e2177ffa4d7ef4fb79622,dlhk,Dinas Lingkungan Hidup dan Kehutanan DIY,google_maps,Nike Triwahyuningsih,"Kompleks perkantoran milik pemerintah yaitu Dinas Lingkungan Hidup dan Kehutanan, yang dulunya terpisah di Jl. Tentara Rakyat Mataram (DLH).",5.0,7 tahun lalu,"https://www.google.com/maps/place/Dinas+Lingkungan+Hidup+dan+Kehutanan+Daerah+Istimewa+Yogyakarta/@-7.7902365,110.3804524,17z/data=!4m8!3m7!1s0x2e7a59b7e162014f:0x900075df7e90db72!8m2!3d-7.7902418!4d110.3830273!9m1!1b1!16s%2Fg%2F11fk26v42q?entry=ttu&g_ep=EgoyMDI2MDgxNy4wIKXMDSoASAFQAw%3D%3D",2026-08-21T03:56:42.477033+00:00
75ef4232c39935a378b2f793,dlhk,Dinas Lingkungan Hidup dan Kehutanan DIY,google_maps,Suheri,"Pa/Bu minta tolong ditindak lanjuti. Salah satu kosan di daerah jln Jatayu, Demangan dekat SD Muhammadiyah setiap hari melakukan pembakaran sampah. Sangat mengganggu kenyamanan anak yang kos dan warga sekitar. Tidak pagi, siang maupun malam suka sekali bakar-bakar sampah. Ini mencemari lingkungan kos maupun lingkungan sekitar. Mencemari udara, tanah dan air. Pemilik kos pun bahkan tidak mau tahu tentang pengelolaan sampahnya sendiri di kos tersebut. Tolong ditindak lanjuti🙏🏻🙏🏻🙏🏻",2.0,9 bulan lalu,"https://www.google.com/maps/place/Dinas+Lingkungan+Hidup+dan+Kehutanan+Daerah+Istimewa+Yogyakarta/@-7.7902365,110.3804524,17z/data=!4m8!3m7!1s0x2e7a59b7e162014f:0x900075df7e90db72!8m2!3d-7.7902418!4d110.3830273!9m1!1b1!16s%2Fg%2F11fk26v42q?entry=ttu&g_ep=EgoyMDI2MDgxNy4wIKXMDSoASAFQAw%3D%3D",2026-08-21T03:56:42.577445+00:00
0fbbac5ef4fcdd5398dcc476,dlhk,Dinas Lingkungan Hidup dan Kehutanan DIY,google_maps,Ami Tanktunk,"Pak,  tolong ada pembakaran sampah liar diperkampungan timoho gendeng wetan gk4 rt85/rw 20 samping wisma hijau ada pekarangan area padat penduduk setiap hari pagi  siang malam  kami warga sekitar  merasa sangat terganggu terlebih banyak anak kecil dan bayi  tolong di tindak lanjutin",5.0,setahun lalu,"https://www.google.com/maps/place/Dinas+Lingkungan+Hidup+dan+Kehutanan+Daerah+Istimewa+Yogyakarta/@-7.7902365,110.3804524,17z/data=!4m8!3m7!1s0x2e7a59b7e162014f:0x900075df7e90db72!8m2!3d-7.7902418!4d110.3830273!9m1!1b1!16s%2Fg%2F11fk26v42q?entry=ttu&g_ep=EgoyMDI2MDgxNy4wIKXMDSoASAFQAw%3D%3D",2026-08-21T03:56:42.674339+00:00
50a989b1e97af10c622a993a,dlhk,Dinas Lingkungan Hidup dan Kehutanan DIY,google_maps,Arif Wicaksono,Saya komplain tindakan buruk yg dilakukan petugas DLH. Tidak difollow up.,1.0,setahun lalu,"https://www.google.com/maps/place/Dinas+Lingkungan+Hidup+dan+Kehutanan+Daerah+Istimewa+Yogyakarta/@-7.7902365,110.3804524,17z/data=!4m8!3m7!1s0x2e7a59b7e162014f:0x900075df7e90db72!8m2!3d-7.7902418!4d110.3830273!9m1!1b1!16s%2Fg%2F11fk26v42q?entry=ttu&g_ep=EgoyMDI2MDgxNy4wIKXMDSoASAFQAw%3D%3D",2026-08-21T04:11:03.823428+00:00
4173947ad4217c0644d9b489,dlhk,Dinas Lingkungan Hidup dan Kehutanan DIY,google_maps,rifani triutama,"no telfon susah dihubungi. mohon tingkatkan pelayanan mengingat sekarang dilarang untuk tatap muka, sudah telfon berkali2 mulai pagi siang sore tidak ada yg mengangkat!!!!!",1.0,5 tahun lalu,"https://www.google.com/maps/place/Dinas+Lingkungan+Hidup+dan+Kehutanan+Daerah+Istimewa+Yogyakarta/@-7.7902365,110.3804524,17z/data=!4m8!3m7!1s0x2e7a59b7e162014f:0x900075df7e90db72!8m2!3d-7.7902418!4d110.3830273!9m1!1b1!16s%2Fg%2F11fk26v42q?entry=ttu&g_ep=EgoyMDI2MDgxNy4wIKXMDSoASAFQAw%3D%3D",2026-08-21T04:11:03.923786+00:00
daf46441b7a139fbdf2b9f41,dlhk,Dinas Lingkungan Hidup dan Kehutanan DIY,google_maps,Latihan Desain1234,"Pelayanan lambat, seharusnya jam kerja untuk kerja... Apabila menegur secukupnya saja tidak usah mengulas hal-hal pribadi",1.0,3 tahun lalu,"https://www.google.com/maps/place/Dinas+Lingkungan+Hidup+dan+Kehutanan+Daerah+Istimewa+Yogyakarta/@-7.7902365,110.3804524,17z/data=!4m8!3m7!1s0x2e7a59b7e162014f:0x900075df7e90db72!8m2!3d-7.7902418!4d110.3830273!9m1!1b1!16s%2Fg%2F11fk26v42q?entry=ttu&g_ep=EgoyMDI2MDgxNy4wIKXMDSoASAFQAw%3D%3D",2026-08-21T04:11:04.022199+00:00
d33444a50c525ec299470d22,dlhk,Dinas Lingkungan Hidup dan Kehutanan DIY,google_maps,arinatun nashihah,keren keren semua terimakasih sudah membantu menjaga kebersihan lingkungan sukses selalu,5.0,setahun lalu,"https://www.google.com/maps/place/Dinas+Lingkungan+Hidup+dan+Kehutanan+Daerah+Istimewa+Yogyakarta/@-7.7902365,110.3804524,17z/data=!4m8!3m7!1s0x2e7a59b7e162014f:0x900075df7e90db72!8m2!3d-7.7902418!4d110.3830273!9m1!1b1!16s%2Fg%2F11fk26v42q?entry=ttu&g_ep=EgoyMDI2MDgxNy4wIKXMDSoASAFQAw%3D%3D",2026-08-21T04:11:04.126636+00:00
91d1be3c451e5d8bfb49ae4c,dlhk,Dinas Lingkungan Hidup dan Kehutanan DIY,google_maps,Fa Ida,Maag mau tanya apakah ada loker untuk petugss kebersihan jln?,5.0,setahun lalu,"https://www.google.com/maps/place/Dinas+Lingkungan+Hidup+dan+Kehutanan+Daerah+Istimewa+Yogyakarta/@-7.7902365,110.3804524,17z/data=!4m8!3m7!1s0x2e7a59b7e162014f:0x900075df7e90db72!8m2!3d-7.7902418!4d110.3830273!9m1!1b1!16s%2Fg%2F11fk26v42q?entry=ttu&g_ep=EgoyMDI2MDgxNy4wIKXMDSoASAFQAw%3D%3D",2026-08-21T04:11:04.230495+00:00
b974424f906754402545a872,dlhk,Dinas Lingkungan Hidup dan Kehutanan DIY,google_maps,Viki Hermawan,"Pegawainya kooperatif, pelayanan ramah.🙏 …",5.0,3 tahun lalu,"https://www.google.com/maps/place/Dinas+Lingkungan+Hidup+dan+Kehutanan+Daerah+Istimewa+Yogyakarta/@-7.7902365,110.3804524,17z/data=!4m8!3m7!1s0x2e7a59b7e162014f:0x900075df7e90db72!8m2!3d-7.7902418!4d110.3830273!9m1!1b1!16s%2Fg%2F11fk26v42q?entry=ttu&g_ep=EgoyMDI2MDgxNy4wIKXMDSoASAFQAw%3D%3D",2026-08-21T04:11:04.329742+00:00
a89ba148ac4fdcafbedcb597,dlhk,Dinas Lingkungan Hidup dan Kehutanan DIY,google_maps,nvp,"Kantornya sejuk, parkir luas, pelayanan prima, mantap 👍👍👍 BLH DIY sekarang lokasinya disini ya jadi DLHK DIY …",5.0,7 tahun lalu,"https://www.google.com/maps/place/Dinas+Lingkungan+Hidup+dan+Kehutanan+Daerah+Istimewa+Yogyakarta/@-7.7902365,110.3804524,17z/data=!4m8!3m7!1s0x2e7a59b7e162014f:0x900075df7e90db72!8m2!3d-7.7902418!4d110.3830273!9m1!1b1!16s%2Fg%2F11fk26v42q?entry=ttu&g_ep=EgoyMDI2MDgxNy4wIKXMDSoASAFQAw%3D%3D",2026-08-21T04:11:04.428066+00:00
d071a136dc4725fcb57dc764,dlhk,Dinas Lingkungan Hidup dan Kehutanan DIY,google_maps,Eni Zf,Beneran pak ada bibit tanaman gratis??,3.0,3 tahun lalu,"https://www.google.com/maps/place/Dinas+Lingkungan+Hidup+dan+Kehutanan+Daerah+Istimewa+Yogyakarta/@-7.7902365,110.3804524,17z/data=!4m8!3m7!1s0x2e7a59b7e162014f:0x900075df7e90db72!8m2!3d-7.7902418!4d110.3830273!9m1!1b1!16s%2Fg%2F11fk26v42q?entry=ttu&g_ep=EgoyMDI2MDgxNy4wIKXMDSoASAFQAw%3D%3D",2026-08-21T04:11:04.529492+00:00
df008fa7367542a8cd62f08a,dlhk,Dinas Lingkungan Hidup dan Kehutanan DIY,google_maps,I M,Lengkap,5.0,4 tahun lalu,"https://www.google.com/maps/place/Dinas+Lingkungan+Hidup+dan+Kehutanan+Daerah+Istimewa+Yogyakarta/@-7.7902365,110.3804524,17z/data=!4m8!3m7!1s0x2e7a59b7e162014f:0x900075df7e90db72!8m2!3d-7.7902418!4d110.3830273!9m1!1b1!16s%2Fg%2F11fk26v42q?entry=ttu&g_ep=EgoyMDI2MDgxNy4wIKXMDSoASAFQAw%3D%3D",2026-08-21T04:11:04.630713+00:00
2ad902256414ac6efc9756b1,dlhk,Dinas Lingkungan Hidup dan Kehutanan DIY,google_maps,Ahadina Frida,Pelayanan baik,4.0,setahun lalu,"https://www.google.com/maps/place/Dinas+Lingkungan+Hidup+dan+Kehutanan+Daerah+Istimewa+Yogyakarta/@-7.7902365,110.3804524,17z/data=!4m8!3m7!1s0x2e7a59b7e162014f:0x900075df7e90db72!8m2!3d-7.7902418!4d110.3830273!9m1!1b1!16s%2Fg%2F11fk26v42q?entry=ttu&g_ep=EgoyMDI2MDgxNy4wIKXMDSoASAFQAw%3D%3D",2026-08-21T04:11:04.727887+00:00
ea71d02a08f6adb2c2bb58db,dlhk,Dinas Lingkungan Hidup dan Kehutanan DIY,google_maps,Claudius N. D. Nugroho,Pelayanannya oke,5.0,7 tahun lalu,"https://www.google.com/maps/place/Dinas+Lingkungan+Hidup+dan+Kehutanan+Daerah+Istimewa+Yogyakarta/@-7.7902365,110.3804524,17z/data=!4m8!3m7!1s0x2e7a59b7e162014f:0x900075df7e90db72!8m2!3d-7.7902418!4d110.3830273!9m1!1b1!16s%2Fg%2F11fk26v42q?entry=ttu&g_ep=EgoyMDI2MDgxNy4wIKXMDSoASAFQAw%3D%3D",2026-08-21T04:11:04.825976+00:00
deab2e9a304267242cd81767,dlhk,Dinas Lingkungan Hidup dan Kehutanan DIY,google_maps,adhi,Pelayanan prima...,5.0,4 tahun lalu,"https://www.google.com/maps/place/Dinas+Lingkungan+Hidup+dan+Kehutanan+Daerah+Istimewa+Yogyakarta/@-7.7902365,110.3804524,17z/data=!4m8!3m7!1s0x2e7a59b7e162014f:0x900075df7e90db72!8m2!3d-7.7902418!4d110.3830273!9m1!1b1!16s%2Fg%2F11fk26v42q?entry=ttu&g_ep=EgoyMDI2MDgxNy4wIKXMDSoASAFQAw%3D%3D",2026-08-21T04:11:04.925695+00:00
2d26439c8700239ba579a179,pupesdm,Dinas PUP-ESDM DIY,berita,Harian Jogja,"Profil Aris Prasena, dari Bappeda hingga Pimpin Dinas PUP-ESDM DIY - Harian Jogja. <a href=""https://news.google.com/rss/articles/CBMisgFBVV95cUxQTXM3am9wS1B1SUlUQ2VNbzlkYV8xYjh2cElwemdRV0QzZzlsUmxtVnlZNk9FaDFNRE44X3YxRnhHVmdYcnVOR2dRUTU4dUlhMFBtZmhFckVicmFTV1RXTGpUNkNqRzFYSEgyUTNDNW1remNRSVUxTmkyQ0taenpVZU83T04yUjJsNFpmZFZyTlVDZ3lSRmZhS042MTBjckNqUUJtWlJzejV1am5fVzUwU1JR?oc=5"" target=""_blank"">Profil Aris Prasena, dari Bappeda hingga Pimpin Dinas PUP-ESDM DIY</a>&nbsp;&nbsp;<font color=""#6f6f6f"">Harian Jogja</font>",,2026-08-18T11:37:58+00:00,https://news.google.com/rss/articles/CBMisgFBVV95cUxQTXM3am9wS1B1SUlUQ2VNbzlkYV8xYjh2cElwemdRV0QzZzlsUmxtVnlZNk9FaDFNRE44X3YxRnhHVmdYcnVOR2dRUTU4dUlhMFBtZmhFckVicmFTV1RXTGpUNkNqRzFYSEgyUTNDNW1remNRSVUxTmkyQ0taenpVZU83T04yUjJsNFpmZFZyTlVDZ3lSRmZhS042MTBjckNqUUJtWlJzejV1am5fVzUwU1JR?oc=5,2026-08-21T03:28:19.582824+00:00
6dcb0e12bf421673de2ff9d4,pupesdm,Dinas PUP-ESDM DIY,berita,detikcom,"Analisis Dinas PUPESDM DIY soal Teror Api Misterius di Rumah Seyegan Sleman - detikcom. <a href=""https://news.google.com/rss/articles/CBMivAFBVV95cUxPajVGUWVxblNaSU5mZlZEZExtQkZwLXUyQ0MwdElOc3hXa0thQUFOTU56b013NTRwMk5MNVZWeS1uSlIxekwtbmhUbTNkT29MenVZcWlxX2NDVGtkaFl3SHg4cGNzNU53NURBeXFyMDgyVjRfV0Q2dUJJc3hpckQwTzhERi03N0FEbXZtbjlHTGc4b0VqdnZhQl9sUHA0bWxySDdyejVkOTNsNk90R2UzWEVvVGhLRmkxY1ZaMdIBwgFBVV95cUxQUjU5SEk2OGEtZ2Uzc1pINDUxdG51TjdodDYxSXVRd3JfWlc2eVB4aTlnOGtMLWF1MzRTaGJiaDl3M055M2FMdGpyNWFQTWpwTEQxTy1jVXVCVEJmbDMyR0hoelAtWjIyTHQ4Q2NaMFI4T2JWTnNJT29MTWpHZ3d3RS1kb3VQWjVJQmU1bko1aG5pZmV6akctdEV4RzdWRGxLWElTcTl2VDQtS0FRX2R2WTBpd2hDbUdmcFV0V1RzajY0QQ?oc=5"" target=""_blank"">Analisis Dinas PUPESDM DIY soal Teror Api Misterius di Rumah Seyegan Sleman</a>&nbsp;&nbsp;<font color=""#6f6f6f"">detikcom</font>",,2026-05-29T07:00:00+00:00,https://news.google.com/rss/articles/CBMivAFBVV95cUxPajVGUWVxblNaSU5mZlZEZExtQkZwLXUyQ0MwdElOc3hXa0thQUFOTU56b013NTRwMk5MNVZWeS1uSlIxekwtbmhUbTNkT29MenVZcWlxX2NDVGtkaFl3SHg4cGNzNU53NURBeXFyMDgyVjRfV0Q2dUJJc3hpckQwTzhERi03N0FEbXZtbjlHTGc4b0VqdnZhQl9sUHA0bWxySDdyejVkOTNsNk90R2UzWEVvVGhLRmkxY1ZaMdIBwgFBVV95cUxQUjU5SEk2OGEtZ2Uzc1pINDUxdG51TjdodDYxSXVRd3JfWlc2eVB4aTlnOGtMLWF1MzRTaGJiaDl3M055M2FMdGpyNWFQTWpwTEQxTy1jVXVCVEJmbDMyR0hoelAtWjIyTHQ4Q2NaMFI4T2JWTnNJT29MTWpHZ3d3RS1kb3VQWjVJQmU1bko1aG5pZmV6akctdEV4RzdWRGxLWElTcTl2VDQtS0FRX2R2WTBpd2hDbUdmcFV0V1RzajY0QQ?oc=5,2026-08-21T03:28:19.582824+00:00
0b07d4747499cb2ec2ac4b55,pupesdm,Dinas PUP-ESDM DIY,berita,DPRD DIY,"Masalah Irigasi JIAT di Pondokrejo Sleman Jadi Perhatian Komisi C DPRD DIY - DPRD DIY. <a href=""https://news.google.com/rss/articles/CBMirAFBVV95cUxOaWFTZ1dONF93cldTS0N5UUdrcURGZ1FwdFBNdkVFa1ktOURfV2ItQjdvSUlfdTE1YU5iVDZFQkRYbzhBYnFlRkNjTk5BajBUM0pHcjMzcXRqV09XT09MdXJGREVGaFRrSm5DbWdYN1NSaUZfRHFyRjlodjg4andpYndZbUNUVmFTdzlNVElVYmJIR2ZzTmZvWW5faFNLNUlUZ2ZOck1pMmZCZ2RG?oc=5"" target=""_blank"">Masalah Irigasi JIAT di Pondokrejo Sleman Jadi Perhatian Komisi C DPRD DIY</a>&nbsp;&nbsp;<font color=""#6f6f6f"">DPRD DIY</font>",,2026-06-19T08:34:13+00:00,https://news.google.com/rss/articles/CBMirAFBVV95cUxOaWFTZ1dONF93cldTS0N5UUdrcURGZ1FwdFBNdkVFa1ktOURfV2ItQjdvSUlfdTE1YU5iVDZFQkRYbzhBYnFlRkNjTk5BajBUM0pHcjMzcXRqV09XT09MdXJGREVGaFRrSm5DbWdYN1NSaUZfRHFyRjlodjg4andpYndZbUNUVmFTdzlNVElVYmJIR2ZzTmZvWW5faFNLNUlUZ2ZOck1pMmZCZ2RG?oc=5,2026-08-21T03:28:19.582824+00:00
d12ee47ee194b960c0a517d7,pupesdm,Dinas PUP-ESDM DIY,berita,ANTARA News Yogyakarta,"Dinas PU DIY: Ruas jalan Prambanan-Gayamharjo terbangun 4,5 km - ANTARA News Yogyakarta. <a href=""https://news.google.com/rss/articles/CBMipgFBVV95cUxNa2tvdFpOYVZkLS1lV1ZUNlZYRk85VENmNkdMeUljaEFLQjRoeUFmZGt0TS02dzJmTnNkQWRrMHNmdENIY3J6TDFEU0R2ZnRxSmkwTDJkMkZUbzhJTE9lX3luTUdVSjdrYkhjQ3ZZOUpzNEw4enNuS0FPcVpQYm1UWlo4OWhJX3FrNU5oYlF2LUh4WWtKU1pjTDgzSWFzeVNIVGRSWmxn?oc=5"" target=""_blank"">Dinas PU DIY: Ruas jalan Prambanan-Gayamharjo terbangun 4,5 km</a>&nbsp;&nbsp;<font color=""#6f6f6f"">ANTARA News Yogyakarta</font>",,2026-01-22T08:00:00+00:00,https://news.google.com/rss/articles/CBMipgFBVV95cUxNa2tvdFpOYVZkLS1lV1ZUNlZYRk85VENmNkdMeUljaEFLQjRoeUFmZGt0TS02dzJmTnNkQWRrMHNmdENIY3J6TDFEU0R2ZnRxSmkwTDJkMkZUbzhJTE9lX3luTUdVSjdrYkhjQ3ZZOUpzNEw4enNuS0FPcVpQYm1UWlo4OWhJX3FrNU5oYlF2LUh4WWtKU1pjTDgzSWFzeVNIVGRSWmxn?oc=5,2026-08-21T03:28:19.582824+00:00
06777f1e8d7e323b91f3f3ad,pupesdm,Dinas PUP-ESDM DIY,berita,Polda DIY,"DIT LANTAS - Direktorat Lalu Lintas (Ditlantas) Polda DIY melaksanakan kegiatan sambang dan silaturahmi ke Dinas Pekerjaan Umum Perumahan dan Energi Sumber Daya Mineral Daerah Istimewa Yogyakarta - Polda DIY. <a href=""https://news.google.com/rss/articles/CBMi9AJBVV95cUxNdmM3RXl1RllPbXRjbEFMeTN6RDE3ZF85QlpZT0prczBZQTgzVV8zTUtHRFBMcm9LdTZaeFdNaGhNN1diQXZHZDJfSXczR0NjWW4xbDNlRWxHVG14eV9fZFFIbS1nUXkxQm5Nd3RfNW40NWkwSU1GVVh3Snk5TEZ6Z05TeFlXSk9sOGdsMEZsaFR0ZFFPVW9OYmJHODF6cmdBdDdNZlMzRkJuWHlOb0NCejdlQ21xdXBGOWprWVRyVkQzcmZnQnBibDdudHRWc3hBX29JWC1RZWw5S08tLWlJRTlCNS1SaldlQm5BZmZMcDV2TUswRHItT1pJdDhBdjhXYkhZd0xod0Z6eTZ4dFFFOFE2cmNtdXBuTkVMSUJfa1ZUTXV4U0F5U3psR1d2YjByQVJuQzZsUlRHRWV2Q0ZpeEFpaWpwUUpROWxnZ2lEMENnZmVkcnBPLWZuR08yNEJiS3VLNUkzVjVRaW1fU1hwYklJMnI?oc=5"" target=""_blank"">DIT LANTAS - Direktorat Lalu Lintas (Ditlantas) Polda DIY melaksanakan kegiatan sambang dan silaturahmi ke Dinas Pekerjaan Umum Perumahan dan Energi Sumber Daya Mineral Daerah Istimewa Yogyakarta</a>&nbsp;&nbsp;<font color=""#6f6f6f"">Polda DIY</font>",,2026-02-19T08:00:00+00:00,https://news.google.com/rss/articles/CBMi9AJBVV95cUxNdmM3RXl1RllPbXRjbEFMeTN6RDE3ZF85QlpZT0prczBZQTgzVV8zTUtHRFBMcm9LdTZaeFdNaGhNN1diQXZHZDJfSXczR0NjWW4xbDNlRWxHVG14eV9fZFFIbS1nUXkxQm5Nd3RfNW40NWkwSU1GVVh3Snk5TEZ6Z05TeFlXSk9sOGdsMEZsaFR0ZFFPVW9OYmJHODF6cmdBdDdNZlMzRkJuWHlOb0NCejdlQ21xdXBGOWprWVRyVkQzcmZnQnBibDdudHRWc3hBX29JWC1RZWw5S08tLWlJRTlCNS1SaldlQm5BZmZMcDV2TUswRHItT1pJdDhBdjhXYkhZd0xod0Z6eTZ4dFFFOFE2cmNtdXBuTkVMSUJfa1ZUTXV4U0F5U3psR1d2YjByQVJuQzZsUlRHRWV2Q0ZpeEFpaWpwUUpROWxnZ2lEMENnZmVkcnBPLWZuR08yNEJiS3VLNUkzVjVRaW1fU1hwYklJMnI?oc=5,2026-08-21T03:28:19.582824+00:00
338262fc3ec2c9f5f1122deb,pupesdm,Dinas PUP-ESDM DIY,berita,UMY,"UMY Terima Kunjungan Dinas PUPESDM DIY, Ingin Kolaborasi Atasi Masalah Sampah di DIY - UMY. <a href=""https://news.google.com/rss/articles/CBMiqgFBVV95cUxQbVFSSjhnY2JlWDJNVDlrWl82WjNQY3FuMExSc2JHaDVTaEJRQURNV3ZQVGlwa2FRWnNER25PelNKRG9vUTdYNERhb0ZYUWk2QTRubUlJOTN4X19obGgza1p5QWtJUVlseDBKclhVNEZyOEFIY3BPc1lwUnJSYUxHSWpSVGNsU1BmNlRsTGV5TEhMbC04RTAxSkNJTGViaU4xdm0yWkhIQUZOZw?oc=5"" target=""_blank"">UMY Terima Kunjungan Dinas PUPESDM DIY, Ingin Kolaborasi Atasi Masalah Sampah di DIY</a>&nbsp;&nbsp;<font color=""#6f6f6f"">UMY</font>",,2025-03-19T07:00:00+00:00,https://news.google.com/rss/articles/CBMiqgFBVV95cUxQbVFSSjhnY2JlWDJNVDlrWl82WjNQY3FuMExSc2JHaDVTaEJRQURNV3ZQVGlwa2FRWnNER25PelNKRG9vUTdYNERhb0ZYUWk2QTRubUlJOTN4X19obGgza1p5QWtJUVlseDBKclhVNEZyOEFIY3BPc1lwUnJSYUxHSWpSVGNsU1BmNlRsTGV5TEhMbC04RTAxSkNJTGViaU4xdm0yWkhIQUZOZw?oc=5,2026-08-21T03:28:19.582824+00:00
dcec0644d342a0dbfe9640d7,pupesdm,Dinas PUP-ESDM DIY,berita,Suara Merdeka Kedu,"Cek Jalan Rusak Klangon-Tempel, Bupati Sleman Minta Perbaikan Segera Beres - Suara Merdeka Kedu - Suara Merdeka Kedu. <a href=""https://news.google.com/rss/articles/CBMiwwFBVV95cUxNdmNzbzIwRUJTd3p2R3ZXMEw4Mk0tSFhSRW05b0VpSGx3MHpOR0dsSTJ6UmRXYVQtb3Z3djN3a2lVX0tIbUxQT1pYLTNRakMtM0lwdjEwRGs4VVNVZ1BDZHdyMmhWb2hrU2M0VkQ1QVVBWjZwNHo0dWg3a1VaRDJYbHVWT1htR2dnWUFyenRyaVFabVJ0bi1Kb0JTcDVQYVVYZTNhWmpFbU9OT0stZ1NFa3daclFnczR4MkZycWV6OFhfN0nSAcgBQVVfeXFMTzQtV0g4LVkxaF9MWlZZZ1FDZnh4TEJsek1oN0ZFdHNiOGpPRUZqOFA0U3pHOF9obDR1VDMwRlFVU2VwVHhldHRIMkRZZktVeUhVbEZBbjFuRE5BbXpvLTNIRU1UVXNRV1VwNUpqOXczbmlfTnJhRTB0YkhoMW5CRTA4UjNmR25WRFFweTdCUHVKTHB6N19uVUV3LW5HNDJhNllHTng4ZFNrM3BNdWtleExFMTJLd20xOW95Y2M3a3pLQ1NxZXcyTC0?oc=5"" target=""_blank"">Cek Jalan Rusak Klangon-Tempel, Bupati Sleman Minta Perbaikan Segera Beres - Suara Merdeka Kedu</a>&nbsp;&nbsp;<font color=""#6f6f6f"">Suara Merdeka Kedu</font>",,2025-10-19T07:00:00+00:00,https://news.google.com/rss/articles/CBMiwwFBVV95cUxNdmNzbzIwRUJTd3p2R3ZXMEw4Mk0tSFhSRW05b0VpSGx3MHpOR0dsSTJ6UmRXYVQtb3Z3djN3a2lVX0tIbUxQT1pYLTNRakMtM0lwdjEwRGs4VVNVZ1BDZHdyMmhWb2hrU2M0VkQ1QVVBWjZwNHo0dWg3a1VaRDJYbHVWT1htR2dnWUFyenRyaVFabVJ0bi1Kb0JTcDVQYVVYZTNhWmpFbU9OT0stZ1NFa3daclFnczR4MkZycWV6OFhfN0nSAcgBQVVfeXFMTzQtV0g4LVkxaF9MWlZZZ1FDZnh4TEJsek1oN0ZFdHNiOGpPRUZqOFA0U3pHOF9obDR1VDMwRlFVU2VwVHhldHRIMkRZZktVeUhVbEZBbjFuRE5BbXpvLTNIRU1UVXNRV1VwNUpqOXczbmlfTnJhRTB0YkhoMW5CRTA4UjNmR25WRFFweTdCUHVKTHB6N19uVUV3LW5HNDJhNllHTng4ZFNrM3BNdWtleExFMTJLd20xOW95Y2M3a3pLQ1NxZXcyTC0?oc=5,2026-08-21T03:28:19.582824+00:00
73d0c9bc569f2638ea9e4d8f,pupesdm,Dinas PUP-ESDM DIY,berita,detikcom,"Kebakaran 39 Kali di Rumah Fia Berujung UGM-Gegana Turun Tangan - detikcom. <a href=""https://news.google.com/rss/articles/CBMirAFBVV95cUxPTVJPV283YnBNaGtaT3BGNVI3Q1Y2QWVVMzVycEJKVXBPRTkwazdPSHl2Wi1WYUxEdEc4R0RMa0hraUNIUWlpcnFXVTBZNm16Qm55czhNYVNfRWZVUHh5X1lRZXYwaDNYY0ZJb05RLWtSRUFfWnlOMzhPUnRFcXQzaHFMZ3dXeVhxTkxFWXFWcmxvQkVNRXEwQmFENEwxMDJidkR0a2xnNlJfT1dU0gGyAUFVX3lxTFBJZFhqTHY2Tl81UjBRenZGLTZWdEw1QXB0dHpHVEFSNmoyanNzQjRNb3d5N0Vuc1FHZDZCV3cwUlUzcjFLbkhUXzdMa0NudVFMVG1GOHFVdGphRmwyclZHWVIxRlpqeU5GU19kUXNRUUZpTkRSYWlzT2kzMERKQ0tJWmM2SVM4Nk4wdEs2RVVheXdDdkxIbXZfM043anNEYWthNW1VQjZwOVhxS2I2N196bHc?oc=5"" target=""_blank"">Kebakaran 39 Kali di Rumah Fia Berujung UGM-Gegana Turun Tangan</a>&nbsp;&nbsp;<font color=""#6f6f6f"">detikcom</font>",,2026-05-30T07:00:00+00:00,https://news.google.com/rss/articles/CBMirAFBVV95cUxPTVJPV283YnBNaGtaT3BGNVI3Q1Y2QWVVMzVycEJKVXBPRTkwazdPSHl2Wi1WYUxEdEc4R0RMa0hraUNIUWlpcnFXVTBZNm16Qm55czhNYVNfRWZVUHh5X1lRZXYwaDNYY0ZJb05RLWtSRUFfWnlOMzhPUnRFcXQzaHFMZ3dXeVhxTkxFWXFWcmxvQkVNRXEwQmFENEwxMDJidkR0a2xnNlJfT1dU0gGyAUFVX3lxTFBJZFhqTHY2Tl81UjBRenZGLTZWdEw1QXB0dHpHVEFSNmoyanNzQjRNb3d5N0Vuc1FHZDZCV3cwUlUzcjFLbkhUXzdMa0NudVFMVG1GOHFVdGphRmwyclZHWVIxRlpqeU5GU19kUXNRUUZpTkRSYWlzT2kzMERKQ0tJWmM2SVM4Nk4wdEs2RVVheXdDdkxIbXZfM043anNEYWthNW1VQjZwOVhxS2I2N196bHc?oc=5,2026-08-21T03:28:19.582824+00:00
573351c9e9fbde3ac4b4c4ed,pupesdm,Dinas PUP-ESDM DIY,berita,lampuhijau.co.id,"WNA China Tewas Usai Jatuh Dari Lantai 35 Apartemen Pademangan, Polisi Periksa 3 Saksi - lampuhijau.co.id. <a href=""https://news.google.com/rss/articles/CBMi0wFBVV95cUxNQ2FjamhVQlFMQnM2eXV0R2tRYTdObDN1SGE0SVg0ZUxJWnhLOXltLWJSQnVnSTg2Y1dPZ1BpTWROdUttU3hDMXdsT1NHazlVYmpoNmhQU05uekpBS1ZvSFdnNDZ0eV9VNzFZM0t0YWxPTkxJcExtckRGcVJoYV9GX3dOT3JtcGwwOUxqT3lnNnBRWFdxSFBrYmpQb05IWVB5MVpmalBKYWUwQjNaRHRqS1ctMXNRMGVGanpsZTFVcXR5dVRBeGY4SXZNckJzNTVxdGNj?oc=5"" target=""_blank"">WNA China Tewas Usai Jatuh Dari Lantai 35 Apartemen Pademangan, Polisi Periksa 3 Saksi</a>&nbsp;&nbsp;<font color=""#6f6f6f"">lampuhijau.co.id</font>",,2025-10-06T07:00:00+00:00,https://news.google.com/rss/articles/CBMi0wFBVV95cUxNQ2FjamhVQlFMQnM2eXV0R2tRYTdObDN1SGE0SVg0ZUxJWnhLOXltLWJSQnVnSTg2Y1dPZ1BpTWROdUttU3hDMXdsT1NHazlVYmpoNmhQU05uekpBS1ZvSFdnNDZ0eV9VNzFZM0t0YWxPTkxJcExtckRGcVJoYV9GX3dOT3JtcGwwOUxqT3lnNnBRWFdxSFBrYmpQb05IWVB5MVpmalBKYWUwQjNaRHRqS1ctMXNRMGVGanpsZTFVcXR5dVRBeGY4SXZNckJzNTVxdGNj?oc=5,2026-08-21T03:28:19.582824+00:00
9f7ffb7160c294db0d1ad322,pupesdm,Dinas PUP-ESDM DIY,berita,Jogjaprov,"Pemda DIY Dorong Optimalisasi Pemenuhan Hunian MBR - Jogjaprov. <a href=""https://news.google.com/rss/articles/CBMimwFBVV95cUxOOWhaZGkxOW5raVowNGhKcmxHUmNob0FZaG02Z3d1S0dUeUE3TXJFbFhRb1gyUGtqcGh0aWdUWjh3SlJ6ckNEOGVwUWNEUHBKbmlSb2JmMXY0Y2dDMUIteThVdmdPd0RIRTU5TFZKRFF3MjNIelFvOEZEM2d4YUZHdnNDMEZxeUVSV2RLdDFvTGE3Mi1SdXhDdXZSdw?oc=5"" target=""_blank"">Pemda DIY Dorong Optimalisasi Pemenuhan Hunian MBR</a>&nbsp;&nbsp;<font color=""#6f6f6f"">Jogjaprov</font>",,2024-12-02T08:00:00+00:00,https://news.google.com/rss/articles/CBMimwFBVV95cUxOOWhaZGkxOW5raVowNGhKcmxHUmNob0FZaG02Z3d1S0dUeUE3TXJFbFhRb1gyUGtqcGh0aWdUWjh3SlJ6ckNEOGVwUWNEUHBKbmlSb2JmMXY0Y2dDMUIteThVdmdPd0RIRTU5TFZKRFF3MjNIelFvOEZEM2d4YUZHdnNDMEZxeUVSV2RLdDFvTGE3Mi1SdXhDdXZSdw?oc=5,2026-08-21T03:28:19.582824+00:00
b1b1e45d2998f95d1a21cb02,pupesdm,Dinas PUP-ESDM DIY,berita,Mongabay.co.id,"Pengembangan Energi Terbarukan di DIY Belum Maksimal, Ini Penyebabnya - Mongabay.co.id. <a href=""https://news.google.com/rss/articles/CBMipgFBVV95cUxNaWtBZ0d1eUJxdW0zOS1LeXg0aWt6Y0xNZUJJZWc0UnVYRFl5TWRyOVR6cjNmT0RGSmdIaUdCWnBMNVROSDlVTWI0U1FhYmxNSW9vcXhpeUVfMHNSeUFHSUFRd0ZMTzlsQkpuaElUdlFSU21BcXlheloxQjFiRzFLNm1uZ0ZRYVNPTHVqbXpscFNlQl9FRWd2ZVo2YTZfdWc2cXRYdzB3?oc=5"" target=""_blank"">Pengembangan Energi Terbarukan di DIY Belum Maksimal, Ini Penyebabnya</a>&nbsp;&nbsp;<font color=""#6f6f6f"">Mongabay.co.id</font>",,2023-08-24T07:00:00+00:00,https://news.google.com/rss/articles/CBMipgFBVV95cUxNaWtBZ0d1eUJxdW0zOS1LeXg0aWt6Y0xNZUJJZWc0UnVYRFl5TWRyOVR6cjNmT0RGSmdIaUdCWnBMNVROSDlVTWI0U1FhYmxNSW9vcXhpeUVfMHNSeUFHSUFRd0ZMTzlsQkpuaElUdlFSU21BcXlheloxQjFiRzFLNm1uZ0ZRYVNPTHVqbXpscFNlQl9FRWd2ZVo2YTZfdWc2cXRYdzB3?oc=5,2026-08-21T03:28:19.582824+00:00
c79f09d0b5bbdc3f95df3bd7,pupesdm,Dinas PUP-ESDM DIY,berita,TIMES Indonesia,"Setelah Sempat Kosong, Hananto Isi Jabatan Kepala Dinas PU-ESDM DIY - TIMES Indonesia. <a href=""https://news.google.com/rss/articles/CBMiugFBVV95cUxOeHJ3SGZPb1BYbW1ybHJacWpYNjVpRXQ1MFpOZHRNaXZCdjBmRzBxaWZhRmxLa0pJR1hVcG5aSDgwRDY1U1E2dVdTel8xWVFEV2dCMGZrOXg4VmVCbzEwa0dJdW5JeGt6TXVpS3dQVjQxb2RKZE0xcV9NbThpQ1FrNEJZam92dmkzV3ZNUUZHZUhrWFlTclU2SFFQcDV5M19kdl9WaGRkRUFXdGlTUU9sbjQ5cGNfaWEzUXc?oc=5"" target=""_blank"">Setelah Sempat Kosong, Hananto Isi Jabatan Kepala Dinas PU-ESDM DIY</a>&nbsp;&nbsp;<font color=""#6f6f6f"">TIMES Indonesia</font>",,2019-01-04T08:00:00+00:00,https://news.google.com/rss/articles/CBMiugFBVV95cUxOeHJ3SGZPb1BYbW1ybHJacWpYNjVpRXQ1MFpOZHRNaXZCdjBmRzBxaWZhRmxLa0pJR1hVcG5aSDgwRDY1U1E2dVdTel8xWVFEV2dCMGZrOXg4VmVCbzEwa0dJdW5JeGt6TXVpS3dQVjQxb2RKZE0xcV9NbThpQ1FrNEJZam92dmkzV3ZNUUZHZUhrWFlTclU2SFFQcDV5M19kdl9WaGRkRUFXdGlTUU9sbjQ5cGNfaWEzUXc?oc=5,2026-08-21T03:28:19.582824+00:00
19fdbc60f826b49d77d4822b,pupesdm,Dinas PUP-ESDM DIY,berita,ketik.com,"Polda DIY Usut Tambang Ilegal di Gunungkidul, Ini Kata Kadis PUP ESDM DIY - ketik.com. <a href=""https://news.google.com/rss/articles/CBMitwFBVV95cUxNelBYaThoVWJ1ckxua3RVZE5GdmtJaEwySmtQeVQ3RGMyejZfNUdNMlpzajRFanpLZ3JnVk1BelVxZDJ0RUxSRFJ0b3JMUFZndUl4bzR6c0pCU1hpb0t0YURjZGhzTGlCU1VReGNzNFBvVjhDbE5aMjdwLVh0Y29WR2dSeTFQdVNucmhnVlUxbFhTSGFMVWl4SVFMdHZUTFpCNWpSTEZVb2tnX09yOG5LaUFNQkFlSHfSAZoBQVVfeXFMTmZQUmlqMEpEN3FXS1o5NkxCQm1sYVdvNU4xLW96Zm1RaUNvUk9NNVpiYmFrZV8xUXp5NTdBNDd2WkRKeGhTaks0VjVVWTc5a0hZUXU2TEY5WHcxc2F4aWJIM3pmMU1zTmFDVmdwblZhYTU0cjlEMnlpbDdpdVBJSnUtb28zSnh4V0VUaDlhZ2lWT01wbnA5WkdVUQ?oc=5"" target=""_blank"">Polda DIY Usut Tambang Ilegal di Gunungkidul, Ini Kata Kadis PUP ESDM DIY</a>&nbsp;&nbsp;<font color=""#6f6f6f"">ketik.com</font>",,2024-07-23T07:00:00+00:00,https://news.google.com/rss/articles/CBMitwFBVV95cUxNelBYaThoVWJ1ckxua3RVZE5GdmtJaEwySmtQeVQ3RGMyejZfNUdNMlpzajRFanpLZ3JnVk1BelVxZDJ0RUxSRFJ0b3JMUFZndUl4bzR6c0pCU1hpb0t0YURjZGhzTGlCU1VReGNzNFBvVjhDbE5aMjdwLVh0Y29WR2dSeTFQdVNucmhnVlUxbFhTSGFMVWl4SVFMdHZUTFpCNWpSTEZVb2tnX09yOG5LaUFNQkFlSHfSAZoBQVVfeXFMTmZQUmlqMEpEN3FXS1o5NkxCQm1sYVdvNU4xLW96Zm1RaUNvUk9NNVpiYmFrZV8xUXp5NTdBNDd2WkRKeGhTaks0VjVVWTc5a0hZUXU2TEY5WHcxc2F4aWJIM3pmMU1zTmFDVmdwblZhYTU0cjlEMnlpbDdpdVBJSnUtb28zSnh4V0VUaDlhZ2lWT01wbnA5WkdVUQ?oc=5,2026-08-21T03:28:19.582824+00:00
119bc8afab4a87f747471985,pupesdm,Dinas PUP-ESDM DIY,berita,Kompas.id,"Bau Tak Sedap Lelang Cepat di Sebelah Istana (1) - Kompas.id. <a href=""https://news.google.com/rss/articles/CBMirgFBVV95cUxPblVTVDF4RFptaFN2bjJfMGhKenpBRkJfWUhSRlJkNFlvVTFpSGtmMmZsRV9Lcl9vVzJLZXRDeFdvYmNrUWFXd3Y4QmVMVFpRNmNibEJwT3VrQXVFYjNaS3gtalVKWDktYlhxaWZQczhtVG54emtDLWhNSUZkNDNCRnY5SHpUNHBJb3dOaUZQWTdURGhqNVRXakxRQUdHOVNkYUZNa0ktUXdtMTVnYmc?oc=5"" target=""_blank"">Bau Tak Sedap Lelang Cepat di Sebelah Istana (1)</a>&nbsp;&nbsp;<font color=""#6f6f6f"">Kompas.id</font>",,2019-11-20T08:00:00+00:00,https://news.google.com/rss/articles/CBMirgFBVV95cUxPblVTVDF4RFptaFN2bjJfMGhKenpBRkJfWUhSRlJkNFlvVTFpSGtmMmZsRV9Lcl9vVzJLZXRDeFdvYmNrUWFXd3Y4QmVMVFpRNmNibEJwT3VrQXVFYjNaS3gtalVKWDktYlhxaWZQczhtVG54emtDLWhNSUZkNDNCRnY5SHpUNHBJb3dOaUZQWTdURGhqNVRXakxRQUdHOVNkYUZNa0ktUXdtMTVnYmc?oc=5,2026-08-21T03:28:19.582824+00:00
38ce9a714299b6e830fe80c3,pupesdm,Dinas PUP-ESDM DIY,berita,ANTARA News Yogyakarta,"Dinas PUP-ESDM mengendalikan penurunan muka air tanah di DIY - ANTARA News Yogyakarta. <a href=""https://news.google.com/rss/articles/CBMipgFBVV95cUxPeEllc1lBYkp1Wldna1QyakNVNHF2ZUQ2aU5iN25mc2lRcUphYk1feXcwMG0zSjkzd0hhLWNEb25ORHVmSmozenVFOVVBRUlFY1V0TVBFMHdxLThiRmVHbGk1LXJiZmRjNHcxR1kxbnRySnBTOG5UOFVJVEZQcmJqSFdleXd0ZFhaZzFDMFdPaXl4dkVjMTdfaXBzZjZZaEh1TWM4VnJR?oc=5"" target=""_blank"">Dinas PUP-ESDM mengendalikan penurunan muka air tanah di DIY</a>&nbsp;&nbsp;<font color=""#6f6f6f"">ANTARA News Yogyakarta</font>",,2023-10-09T07:00:00+00:00,https://news.google.com/rss/articles/CBMipgFBVV95cUxPeEllc1lBYkp1Wldna1QyakNVNHF2ZUQ2aU5iN25mc2lRcUphYk1feXcwMG0zSjkzd0hhLWNEb25ORHVmSmozenVFOVVBRUlFY1V0TVBFMHdxLThiRmVHbGk1LXJiZmRjNHcxR1kxbnRySnBTOG5UOFVJVEZQcmJqSFdleXd0ZFhaZzFDMFdPaXl4dkVjMTdfaXBzZjZZaEh1TWM4VnJR?oc=5,2026-08-21T03:28:19.582824+00:00
5bfdf00155b9a8aa13680f8b,pupesdm,Dinas PUP-ESDM DIY,berita,Harian Jogja,"Dinas PUP ESDM DIY Belum Terima Laporan Kebocoran Pipa Lindi TPA Piyungan - Harian Jogja. <a href=""https://news.google.com/rss/articles/CBMivAFBVV95cUxOZkNxMnI5MWFyUnRzNzFPWTNIdG1sNDJXcFZCNlBUbVlMSzdVV0k2WThBaW1uMTB1WHMyeGFQT2lzaEkzVGlHWVhhbGp4TC1IMnEzWHpobExUT3J1aGduTW1sX0dsbXE1RWw1MVNJMll1RnpTUnlMQ3UtSklGV0VpMzR1RVAzNmYxWHFacnlGUU4xeGNSeFRjU0UyMVJPWFBKck43aFVlaDdKdzByN2kyVkdGMjNuX21lTGhrNg?oc=5"" target=""_blank"">Dinas PUP ESDM DIY Belum Terima Laporan Kebocoran Pipa Lindi TPA Piyungan</a>&nbsp;&nbsp;<font color=""#6f6f6f"">Harian Jogja</font>",,2024-03-13T07:00:00+00:00,https://news.google.com/rss/articles/CBMivAFBVV95cUxOZkNxMnI5MWFyUnRzNzFPWTNIdG1sNDJXcFZCNlBUbVlMSzdVV0k2WThBaW1uMTB1WHMyeGFQT2lzaEkzVGlHWVhhbGp4TC1IMnEzWHpobExUT3J1aGduTW1sX0dsbXE1RWw1MVNJMll1RnpTUnlMQ3UtSklGV0VpMzR1RVAzNmYxWHFacnlGUU4xeGNSeFRjU0UyMVJPWFBKck43aFVlaDdKdzByN2kyVkdGMjNuX21lTGhrNg?oc=5,2026-08-21T03:28:19.582824+00:00
7db7a62239f80a6b245de07f,pupesdm,Dinas PUP-ESDM DIY,berita,detikcom,"PUP ESDM DIY Tegaskan Perbukitan di Sleman Barat Bukan Wilayah Pertambangan! - detikcom. <a href=""https://news.google.com/rss/articles/CBMivAFBVV95cUxQTXBuWmNWblFiRXlkLVhBTTF4bi1ScWFvam54bThPU3N4X0swR3RrZjFsSmItTXFOdkZvUFBTQUlCclMyMnZHcWhka1QxTml6Z0FDMDZVVWNoZlBWUHVsXzBLNzRPM2ZBQ21pWmM5ZGxaMmVMTEVPYll6aUFpV3dCSk1QUi1MOGMteHRLLVctbmJmcGU2UlZtLWlreVg3N25tbW1JaDlCZnlhX3p2NXhSSVBINDRKSDZKZEgxWdIBwgFBVV95cUxNaDdHLUU1M2RONlpFT21UenhEczF2cTJndHZxZWFrLWJxYy13SExsVWE3MDdFZnlMcEowTWFEUF90WWRlVmJvWm1tRmhURW0xWkg3czZkYlR1ZHU2NFk0dTJkWGRvMTNFVF94YmZSS2lGOG5JMEhHaF9ETm9PQnRJajZjWUhOeUVHMkgtLTlFMGd4UE1NSHhLMFJMNDVqZ1lGQ3BKd3FHZ1JjTmFQVHVNcHN1S0RNbTJjR1FsUDNNYlduZw?oc=5"" target=""_blank"">PUP ESDM DIY Tegaskan Perbukitan di Sleman Barat Bukan Wilayah Pertambangan!</a>&nbsp;&nbsp;<font color=""#6f6f6f"">detikcom</font>",,2024-07-01T07:00:00+00:00,https://news.google.com/rss/articles/CBMivAFBVV95cUxQTXBuWmNWblFiRXlkLVhBTTF4bi1ScWFvam54bThPU3N4X0swR3RrZjFsSmItTXFOdkZvUFBTQUlCclMyMnZHcWhka1QxTml6Z0FDMDZVVWNoZlBWUHVsXzBLNzRPM2ZBQ21pWmM5ZGxaMmVMTEVPYll6aUFpV3dCSk1QUi1MOGMteHRLLVctbmJmcGU2UlZtLWlreVg3N25tbW1JaDlCZnlhX3p2NXhSSVBINDRKSDZKZEgxWdIBwgFBVV95cUxNaDdHLUU1M2RONlpFT21UenhEczF2cTJndHZxZWFrLWJxYy13SExsVWE3MDdFZnlMcEowTWFEUF90WWRlVmJvWm1tRmhURW0xWkg3czZkYlR1ZHU2NFk0dTJkWGRvMTNFVF94YmZSS2lGOG5JMEhHaF9ETm9PQnRJajZjWUhOeUVHMkgtLTlFMGd4UE1NSHhLMFJMNDVqZ1lGQ3BKd3FHZ1JjTmFQVHVNcHN1S0RNbTJjR1FsUDNNYlduZw?oc=5,2026-08-21T03:28:19.582824+00:00
d00648c1b1753227476f68c2,pupesdm,Dinas PUP-ESDM DIY,berita,Jogjaprov,"Detail Berita | Portal Resmi PEMDA DIY - Jogjaprov. <a href=""https://news.google.com/rss/articles/CBMiuwFBVV95cUxPeFFDZlhzNDRoLUk1cGk2TWE1Zk51Y2YtVTRYRTR0QkpiMUxLb2gtbGNHMUM0N2l4OFNTb0RfNm0zSGpoamh1NW1BMlNfelRuQ0h6dmgwU0JrS0hvYUw0YWd5OWt5T01HZHotOWV4bGliOV9JMnlhSmVHYzFDeDNPdHVxR3ktRGhOUkNSeng3MU9YdzZTaWo4X1Bkbm11LU1XVGthUlV0RW5FdGVseUNfR2dxZ0EwVkJyMWdv?oc=5"" target=""_blank"">Detail Berita | Portal Resmi PEMDA DIY</a>&nbsp;&nbsp;<font color=""#6f6f6f"">Jogjaprov</font>",,2024-12-23T08:00:00+00:00,https://news.google.com/rss/articles/CBMiuwFBVV95cUxPeFFDZlhzNDRoLUk1cGk2TWE1Zk51Y2YtVTRYRTR0QkpiMUxLb2gtbGNHMUM0N2l4OFNTb0RfNm0zSGpoamh1NW1BMlNfelRuQ0h6dmgwU0JrS0hvYUw0YWd5OWt5T01HZHotOWV4bGliOV9JMnlhSmVHYzFDeDNPdHVxR3ktRGhOUkNSeng3MU9YdzZTaWo4X1Bkbm11LU1XVGthUlV0RW5FdGVseUNfR2dxZ0EwVkJyMWdv?oc=5,2026-08-21T03:28:19.582824+00:00
eccf739ab87e3dd3c4db5d60,pupesdm,Dinas PUP-ESDM DIY,berita,detikcom,"Jalan Godean Direhab Usai Lebaran, Pemda DIY Alokasikan Rp 11 M - detikcom. <a href=""https://news.google.com/rss/articles/CBMiqwFBVV95cUxNZ3VuVzFYTkd5R3ZuOTVvcnNkeGs3Mk1PZTM3T0VoUlVBYlQybGRyazhnX2E3bTE0LTQzcWx1TC1hUDZhTlVYZzd3SEdMSi1Jb1lNQnJmVFRpbC1WLVRYRzVQNjEyc2tmb2U2RUtZNEl6a0RXdnNWTm5hd3VIeWRlU3ppOGRFUi1DUHBFbHFNNXdlb0J2cTNnZ09OMWNaSlJKRU9sNVppSTB3UGfSAbABQVVfeXFMUDhobjE3aW5PWkhINm55Q0xMOU4xZjBLN2pXSktEWDdORVNWajctdi1yb3A5RzNPY3lRUGFqUHRmanhvTUUzcDhhd2dZYlBnNGFWU3M2ZFdFWkIyN0pPejBwbm13M2ZqZzdMaXFHRXB2eVBZdVRIbnpaWnVudFA0aU42aXk3VGtYVnB3Q3NUb2I4enJnSVFEaGxoWV9VYmEwLXV3Q21jMjJ5dnBRM2lSUEE?oc=5"" target=""_blank"">Jalan Godean Direhab Usai Lebaran, Pemda DIY Alokasikan Rp 11 M</a>&nbsp;&nbsp;<font color=""#6f6f6f"">detikcom</font>",,2024-04-04T07:00:00+00:00,https://news.google.com/rss/articles/CBMiqwFBVV95cUxNZ3VuVzFYTkd5R3ZuOTVvcnNkeGs3Mk1PZTM3T0VoUlVBYlQybGRyazhnX2E3bTE0LTQzcWx1TC1hUDZhTlVYZzd3SEdMSi1Jb1lNQnJmVFRpbC1WLVRYRzVQNjEyc2tmb2U2RUtZNEl6a0RXdnNWTm5hd3VIeWRlU3ppOGRFUi1DUHBFbHFNNXdlb0J2cTNnZ09OMWNaSlJKRU9sNVppSTB3UGfSAbABQVVfeXFMUDhobjE3aW5PWkhINm55Q0xMOU4xZjBLN2pXSktEWDdORVNWajctdi1yb3A5RzNPY3lRUGFqUHRmanhvTUUzcDhhd2dZYlBnNGFWU3M2ZFdFWkIyN0pPejBwbm13M2ZqZzdMaXFHRXB2eVBZdVRIbnpaWnVudFA0aU42aXk3VGtYVnB3Q3NUb2I4enJnSVFEaGxoWV9VYmEwLXV3Q21jMjJ5dnBRM2lSUEE?oc=5,2026-08-21T03:28:19.582824+00:00
b96da5291ee6fa479605d1bc,pupesdm,Dinas PUP-ESDM DIY,berita,ANTARA News Yogyakarta,"Pemda DIY menutup empat lokasi tambang ilegal - ANTARA News Yogyakarta. <a href=""https://news.google.com/rss/articles/CBMikgFBVV95cUxPaE93ckdaaC1SQWJHbVlMZzh6TVNDN3EtOGw1VVE4QUlyNU1jdElFbFNMUzZSRlVIcWg5U1VHRkdLQmtVSGIzWFY0ODdzblQ1QkkzRVpMdjROWUctcDF3dzBSVFhwV2JWRGZNanR5cHFvM3VDVThLMG1BZkZBOXVobXhIWHhObFRnbTRBR1haaHNuZw?oc=5"" target=""_blank"">Pemda DIY menutup empat lokasi tambang ilegal</a>&nbsp;&nbsp;<font color=""#6f6f6f"">ANTARA News Yogyakarta</font>",,2024-07-17T07:00:00+00:00,https://news.google.com/rss/articles/CBMikgFBVV95cUxPaE93ckdaaC1SQWJHbVlMZzh6TVNDN3EtOGw1VVE4QUlyNU1jdElFbFNMUzZSRlVIcWg5U1VHRkdLQmtVSGIzWFY0ODdzblQ1QkkzRVpMdjROWUctcDF3dzBSVFhwV2JWRGZNanR5cHFvM3VDVThLMG1BZkZBOXVobXhIWHhObFRnbTRBR1haaHNuZw?oc=5,2026-08-21T03:28:19.582824+00:00
a2428298c633a81c4552889f,pupesdm,Dinas PUP-ESDM DIY,berita,detikcom,"Dinilai Curam, Jalur Clongop Gunungkidul Bakal Dinormalisasi - detikcom. <a href=""https://news.google.com/rss/articles/CBMipwFBVV95cUxOX3N1S3RaaGJrYUZDWVRabS1zVHZRUW1SMDJEMUFIREtScGhONVlYREFUUVpxRlFJUVZwamZVeHd0aEN4cWl4Y3hGeHg3YjBYSHNPOVNuZ3hSMlVmb0wyYndqdnVhTk16MmcxY08xWEs3dDJZT3QxLXI4SjZFcE9wbVMwbHFXWjR1QzBXU2ladHE4dk03R1BPRGF3M1A2SE1iWWxLeDFIQdIBrAFBVV95cUxNMi1aSTZDNVI0OXU2c0JCdU8xWFZYS3BEbnR6QTdxbkNRN1JBOWlzSjEwU0xmc3A5bDBneFhMQkxNRmk1Z0xzOEpqM2R2dnc0eXRpendLNjg0Y1dGRnRXZjU3RFJQTE5Bc0NBRVJFUzd5NElEQkdzY24zRDNhRXNLeEhSbl81MWtKRmpYaEUzem1GWXFqUTVJTUFSR2ZHQUtXM05nMXUzX0FHZXB0?oc=5"" target=""_blank"">Dinilai Curam, Jalur Clongop Gunungkidul Bakal Dinormalisasi</a>&nbsp;&nbsp;<font color=""#6f6f6f"">detikcom</font>",,2024-04-21T07:00:00+00:00,https://news.google.com/rss/articles/CBMipwFBVV95cUxOX3N1S3RaaGJrYUZDWVRabS1zVHZRUW1SMDJEMUFIREtScGhONVlYREFUUVpxRlFJUVZwamZVeHd0aEN4cWl4Y3hGeHg3YjBYSHNPOVNuZ3hSMlVmb0wyYndqdnVhTk16MmcxY08xWEs3dDJZT3QxLXI4SjZFcE9wbVMwbHFXWjR1QzBXU2ladHE4dk03R1BPRGF3M1A2SE1iWWxLeDFIQdIBrAFBVV95cUxNMi1aSTZDNVI0OXU2c0JCdU8xWFZYS3BEbnR6QTdxbkNRN1JBOWlzSjEwU0xmc3A5bDBneFhMQkxNRmk1Z0xzOEpqM2R2dnc0eXRpendLNjg0Y1dGRnRXZjU3RFJQTE5Bc0NBRVJFUzd5NElEQkdzY24zRDNhRXNLeEhSbl81MWtKRmpYaEUzem1GWXFqUTVJTUFSR2ZHQUtXM05nMXUzX0FHZXB0?oc=5,2026-08-21T03:28:19.582824+00:00
6f6f379a7863ad82f9003374,pupesdm,Dinas PUP-ESDM DIY,berita,TIMES Indonesia,"Balai Pialam PUP-ESDM DIY Siap Perbaiki Sistem dan Kualitas SPAM Kartamantul - TIMES Indonesia. <a href=""https://news.google.com/rss/articles/CBMixwFBVV95cUxQUjF4QnhqMTJITmQ5aExLS3A2N3RGZEdac1NCcURyczJ0WE16dHU2UXoyaUthSHpZMkpwTFoxcjdqZ3pDMFIyNVZNOE5xd2VHNUhzY2J1bEs5ejAyNXd0Wi1seExVcHU5eFRKV0FNUVZkcW1zN1prRTc5XzlvVnRJdkpDX0FOMk1qN0h3VDNRVUVVX1YzNnVuTEN1eHlKcko2c0VfZHhRSkRHR2xRQ0t3Tk5OT0lmSHhpTWs4TnQxTlBFc0dYZjhr?oc=5"" target=""_blank"">Balai Pialam PUP-ESDM DIY Siap Perbaiki Sistem dan Kualitas SPAM Kartamantul</a>&nbsp;&nbsp;<font color=""#6f6f6f"">TIMES Indonesia</font>",,2019-10-10T07:00:00+00:00,https://news.google.com/rss/articles/CBMixwFBVV95cUxQUjF4QnhqMTJITmQ5aExLS3A2N3RGZEdac1NCcURyczJ0WE16dHU2UXoyaUthSHpZMkpwTFoxcjdqZ3pDMFIyNVZNOE5xd2VHNUhzY2J1bEs5ejAyNXd0Wi1seExVcHU5eFRKV0FNUVZkcW1zN1prRTc5XzlvVnRJdkpDX0FOMk1qN0h3VDNRVUVVX1YzNnVuTEN1eHlKcko2c0VfZHhRSkRHR2xRQ0t3Tk5OT0lmSHhpTWs4TnQxTlBFc0dYZjhr?oc=5,2026-08-21T03:28:19.582824+00:00
1175deb7ec10acfed7cd915c,pupesdm,Dinas PUP-ESDM DIY,berita,detikcom,"Tok! TPA Piyungan Ditutup Besok, Bakal Dibangun Pagar Keliling 3 Km - detikcom. <a href=""https://news.google.com/rss/articles/CBMirwFBVV95cUxPREZZN05kNjRXbDQzYTdtZFlnNW13ZnZ0cFEzclhYbnJJWk40VHFCRGhCZkVfQ0FWUlNuUW9jb3hMcllQZzVoZUtzcEhsR0E0Z1YtdGRyTG5qelhGakR2WWZEUGU5Y3hzaUxDMm1RQ1FXeHV3dUtaUGw0dVdMVzNvZEpuNXo2WjBES1FYMDF3c1VDbUVfRlpJOU5IWmphQ1ZGUWExbTVrOGY3TzktMW0w0gG0AUFVX3lxTE9ubFpoNnNqU1BoUEJOWmlVTE5uSjVwMWZZelpjVmNISGs1WFlHWjcxSWRWV0NEc3M2c3MwUDU4VmtiVUQ3cndGWnJZOXlHaENpeXJ6YS1iOFpuOENsUFRvWjhrTVBUdF9jQ0xOdHNtdW04ODZ0ZUpCLUZpNzhzbmplaGpRLWxkTnNZZmRxR1hYVjR2MmNUbzY4VHUzRUU3X3ZOd0lqRHh4M01xUk9rdFg5THlmNQ?oc=5"" target=""_blank"">Tok! TPA Piyungan Ditutup Besok, Bakal Dibangun Pagar Keliling 3 Km</a>&nbsp;&nbsp;<font color=""#6f6f6f"">detikcom</font>",,2024-04-29T07:00:00+00:00,https://news.google.com/rss/articles/CBMirwFBVV95cUxPREZZN05kNjRXbDQzYTdtZFlnNW13ZnZ0cFEzclhYbnJJWk40VHFCRGhCZkVfQ0FWUlNuUW9jb3hMcllQZzVoZUtzcEhsR0E0Z1YtdGRyTG5qelhGakR2WWZEUGU5Y3hzaUxDMm1RQ1FXeHV3dUtaUGw0dVdMVzNvZEpuNXo2WjBES1FYMDF3c1VDbUVfRlpJOU5IWmphQ1ZGUWExbTVrOGY3TzktMW0w0gG0AUFVX3lxTE9ubFpoNnNqU1BoUEJOWmlVTE5uSjVwMWZZelpjVmNISGs1WFlHWjcxSWRWV0NEc3M2c3MwUDU4VmtiVUQ3cndGWnJZOXlHaENpeXJ6YS1iOFpuOENsUFRvWjhrTVBUdF9jQ0xOdHNtdW04ODZ0ZUpCLUZpNzhzbmplaGpRLWxkTnNZZmRxR1hYVjR2MmNUbzY4VHUzRUU3X3ZOd0lqRHh4M01xUk9rdFg5THlmNQ?oc=5,2026-08-21T03:28:19.582824+00:00
c46587674da5829aa2772dbf,pupesdm,Dinas PUP-ESDM DIY,berita,detikcom,"Polisi Selidiki Fortuner Pakai Pelat Dinas Palsu AB 23 Viral Bantu Ambulans - detikcom. <a href=""https://news.google.com/rss/articles/CBMivAFBVV95cUxQSnFHbGlrTGwzRUhtOUFManlvWXRFdnBQUERPVHN4ckVyRHJVd2Z6ZDh5UERFa2hZX2V2Ul9XMWNZaFROb2k2QUwyWVl2b19zLXBqSEtlZVFZd3E5ZFplT3h5bDQ1SXowc0hKQ3NFRXpkQTdxSWhfWlkwZ05NTnJ2cDVTU0NoWHZFcHNiU19uRFJ0LTVtQVE2SnRiUWJzTmJrN0h0blBXbG9YLXFsVlllV3pNTmtyZU8tZkRHUNIBwgFBVV95cUxPYUo4djZRbUsxanhhdEVSNXJuMjBlcFp4YWZqbWZxMWtWYTZka1ZyX0NWejJmNzQ1WVFxSnB2bmtXMFg4NHp1aUJyUmJwRDRTYU5CRTJOZmwxeUhDSkVyejg4bUxiZXVTclFWZ0lXX0gwZTNNR090RmhoazJnNThmWGlxY2xXVG1kZ085XzZIb2wtcjZBTUtZd0J3S21HelZOT1ljRVFFbTY2ZWcxdlZKNFQ3c0stWGlDR1RzaDJORnVNZw?oc=5"" target=""_blank"">Polisi Selidiki Fortuner Pakai Pelat Dinas Palsu AB 23 Viral Bantu Ambulans</a>&nbsp;&nbsp;<font color=""#6f6f6f"">detikcom</font>",,2025-07-17T07:00:00+00:00,https://news.google.com/rss/articles/CBMivAFBVV95cUxQSnFHbGlrTGwzRUhtOUFManlvWXRFdnBQUERPVHN4ckVyRHJVd2Z6ZDh5UERFa2hZX2V2Ul9XMWNZaFROb2k2QUwyWVl2b19zLXBqSEtlZVFZd3E5ZFplT3h5bDQ1SXowc0hKQ3NFRXpkQTdxSWhfWlkwZ05NTnJ2cDVTU0NoWHZFcHNiU19uRFJ0LTVtQVE2SnRiUWJzTmJrN0h0blBXbG9YLXFsVlllV3pNTmtyZU8tZkRHUNIBwgFBVV95cUxPYUo4djZRbUsxanhhdEVSNXJuMjBlcFp4YWZqbWZxMWtWYTZka1ZyX0NWejJmNzQ1WVFxSnB2bmtXMFg4NHp1aUJyUmJwRDRTYU5CRTJOZmwxeUhDSkVyejg4bUxiZXVTclFWZ0lXX0gwZTNNR090RmhoazJnNThmWGlxY2xXVG1kZ085XzZIb2wtcjZBTUtZd0J3S21HelZOT1ljRVFFbTY2ZWcxdlZKNFQ3c0stWGlDR1RzaDJORnVNZw?oc=5,2026-08-21T03:28:19.582824+00:00
9784a3fb71c2dc2989191c9b,pupesdm,Dinas PUP-ESDM DIY,berita,detikcom,"Pemda DIY Ungkap Alasan Munculnya Wacana Plengkung Gading Ditutup - detikcom. <a href=""https://news.google.com/rss/articles/CBMirwFBVV95cUxQdnM1X1RqMkdKRkliTXdtZGNqR0VDN3VPRlhxVnRkaU82OG01MHdzUXBkdU1UeEFiMUNrQnotTjJZanR3b3hhYVdqcmJVc0ZZOFRZNlJKdmpfQl8zT21FZTZBRUdIcGU1TDFNWEdPV2t1YTFxS3I4TVY4bV8zTmdBQThXQXduTDdGYzZDVUtQY1JUQ0xlMmtsZ3RhRl83SlFvQmo3Q0dvZUdHdmtMektN0gG0AUFVX3lxTE16aGtJTEJKd1I5WkRZa0k1bGlIMjhfakc4RzVsNk16eWhFeTZ6clE3c1o5b28yVm4wMERpMFlDdHNhS2FaeUd5LUN3cU9UVDRLMGVxMFZTMEJGWC1ISzlNeG0yUEg2b01XY1hzeG0xdHFyTnpiUnF3UlI2d3BGTjAwWDEzazVxbHNqUUw4bnVKZ0xTSER0eTB4VHBGWTNRLTlYSkpuNzZNODZyWFlTcVNnYW44Uw?oc=5"" target=""_blank"">Pemda DIY Ungkap Alasan Munculnya Wacana Plengkung Gading Ditutup</a>&nbsp;&nbsp;<font color=""#6f6f6f"">detikcom</font>",,2025-01-23T08:00:00+00:00,https://news.google.com/rss/articles/CBMirwFBVV95cUxQdnM1X1RqMkdKRkliTXdtZGNqR0VDN3VPRlhxVnRkaU82OG01MHdzUXBkdU1UeEFiMUNrQnotTjJZanR3b3hhYVdqcmJVc0ZZOFRZNlJKdmpfQl8zT21FZTZBRUdIcGU1TDFNWEdPV2t1YTFxS3I4TVY4bV8zTmdBQThXQXduTDdGYzZDVUtQY1JUQ0xlMmtsZ3RhRl83SlFvQmo3Q0dvZUdHdmtMektN0gG0AUFVX3lxTE16aGtJTEJKd1I5WkRZa0k1bGlIMjhfakc4RzVsNk16eWhFeTZ6clE3c1o5b28yVm4wMERpMFlDdHNhS2FaeUd5LUN3cU9UVDRLMGVxMFZTMEJGWC1ISzlNeG0yUEg2b01XY1hzeG0xdHFyTnpiUnF3UlI2d3BGTjAwWDEzazVxbHNqUUw4bnVKZ0xTSER0eTB4VHBGWTNRLTlYSkpuNzZNODZyWFlTcVNnYW44Uw?oc=5,2026-08-21T03:28:19.582824+00:00
cacb9577e60abf581f7d670c,pupesdm,Dinas PUP-ESDM DIY,berita,Kompas.com,"Rumah Terdampak Tambang Urug di Gunungkidul Tidak Direlokasi - Kompas.com. <a href=""https://news.google.com/rss/articles/CBMitwFBVV95cUxNZUc0WU5xa1Z6dC1LcC1hcVlCdTg0Tk9FWkRETGNrLUh5cUJmN1lpRkFXTTk0VDF3MmFfQUlpVk5ISlJZeVhKVmFrMVNWRXZ6c2h6TlR5QzhiT2JtODZGNVBBcWtoSU5LMGluVmxxb2kxTkxNN3lZU2Q3b19oS3VicHZJZXFucXlxZ1dGOG1SMlQ3Q0ZUVTl0YW9wd0hvdmJ6ZWhxRUdwbXM2M1h0ZnZMc3ZyTmVUMm8?oc=5"" target=""_blank"">Rumah Terdampak Tambang Urug di Gunungkidul Tidak Direlokasi</a>&nbsp;&nbsp;<font color=""#6f6f6f"">Kompas.com</font>",,2024-06-18T07:00:00+00:00,https://news.google.com/rss/articles/CBMitwFBVV95cUxNZUc0WU5xa1Z6dC1LcC1hcVlCdTg0Tk9FWkRETGNrLUh5cUJmN1lpRkFXTTk0VDF3MmFfQUlpVk5ISlJZeVhKVmFrMVNWRXZ6c2h6TlR5QzhiT2JtODZGNVBBcWtoSU5LMGluVmxxb2kxTkxNN3lZU2Q3b19oS3VicHZJZXFucXlxZ1dGOG1SMlQ3Q0ZUVTl0YW9wd0hvdmJ6ZWhxRUdwbXM2M1h0ZnZMc3ZyTmVUMm8?oc=5,2026-08-21T03:28:19.582824+00:00
114dd0f4adca357955c09a25,pupesdm,Dinas PUP-ESDM DIY,berita,detikcom,"Ramai Video Fortuner AB 23 Bantu Ambulans di Pekanbaru, Polda DIY: Pelat Palsu! - detikcom. <a href=""https://news.google.com/rss/articles/CBMivgFBVV95cUxNQ0x4cnJ5NmtDZ1ZPdmJfcHNSSllTVEd5QzNTX3lSdU5NU2s1SjQ5TWlIQTdpdUN0TVdoTG5xazR4Ymx0ODgwUGk1ZXFMeXZVY2pad0MyQlJrSnNUeDJFb3Rkd21DM1ZjZmVUc1lLYVVINmxENHpaUXBsVlNvV1VpZEFuQ2tvR0VlWnVDZ3ZVREFTblJNLVVsa3NvQjNMd0lOS1ZkSHpmZjNYeDZ0ZU45d1RUYmstMkFBOHQ1ajVB0gHDAUFVX3lxTE56cVB0VkdEeHBZbXVZXzFRZ1A5T0w0LThtUUFqVElOUmpYNE1EbnpaeXBhX2FEYXVDZ1V4TEdWTVAwMUxmVVo4cW5nUUR5VXI3WmxLYURkR3U4WWNqODF1R0hZQ2pRQWJjMmNtZllQd0Z5YzIwU04tRnJwY29KazVnX0pmTVJ3ZUV0VEw1YW5KYmV5RGZRSG1CeFBsNE1LTUYtaWtFNU5obzZGOEdwUDZMVkF1dUlBbXI0cndsN3BtLW1JNA?oc=5"" target=""_blank"">Ramai Video Fortuner AB 23 Bantu Ambulans di Pekanbaru, Polda DIY: Pelat Palsu!</a>&nbsp;&nbsp;<font color=""#6f6f6f"">detikcom</font>",,2025-07-16T07:00:00+00:00,https://news.google.com/rss/articles/CBMivgFBVV95cUxNQ0x4cnJ5NmtDZ1ZPdmJfcHNSSllTVEd5QzNTX3lSdU5NU2s1SjQ5TWlIQTdpdUN0TVdoTG5xazR4Ymx0ODgwUGk1ZXFMeXZVY2pad0MyQlJrSnNUeDJFb3Rkd21DM1ZjZmVUc1lLYVVINmxENHpaUXBsVlNvV1VpZEFuQ2tvR0VlWnVDZ3ZVREFTblJNLVVsa3NvQjNMd0lOS1ZkSHpmZjNYeDZ0ZU45d1RUYmstMkFBOHQ1ajVB0gHDAUFVX3lxTE56cVB0VkdEeHBZbXVZXzFRZ1A5T0w0LThtUUFqVElOUmpYNE1EbnpaeXBhX2FEYXVDZ1V4TEdWTVAwMUxmVVo4cW5nUUR5VXI3WmxLYURkR3U4WWNqODF1R0hZQ2pRQWJjMmNtZllQd0Z5YzIwU04tRnJwY29KazVnX0pmTVJ3ZUV0VEw1YW5KYmV5RGZRSG1CeFBsNE1LTUYtaWtFNU5obzZGOEdwUDZMVkF1dUlBbXI0cndsN3BtLW1JNA?oc=5,2026-08-21T03:28:19.582824+00:00
808c27850f2e6d7f822ef5d4,pupesdm,Dinas PUP-ESDM DIY,berita,ANTARA News Yogyakarta,"DIY perbaiki jalan longsor akses Sentolo-Nanggulan mulai Februari 2025 - ANTARA News Yogyakarta. <a href=""https://news.google.com/rss/articles/CBMiswFBVV95cUxQRndlRGlILXdMNFItRzNidkRQTUZyaE5mNzg2d2R6c0t0c2djVmpEclZOMUZMNkdZZXAwOE9TWldGWXVhcGMwT0Y0MVUyOTJTQ1VZMkFNRGpqWlZkRHJHWEZvVV9WTGN0SDcyUkwycU9mSWxSbXI4cHlIZDJWMDZENERKVkc5RmRxV3R3emNHT2VKcjNLdkFGNXc0aWFKbnlPb0diMFUwNEdpdjdCUWN2ZFgxZw?oc=5"" target=""_blank"">DIY perbaiki jalan longsor akses Sentolo-Nanggulan mulai Februari 2025</a>&nbsp;&nbsp;<font color=""#6f6f6f"">ANTARA News Yogyakarta</font>",,2025-01-10T08:00:00+00:00,https://news.google.com/rss/articles/CBMiswFBVV95cUxQRndlRGlILXdMNFItRzNidkRQTUZyaE5mNzg2d2R6c0t0c2djVmpEclZOMUZMNkdZZXAwOE9TWldGWXVhcGMwT0Y0MVUyOTJTQ1VZMkFNRGpqWlZkRHJHWEZvVV9WTGN0SDcyUkwycU9mSWxSbXI4cHlIZDJWMDZENERKVkc5RmRxV3R3emNHT2VKcjNLdkFGNXc0aWFKbnlPb0diMFUwNEdpdjdCUWN2ZFgxZw?oc=5,2026-08-21T03:28:19.582824+00:00
b11d64ae1f7ba3b5037d6c30,pupesdm,Dinas PUP-ESDM DIY,berita,detikNews,"Tata TPST Piyungan yang Overload, Pemda DIY Kucurkan Rp 14 M - detikNews. <a href=""https://news.google.com/rss/articles/CBMisAFBVV95cUxOazNBMVNkcGNRZk1hVExyOGVWVnJBLXB6Vkpod1F1TzY5TjJXWXVHNE1YXzFOSF9oclJjd3hsZHZ2SEtQbUVob2pEeUc4c0JvcURSZVRLZFFkbU1HWVZZZDg2X3lEUERBSTlPVndjemUwTTdkNFFsQ3Y3UFdZQV9QZ25CVVBxOVIwaFItcTVqWEpLOHhJTGRmZHkwcEVjM3hDMlhkWk1UREFzMWVlLVhmeA?oc=5"" target=""_blank"">Tata TPST Piyungan yang Overload, Pemda DIY Kucurkan Rp 14 M</a>&nbsp;&nbsp;<font color=""#6f6f6f"">detikNews</font>",,2020-02-10T08:00:00+00:00,https://news.google.com/rss/articles/CBMisAFBVV95cUxOazNBMVNkcGNRZk1hVExyOGVWVnJBLXB6Vkpod1F1TzY5TjJXWXVHNE1YXzFOSF9oclJjd3hsZHZ2SEtQbUVob2pEeUc4c0JvcURSZVRLZFFkbU1HWVZZZDg2X3lEUERBSTlPVndjemUwTTdkNFFsQ3Y3UFdZQV9QZ25CVVBxOVIwaFItcTVqWEpLOHhJTGRmZHkwcEVjM3hDMlhkWk1UREFzMWVlLVhmeA?oc=5,2026-08-21T03:28:19.582824+00:00
809f047e3e3db22eaef68144,pupesdm,Dinas PUP-ESDM DIY,berita,detikcom,"15,5 Km Jalan Godean dan Klangon-Tempel Rusak, Perbaikan Tahun Depan - detikcom. <a href=""https://news.google.com/rss/articles/CBMisgFBVV95cUxPOTRJeU5OYVhSejhmRkNPa242Mk1nRUJTeFFxdzI1U0YwU0FsYWNVdldzNkN3ak9MVWxfVjAzaWZyNjRqZWVYeUFYQlBaYlhMVlNiNXp0MnROYWI1bmNjNVYza3ZhNTMybVVPd2c3SC1XM3o1aXR3bHBEbDVHSWNDRkRSOGhMZVVETm5TVVd0YUVXQzJseThfYW1PR1YtTDh4OVVCMHpiakNGTUl1M0hycTln0gG3AUFVX3lxTE45bmkyMEVKeE9MS0VBNjB6b3VNYklmXzNBcm9ydkpIb2NjWmdkNFNTZTZzRC1FT0U2VnVNSTJvSUcyVjlfdjB5YXp1RlBENXhCVmFkN3p6SDNEeE5xdmY1QnU2MUx0bVBUQzNQTkFkOUJaZ280OUY1UEQ5SGJZWXFUWkYxY1p4cEllS3dWUFBnM1VjckJqRjd2UlhhNzYtWGZNR0J3UkRRT3ZYTFBHUWRtUjFsajM1UQ?oc=5"" target=""_blank"">15,5 Km Jalan Godean dan Klangon-Tempel Rusak, Perbaikan Tahun Depan</a>&nbsp;&nbsp;<font color=""#6f6f6f"">detikcom</font>",,2024-10-23T07:00:00+00:00,https://news.google.com/rss/articles/CBMisgFBVV95cUxPOTRJeU5OYVhSejhmRkNPa242Mk1nRUJTeFFxdzI1U0YwU0FsYWNVdldzNkN3ak9MVWxfVjAzaWZyNjRqZWVYeUFYQlBaYlhMVlNiNXp0MnROYWI1bmNjNVYza3ZhNTMybVVPd2c3SC1XM3o1aXR3bHBEbDVHSWNDRkRSOGhMZVVETm5TVVd0YUVXQzJseThfYW1PR1YtTDh4OVVCMHpiakNGTUl1M0hycTln0gG3AUFVX3lxTE45bmkyMEVKeE9MS0VBNjB6b3VNYklmXzNBcm9ydkpIb2NjWmdkNFNTZTZzRC1FT0U2VnVNSTJvSUcyVjlfdjB5YXp1RlBENXhCVmFkN3p6SDNEeE5xdmY1QnU2MUx0bVBUQzNQTkFkOUJaZ280OUY1UEQ5SGJZWXFUWkYxY1p4cEllS3dWUFBnM1VjckJqRjd2UlhhNzYtWGZNR0J3UkRRT3ZYTFBHUWRtUjFsajM1UQ?oc=5,2026-08-21T03:28:19.582824+00:00
283bde9ce8d2a33534591a37,pupesdm,Dinas PUP-ESDM DIY,google_maps,Yanwar Iswahyudi,"Kantor Dinas Pekerjaan Umum, Perumahan dan ESDM Prov DI Yogyakarta.

Yang mengurusi sarana prasarana dan infrastruktur serta energi dan sumber daya mineral di DI Yogyakarta.",4.0,9 tahun lalu,"https://www.google.com/maps/place/Dinas+Pekerjaan+Umum,+Perumahan+Dan+Energi+Sumber+Daya+Mineral+Daerah+Istimewa+Yogyakarta/@-7.7861887,110.3602251,17z/data=!4m8!3m7!1s0x2e7a5824ccc169f7:0x43b18867d78d6c59!8m2!3d-7.786194!4d110.3628!9m1!1b1!16s%2Fg%2F1hm6fk4x2?entry=ttu&g_ep=EgoyMDI2MDgxNy4wIKXMDSoASAFQAw%3D%3D",2026-08-21T03:30:57.814761+00:00
4e27b523911be09fcc93f1d1,pupesdm,Dinas PUP-ESDM DIY,google_maps,Setyo Budi Sungkowo,Depan SMK 7 JALAN NYA GA RATA SAYA SELAKU KEPSEK KECEWA,1.0,3 bulan lalu,"https://www.google.com/maps/place/Dinas+Pekerjaan+Umum,+Perumahan+Dan+Energi+Sumber+Daya+Mineral+Daerah+Istimewa+Yogyakarta/@-7.7861887,110.3602251,17z/data=!4m8!3m7!1s0x2e7a5824ccc169f7:0x43b18867d78d6c59!8m2!3d-7.786194!4d110.3628!9m1!1b1!16s%2Fg%2F1hm6fk4x2?entry=ttu&g_ep=EgoyMDI2MDgxNy4wIKXMDSoASAFQAw%3D%3D",2026-08-21T03:30:57.910897+00:00
465adb1ab6dab717779afef7,pupesdm,Dinas PUP-ESDM DIY,google_maps,Severus Heru,"Tolong habis bersih2 selokan di wirobrajan, bagorannya isi tanah jangan ditinggal dong, masak kami yg membersihkan sisa pekerjaan kalian pak",1.0,7 bulan lalu,"https://www.google.com/maps/place/Dinas+Pekerjaan+Umum,+Perumahan+Dan+Energi+Sumber+Daya+Mineral+Daerah+Istimewa+Yogyakarta/@-7.7861887,110.3602251,17z/data=!4m8!3m7!1s0x2e7a5824ccc169f7:0x43b18867d78d6c59!8m2!3d-7.786194!4d110.3628!9m1!1b1!16s%2Fg%2F1hm6fk4x2?entry=ttu&g_ep=EgoyMDI2MDgxNy4wIKXMDSoASAFQAw%3D%3D",2026-08-21T03:30:58.006627+00:00
93842698de003f8f004390b4,pupesdm,Dinas PUP-ESDM DIY,google_maps,Ignatius Engga,"Berhubung RUMITNYA pengurusan IZIN , saya Mau konsultasi usaha penjualan BBM industri skala kecil wilayah Provinsi Yogyakarta bisa tidak yaa? Mohon dijawab nggeh, dan kalau bisa harus menghadap ke kantor mana dan bagian apa...",5.0,Diedit 2 tahun lalu,"https://www.google.com/maps/place/Dinas+Pekerjaan+Umum,+Perumahan+Dan+Energi+Sumber+Daya+Mineral+Daerah+Istimewa+Yogyakarta/@-7.7861887,110.3602251,17z/data=!4m8!3m7!1s0x2e7a5824ccc169f7:0x43b18867d78d6c59!8m2!3d-7.786194!4d110.3628!9m1!1b1!16s%2Fg%2F1hm6fk4x2?entry=ttu&g_ep=EgoyMDI2MDgxNy4wIKXMDSoASAFQAw%3D%3D",2026-08-21T03:30:58.104286+00:00
cd07c27cda212e45feee6e64,pupesdm,Dinas PUP-ESDM DIY,google_maps,dalu listyandaru,"Kantor Dinas Pekerjaan Umum, Perumahan Dan Energi Sumber Daya Mineral Propinsi Daerah Istimewa Yogyakarta

Ke tempat ini untuk pengajuan Perizinan Penggunaan Air Tanah dan SPAH ,
dilayani dengan baik dan Profesional ,
serta diarahkan untuk proses Pembuatan Dokumen Persyaratan.

Semoga kedepannya akan lebih baik lagi bagi Pelayanan Publik.",5.0,4 tahun lalu,"https://www.google.com/maps/place/Dinas+Pekerjaan+Umum,+Perumahan+Dan+Energi+Sumber+Daya+Mineral+Daerah+Istimewa+Yogyakarta/@-7.7861887,110.3602251,17z/data=!4m8!3m7!1s0x2e7a5824ccc169f7:0x43b18867d78d6c59!8m2!3d-7.786194!4d110.3628!9m1!1b1!16s%2Fg%2F1hm6fk4x2?entry=ttu&g_ep=EgoyMDI2MDgxNy4wIKXMDSoASAFQAw%3D%3D",2026-08-21T03:30:58.199013+00:00
45a4f2546ff480cc178ec6b5,pupesdm,Dinas PUP-ESDM DIY,google_maps,Ali Musthofa,Mantap .... Bersih Melayani ..In Sya Allah,4.0,5 tahun lalu,"https://www.google.com/maps/place/Dinas+Pekerjaan+Umum,+Perumahan+Dan+Energi+Sumber+Daya+Mineral+Daerah+Istimewa+Yogyakarta/@-7.7861887,110.3602251,17z/data=!4m8!3m7!1s0x2e7a5824ccc169f7:0x43b18867d78d6c59!8m2!3d-7.786194!4d110.3628!9m1!1b1!16s%2Fg%2F1hm6fk4x2?entry=ttu&g_ep=EgoyMDI2MDgxNy4wIKXMDSoASAFQAw%3D%3D",2026-08-21T03:30:58.296787+00:00
c030592925786835db279af2,pupesdm,Dinas PUP-ESDM DIY,google_maps,MAMITAKA,"Dinas pekerjaan umum, perumahan, dan energi dan sumber daya mineral. Dinas ini berada di bawah D.I. Yogyakarta. Menangani pembangunan infrastruktur, penataan perumahan, dan pengelolaan energi dan sumber daya mineral. Tanggung jawab yang besar dari dinas ini menjadikan beberapa bidang berada di bawah dinas ini. Antara lain bidang esdm yang menangani energi dan sumber daya mineral di D.I. Yogyakarya.",4.0,8 tahun lalu,"https://www.google.com/maps/place/Dinas+Pekerjaan+Umum,+Perumahan+Dan+Energi+Sumber+Daya+Mineral+Daerah+Istimewa+Yogyakarta/@-7.7861887,110.3602251,17z/data=!4m8!3m7!1s0x2e7a5824ccc169f7:0x43b18867d78d6c59!8m2!3d-7.786194!4d110.3628!9m1!1b1!16s%2Fg%2F1hm6fk4x2?entry=ttu&g_ep=EgoyMDI2MDgxNy4wIKXMDSoASAFQAw%3D%3D",2026-08-21T03:30:58.394759+00:00
f826d14d2705dfc20f0014bb,pupesdm,Dinas PUP-ESDM DIY,google_maps,Deddy Trianto,Fieldtrip diklat ppp bappenas KPBU SPAM Kamijoro,5.0,7 tahun lalu,"https://www.google.com/maps/place/Dinas+Pekerjaan+Umum,+Perumahan+Dan+Energi+Sumber+Daya+Mineral+Daerah+Istimewa+Yogyakarta/@-7.7861887,110.3602251,17z/data=!4m8!3m7!1s0x2e7a5824ccc169f7:0x43b18867d78d6c59!8m2!3d-7.786194!4d110.3628!9m1!1b1!16s%2Fg%2F1hm6fk4x2?entry=ttu&g_ep=EgoyMDI2MDgxNy4wIKXMDSoASAFQAw%3D%3D",2026-08-21T03:30:58.489244+00:00
b47b03a5acafddebbf0a28a9,pupesdm,Dinas PUP-ESDM DIY,google_maps,Anditya Nandhatama,"kalau pagi lewat sini brkt kerja kudu hati2, satpam asal motong jalan mendadak.",3.0,2 tahun lalu,"https://www.google.com/maps/place/Dinas+Pekerjaan+Umum,+Perumahan+Dan+Energi+Sumber+Daya+Mineral+Daerah+Istimewa+Yogyakarta/@-7.7861887,110.3602251,17z/data=!4m8!3m7!1s0x2e7a5824ccc169f7:0x43b18867d78d6c59!8m2!3d-7.786194!4d110.3628!9m1!1b1!16s%2Fg%2F1hm6fk4x2?entry=ttu&g_ep=EgoyMDI2MDgxNy4wIKXMDSoASAFQAw%3D%3D",2026-08-21T03:30:58.588104+00:00
d3e0a51aacfa9594ca9b4743,pupesdm,Dinas PUP-ESDM DIY,google_maps,Ayahe Dhifa,"Dalam rangka tugas kantor, mengantar perlengkapan umroh untuk jamaah.
Tempatnya bagus bersih dan nyaman.",4.0,6 tahun lalu,"https://www.google.com/maps/place/Dinas+Pekerjaan+Umum,+Perumahan+Dan+Energi+Sumber+Daya+Mineral+Daerah+Istimewa+Yogyakarta/@-7.7861887,110.3602251,17z/data=!4m8!3m7!1s0x2e7a5824ccc169f7:0x43b18867d78d6c59!8m2!3d-7.786194!4d110.3628!9m1!1b1!16s%2Fg%2F1hm6fk4x2?entry=ttu&g_ep=EgoyMDI2MDgxNy4wIKXMDSoASAFQAw%3D%3D",2026-08-21T03:30:58.684168+00:00
ae314844a1adbab101d989d8,pupesdm,Dinas PUP-ESDM DIY,google_maps,Rosita Dewi,nomer telfon yang tertera tidak ada yang bisa dihubungi. Sangat amat disayangkan sekedar mencari info harus kelokasi tidak bisa via telfon saja.,1.0,9 tahun lalu,"https://www.google.com/maps/place/Dinas+Pekerjaan+Umum,+Perumahan+Dan+Energi+Sumber+Daya+Mineral+Daerah+Istimewa+Yogyakarta/@-7.7861887,110.3602251,17z/data=!4m8!3m7!1s0x2e7a5824ccc169f7:0x43b18867d78d6c59!8m2!3d-7.786194!4d110.3628!9m1!1b1!16s%2Fg%2F1hm6fk4x2?entry=ttu&g_ep=EgoyMDI2MDgxNy4wIKXMDSoASAFQAw%3D%3D",2026-08-21T03:30:58.786788+00:00
5ae04170f7b14d7994bd5584,pupesdm,Dinas PUP-ESDM DIY,google_maps,Ari Gogon,"Pernah numpang mencari nafkah di sini,matursuwun",5.0,3 tahun lalu,"https://www.google.com/maps/place/Dinas+Pekerjaan+Umum,+Perumahan+Dan+Energi+Sumber+Daya+Mineral+Daerah+Istimewa+Yogyakarta/@-7.7861887,110.3602251,17z/data=!4m8!3m7!1s0x2e7a5824ccc169f7:0x43b18867d78d6c59!8m2!3d-7.786194!4d110.3628!9m1!1b1!16s%2Fg%2F1hm6fk4x2?entry=ttu&g_ep=EgoyMDI2MDgxNy4wIKXMDSoASAFQAw%3D%3D",2026-08-21T03:30:58.888274+00:00
2aa7d0ebe0557f3c7b104a7a,pupesdm,Dinas PUP-ESDM DIY,google_maps,Gojek Driver Jogja G5,Siap melayani,5.0,Diedit 9 tahun lalu,"https://www.google.com/maps/place/Dinas+Pekerjaan+Umum,+Perumahan+Dan+Energi+Sumber+Daya+Mineral+Daerah+Istimewa+Yogyakarta/@-7.7861887,110.3602251,17z/data=!4m8!3m7!1s0x2e7a5824ccc169f7:0x43b18867d78d6c59!8m2!3d-7.786194!4d110.3628!9m1!1b1!16s%2Fg%2F1hm6fk4x2?entry=ttu&g_ep=EgoyMDI2MDgxNy4wIKXMDSoASAFQAw%3D%3D",2026-08-21T03:30:58.987548+00:00
971de057c3a58b3ba7fadba4,pupesdm,Dinas PUP-ESDM DIY,google_maps,Sumar Yono,"Keren semoga,lancar bantuannya rumah layak huni.",5.0,3 tahun lalu,"https://www.google.com/maps/place/Dinas+Pekerjaan+Umum,+Perumahan+Dan+Energi+Sumber+Daya+Mineral+Daerah+Istimewa+Yogyakarta/@-7.7861887,110.3602251,17z/data=!4m8!3m7!1s0x2e7a5824ccc169f7:0x43b18867d78d6c59!8m2!3d-7.786194!4d110.3628!9m1!1b1!16s%2Fg%2F1hm6fk4x2?entry=ttu&g_ep=EgoyMDI2MDgxNy4wIKXMDSoASAFQAw%3D%3D",2026-08-21T03:30:59.090688+00:00
ea100f6d22c5ab6fedfd157a,pupesdm,Dinas PUP-ESDM DIY,google_maps,Rafael Dygta Putra Arindria,Mantap,5.0,6 bulan lalu,"https://www.google.com/maps/place/Dinas+Pekerjaan+Umum,+Perumahan+Dan+Energi+Sumber+Daya+Mineral+Daerah+Istimewa+Yogyakarta/@-7.7861887,110.3602251,17z/data=!4m8!3m7!1s0x2e7a5824ccc169f7:0x43b18867d78d6c59!8m2!3d-7.786194!4d110.3628!9m1!1b1!16s%2Fg%2F1hm6fk4x2?entry=ttu&g_ep=EgoyMDI2MDgxNy4wIKXMDSoASAFQAw%3D%3D",2026-08-21T03:30:59.186330+00:00
c4b9e7e110b574593e0f5958,pupesdm,Dinas PUP-ESDM DIY,google_maps,Yaya Tami,Ini masuk Kementerian PUPR atau ESDM?,4.0,setahun lalu,"https://www.google.com/maps/place/Dinas+Pekerjaan+Umum,+Perumahan+Dan+Energi+Sumber+Daya+Mineral+Daerah+Istimewa+Yogyakarta/@-7.7861887,110.3602251,17z/data=!4m8!3m7!1s0x2e7a5824ccc169f7:0x43b18867d78d6c59!8m2!3d-7.786194!4d110.3628!9m1!1b1!16s%2Fg%2F1hm6fk4x2?entry=ttu&g_ep=EgoyMDI2MDgxNy4wIKXMDSoASAFQAw%3D%3D",2026-08-21T03:30:59.287040+00:00
e6ca2f277acba32fe7a66012,pupesdm,Dinas PUP-ESDM DIY,google_maps,Tresia Handayani,"Kantor Dinas Pekerjaan Umum, Perumahan dan Energi Sumber Daya Mineral DIY",5.0,7 tahun lalu,"https://www.google.com/maps/place/Dinas+Pekerjaan+Umum,+Perumahan+Dan+Energi+Sumber+Daya+Mineral+Daerah+Istimewa+Yogyakarta/@-7.7861887,110.3602251,17z/data=!4m8!3m7!1s0x2e7a5824ccc169f7:0x43b18867d78d6c59!8m2!3d-7.786194!4d110.3628!9m1!1b1!16s%2Fg%2F1hm6fk4x2?entry=ttu&g_ep=EgoyMDI2MDgxNy4wIKXMDSoASAFQAw%3D%3D",2026-08-21T03:30:59.410449+00:00
f3123e223224e5b2ee1d652f,pupesdm,Dinas PUP-ESDM DIY,google_maps,server scada,Tempat mengurus yang berhubungan dengan PU,5.0,3 tahun lalu,"https://www.google.com/maps/place/Dinas+Pekerjaan+Umum,+Perumahan+Dan+Energi+Sumber+Daya+Mineral+Daerah+Istimewa+Yogyakarta/@-7.7861887,110.3602251,17z/data=!4m8!3m7!1s0x2e7a5824ccc169f7:0x43b18867d78d6c59!8m2!3d-7.786194!4d110.3628!9m1!1b1!16s%2Fg%2F1hm6fk4x2?entry=ttu&g_ep=EgoyMDI2MDgxNy4wIKXMDSoASAFQAw%3D%3D",2026-08-21T03:30:59.510439+00:00
67e915a2d841f476ea02a5f6,pupesdm,Dinas PUP-ESDM DIY,google_maps,DARMAWAN TIYANG JOGJA,Rapat,4.0,4 tahun lalu,"https://www.google.com/maps/place/Dinas+Pekerjaan+Umum,+Perumahan+Dan+Energi+Sumber+Daya+Mineral+Daerah+Istimewa+Yogyakarta/@-7.7861887,110.3602251,17z/data=!4m8!3m7!1s0x2e7a5824ccc169f7:0x43b18867d78d6c59!8m2!3d-7.786194!4d110.3628!9m1!1b1!16s%2Fg%2F1hm6fk4x2?entry=ttu&g_ep=EgoyMDI2MDgxNy4wIKXMDSoASAFQAw%3D%3D",2026-08-21T03:30:59.612596+00:00
0e66eeb287e2f0d0845569df,pupesdm,Dinas PUP-ESDM DIY,google_maps,setyadi arien,Pelayanan infrastruktur kewenangan Pemda DIY.,4.0,8 tahun lalu,"https://www.google.com/maps/place/Dinas+Pekerjaan+Umum,+Perumahan+Dan+Energi+Sumber+Daya+Mineral+Daerah+Istimewa+Yogyakarta/@-7.7861887,110.3602251,17z/data=!4m8!3m7!1s0x2e7a5824ccc169f7:0x43b18867d78d6c59!8m2!3d-7.786194!4d110.3628!9m1!1b1!16s%2Fg%2F1hm6fk4x2?entry=ttu&g_ep=EgoyMDI2MDgxNy4wIKXMDSoASAFQAw%3D%3D",2026-08-21T03:30:59.714367+00:00
5bd4396caa1b1bdc5afeb989,pupesdm,Dinas PUP-ESDM DIY,google_maps,Mayla satya (Mayla),Bagus bersih ramah,5.0,3 tahun lalu,"https://www.google.com/maps/place/Dinas+Pekerjaan+Umum,+Perumahan+Dan+Energi+Sumber+Daya+Mineral+Daerah+Istimewa+Yogyakarta/@-7.7861887,110.3602251,17z/data=!4m8!3m7!1s0x2e7a5824ccc169f7:0x43b18867d78d6c59!8m2!3d-7.786194!4d110.3628!9m1!1b1!16s%2Fg%2F1hm6fk4x2?entry=ttu&g_ep=EgoyMDI2MDgxNy4wIKXMDSoASAFQAw%3D%3D",2026-08-21T03:30:59.834858+00:00
5230424d31424c2761892e88,pupesdm,Dinas PUP-ESDM DIY,google_maps,Bayu Dista,PELAYANAN BAIK,5.0,11 bulan lalu,"https://www.google.com/maps/place/Dinas+Pekerjaan+Umum,+Perumahan+Dan+Energi+Sumber+Daya+Mineral+Daerah+Istimewa+Yogyakarta/@-7.7861887,110.3602251,17z/data=!4m8!3m7!1s0x2e7a5824ccc169f7:0x43b18867d78d6c59!8m2!3d-7.786194!4d110.3628!9m1!1b1!16s%2Fg%2F1hm6fk4x2?entry=ttu&g_ep=EgoyMDI2MDgxNy4wIKXMDSoASAFQAw%3D%3D",2026-08-21T03:30:59.938558+00:00
5f5940259e4f665943132dbb,pupesdm,Dinas PUP-ESDM DIY,google_maps,Narung Umeng,Dekat tengah kota,5.0,3 tahun lalu,"https://www.google.com/maps/place/Dinas+Pekerjaan+Umum,+Perumahan+Dan+Energi+Sumber+Daya+Mineral+Daerah+Istimewa+Yogyakarta/@-7.7861887,110.3602251,17z/data=!4m8!3m7!1s0x2e7a5824ccc169f7:0x43b18867d78d6c59!8m2!3d-7.786194!4d110.3628!9m1!1b1!16s%2Fg%2F1hm6fk4x2?entry=ttu&g_ep=EgoyMDI2MDgxNy4wIKXMDSoASAFQAw%3D%3D",2026-08-21T03:31:00.039037+00:00
2d2c57bbac8807e217fc1edb,pupesdm,Dinas PUP-ESDM DIY,google_maps,Sutapa Sutapa,Lumayan bagus,3.0,3 tahun lalu,"https://www.google.com/maps/place/Dinas+Pekerjaan+Umum,+Perumahan+Dan+Energi+Sumber+Daya+Mineral+Daerah+Istimewa+Yogyakarta/@-7.7861887,110.3602251,17z/data=!4m8!3m7!1s0x2e7a5824ccc169f7:0x43b18867d78d6c59!8m2!3d-7.786194!4d110.3628!9m1!1b1!16s%2Fg%2F1hm6fk4x2?entry=ttu&g_ep=EgoyMDI2MDgxNy4wIKXMDSoASAFQAw%3D%3D",2026-08-21T03:31:00.142775+00:00
c57629642feddceaee27dfbf,pupesdm,Dinas PUP-ESDM DIY,google_maps,Scorpio 96,Hari ini ada Rapat ?,5.0,2 tahun lalu,"https://www.google.com/maps/place/Dinas+Pekerjaan+Umum,+Perumahan+Dan+Energi+Sumber+Daya+Mineral+Daerah+Istimewa+Yogyakarta/@-7.7861887,110.3602251,17z/data=!4m8!3m7!1s0x2e7a5824ccc169f7:0x43b18867d78d6c59!8m2!3d-7.786194!4d110.3628!9m1!1b1!16s%2Fg%2F1hm6fk4x2?entry=ttu&g_ep=EgoyMDI2MDgxNy4wIKXMDSoASAFQAw%3D%3D",2026-08-21T03:31:00.244251+00:00
d62f94a1a968cb0fa2e4b537,pupesdm,Dinas PUP-ESDM DIY,google_maps,Yugo Iskandar,Besok PKL DISITU AKU,5.0,8 tahun lalu,"https://www.google.com/maps/place/Dinas+Pekerjaan+Umum,+Perumahan+Dan+Energi+Sumber+Daya+Mineral+Daerah+Istimewa+Yogyakarta/@-7.7861887,110.3602251,17z/data=!4m8!3m7!1s0x2e7a5824ccc169f7:0x43b18867d78d6c59!8m2!3d-7.786194!4d110.3628!9m1!1b1!16s%2Fg%2F1hm6fk4x2?entry=ttu&g_ep=EgoyMDI2MDgxNy4wIKXMDSoASAFQAw%3D%3D",2026-08-21T03:31:00.347750+00:00
f7d536daef882b28ae6e0637,pupesdm,Dinas PUP-ESDM DIY,google_maps,Rio Ade,Pelayanan baik,5.0,3 tahun lalu,"https://www.google.com/maps/place/Dinas+Pekerjaan+Umum,+Perumahan+Dan+Energi+Sumber+Daya+Mineral+Daerah+Istimewa+Yogyakarta/@-7.7861887,110.3602251,17z/data=!4m8!3m7!1s0x2e7a5824ccc169f7:0x43b18867d78d6c59!8m2!3d-7.786194!4d110.3628!9m1!1b1!16s%2Fg%2F1hm6fk4x2?entry=ttu&g_ep=EgoyMDI2MDgxNy4wIKXMDSoASAFQAw%3D%3D",2026-08-21T03:31:00.449698+00:00
6ea5f07a32a0840050692e3f,pupesdm,Dinas PUP-ESDM DIY,google_maps,Adi Hariadi,Lama,4.0,4 tahun lalu,"https://www.google.com/maps/place/Dinas+Pekerjaan+Umum,+Perumahan+Dan+Energi+Sumber+Daya+Mineral+Daerah+Istimewa+Yogyakarta/@-7.7861887,110.3602251,17z/data=!4m8!3m7!1s0x2e7a5824ccc169f7:0x43b18867d78d6c59!8m2!3d-7.786194!4d110.3628!9m1!1b1!16s%2Fg%2F1hm6fk4x2?entry=ttu&g_ep=EgoyMDI2MDgxNy4wIKXMDSoASAFQAw%3D%3D",2026-08-21T03:31:00.548546+00:00
9147be5a000a5211c6c0c3f8,pupesdm,Dinas PUP-ESDM DIY,google_maps,dimas eni,Menelusuri.,5.0,9 tahun lalu,"https://www.google.com/maps/place/Dinas+Pekerjaan+Umum,+Perumahan+Dan+Energi+Sumber+Daya+Mineral+Daerah+Istimewa+Yogyakarta/@-7.7861887,110.3602251,17z/data=!4m8!3m7!1s0x2e7a5824ccc169f7:0x43b18867d78d6c59!8m2!3d-7.786194!4d110.3628!9m1!1b1!16s%2Fg%2F1hm6fk4x2?entry=ttu&g_ep=EgoyMDI2MDgxNy4wIKXMDSoASAFQAw%3D%3D",2026-08-21T04:08:23.471399+00:00
b1b4d7a35e27acc25aa0712a,pupesdm,Dinas PUP-ESDM DIY,google_maps,Rudi Abat,Tegukan,4.0,4 tahun lalu,"https://www.google.com/maps/place/Dinas+Pekerjaan+Umum,+Perumahan+Dan+Energi+Sumber+Daya+Mineral+Daerah+Istimewa+Yogyakarta/@-7.7861887,110.3602251,17z/data=!4m8!3m7!1s0x2e7a5824ccc169f7:0x43b18867d78d6c59!8m2!3d-7.786194!4d110.3628!9m1!1b1!16s%2Fg%2F1hm6fk4x2?entry=ttu&g_ep=EgoyMDI2MDgxNy4wIKXMDSoASAFQAw%3D%3D",2026-08-21T04:08:23.569607+00:00
b488d5c43258c626a69e573c,pupesdm,Dinas PUP-ESDM DIY,google_maps,Sat Moko,Tetaplah termotivasi.,5.0,9 tahun lalu,"https://www.google.com/maps/place/Dinas+Pekerjaan+Umum,+Perumahan+Dan+Energi+Sumber+Daya+Mineral+Daerah+Istimewa+Yogyakarta/@-7.7861887,110.3602251,17z/data=!4m8!3m7!1s0x2e7a5824ccc169f7:0x43b18867d78d6c59!8m2!3d-7.786194!4d110.3628!9m1!1b1!16s%2Fg%2F1hm6fk4x2?entry=ttu&g_ep=EgoyMDI2MDgxNy4wIKXMDSoASAFQAw%3D%3D",2026-08-21T04:08:23.718410+00:00
2eddd48cad167c884c3d24d0,pupesdm,Dinas PUP-ESDM DIY,google_maps,yohanes kurniawan,Joss,5.0,8 tahun lalu,"https://www.google.com/maps/place/Dinas+Pekerjaan+Umum,+Perumahan+Dan+Energi+Sumber+Daya+Mineral+Daerah+Istimewa+Yogyakarta/@-7.7861887,110.3602251,17z/data=!4m8!3m7!1s0x2e7a5824ccc169f7:0x43b18867d78d6c59!8m2!3d-7.786194!4d110.3628!9m1!1b1!16s%2Fg%2F1hm6fk4x2?entry=ttu&g_ep=EgoyMDI2MDgxNy4wIKXMDSoASAFQAw%3D%3D",2026-08-21T04:08:23.811354+00:00
ec96cdb9853159e74a56f93d,pupesdm,Dinas PUP-ESDM DIY,google_maps,jogjapaperbag kreasindo,Oke,5.0,8 tahun lalu,"https://www.google.com/maps/place/Dinas+Pekerjaan+Umum,+Perumahan+Dan+Energi+Sumber+Daya+Mineral+Daerah+Istimewa+Yogyakarta/@-7.7861887,110.3602251,17z/data=!4m8!3m7!1s0x2e7a5824ccc169f7:0x43b18867d78d6c59!8m2!3d-7.786194!4d110.3628!9m1!1b1!16s%2Fg%2F1hm6fk4x2?entry=ttu&g_ep=EgoyMDI2MDgxNy4wIKXMDSoASAFQAw%3D%3D",2026-08-21T04:08:23.911250+00:00
743999835d950364a9a761dd,pupesdm,Dinas PUP-ESDM DIY,google_maps,Ag Gunawan,Tempat yang bagus,5.0,9 tahun lalu,"https://www.google.com/maps/place/Dinas+Pekerjaan+Umum,+Perumahan+Dan+Energi+Sumber+Daya+Mineral+Daerah+Istimewa+Yogyakarta/@-7.7861887,110.3602251,17z/data=!4m8!3m7!1s0x2e7a5824ccc169f7:0x43b18867d78d6c59!8m2!3d-7.786194!4d110.3628!9m1!1b1!16s%2Fg%2F1hm6fk4x2?entry=ttu&g_ep=EgoyMDI2MDgxNy4wIKXMDSoASAFQAw%3D%3D",2026-08-21T04:08:24.010196+00:00
c393fffe5de792a3668be208,pupesdm,Dinas PUP-ESDM DIY,google_maps,Mega Nur Pratiwi,Menyesap,5.0,3 tahun lalu,"https://www.google.com/maps/place/Dinas+Pekerjaan+Umum,+Perumahan+Dan+Energi+Sumber+Daya+Mineral+Daerah+Istimewa+Yogyakarta/@-7.7861887,110.3602251,17z/data=!4m8!3m7!1s0x2e7a5824ccc169f7:0x43b18867d78d6c59!8m2!3d-7.786194!4d110.3628!9m1!1b1!16s%2Fg%2F1hm6fk4x2?entry=ttu&g_ep=EgoyMDI2MDgxNy4wIKXMDSoASAFQAw%3D%3D",2026-08-21T04:08:24.105820+00:00
